gene,Cell1,Cell2,Cell3,Cell4,Cell5,Cell6,Cell7,Cell8,Cell9,Cell10,Cell11,Cell12,Cell13,Cell14,Cell15,Cell16,Cell17,Cell18,Cell19,Cell20,Cell21,Cell22,Cell23,Cell24,Cell25,Cell26,Cell27,Cell28,Cell29,Cell30,Cell31,Cell32,Cell33,Cell34,Cell35,Cell36,Cell37,Cell38,Cell39,Cell40,Cell41,Cell42,Cell43,Cell44,Cell45,Cell46,Cell47,Cell48,Cell49,Cell50,Cell51,Cell52,Cell53,Cell54,Cell55,Cell56,Cell57,Cell58,Cell59,Cell60,Cell61,Cell62,Cell63,Cell64,Cell65,Cell66,Cell67,Cell68,Cell69,Cell70,Cell71,Cell72,Cell73,Cell74,Cell75,Cell76,Cell77,Cell78,Cell79,Cell80,Cell81,Cell82,Cell83,Cell84,Cell85,Cell86,Cell87,Cell88,Cell89,Cell90,Cell91,Cell92,Cell93,Cell94,Cell95,Cell96,Cell97,Cell98,Cell99,Cell100,Cell101,Cell102,Cell103,Cell104,Cell105,Cell106,Cell107,Cell108,Cell109,Cell110,Cell111,Cell112,Cell113,Cell114,Cell115,Cell116,Cell117,Cell118,Cell119,Cell120,Cell121,Cell122,Cell123,Cell124,Cell125,Cell126,Cell127,Cell128,Cell129,Cell130,Cell131,Cell132,Cell133,Cell134,Cell135,Cell136,Cell137,Cell138,Cell139,Cell140,Cell141,Cell142,Cell143,Cell144,Cell145,Cell146,Cell147,Cell148,Cell149,Cell150,Cell151,Cell152,Cell153,Cell154,Cell155,Cell156,Cell157,Cell158,Cell159,Cell160,Cell161,Cell162,Cell163,Cell164,Cell165,Cell166,Cell167,Cell168,Cell169,Cell170,Cell171,Cell172,Cell173,Cell174,Cell175,Cell176,Cell177,Cell178,Cell179,Cell180,Cell181,Cell182,Cell183,Cell184,Cell185,Cell186,Cell187,Cell188,Cell189,Cell190,Cell191,Cell192,Cell193,Cell194,Cell195,Cell196,Cell197,Cell198,Cell199,Cell200,Cell201,Cell202,Cell203,Cell204,Cell205,Cell206,Cell207,Cell208,Cell209,Cell210,Cell211,Cell212,Cell213,Cell214,Cell215,Cell216,Cell217,Cell218,Cell219,Cell220,Cell221,Cell222,Cell223,Cell224,Cell225,Cell226,Cell227,Cell228,Cell229,Cell230,Cell231,Cell232,Cell233,Cell234,Cell235,Cell236,Cell237,Cell238,Cell239,Cell240,Cell241,Cell242,Cell243,Cell244,Cell245,Cell246,Cell247,Cell248,Cell249,Cell250,Cell251,Cell252,Cell253,Cell254,Cell255,Cell256,Cell257,Cell258,Cell259,Cell260,Cell261,Cell262,Cell263,Cell264,Cell265,Cell266,Cell267,Cell268,Cell269,Cell270,Cell271,Cell272,Cell273,Cell274,Cell275,Cell276,Cell277,Cell278,Cell279,Cell280,Cell281,Cell282,Cell283,Cell284,Cell285,Cell286,Cell287,Cell288,Cell289,Cell290,Cell291,Cell292,Cell293,Cell294,Cell295,Cell296,Cell297,Cell298,Cell299,Cell300
Gene1,13,12,12,13,15,13,13,13,15,14,17,18,5,17,16,23,15,17,15,17,21,19,12,16,16,11,18,14,20,15,9,15,14,18,20,18,15,18,14,15,13,17,19,26,10,21,13,13,12,24,17,16,13,20,16,18,13,20,15,19,28,16,17,13,20,13,18,18,22,15,14,12,20,22,20,22,15,13,26,17,20,15,15,15,15,14,16,12,22,15,12,14,16,15,15,22,20,15,13,6,0,0,1,1,2,2,1,0,1,0,2,2,1,0,1,4,0,1,1,0,1,1,2,2,3,3,3,0,0,1,2,0,0,1,0,1,0,2,2,1,1,1,1,2,2,0,1,1,1,1,1,1,0,1,0,1,1,2,3,2,0,3,0,2,0,1,1,1,2,1,1,1,0,2,1,1,1,1,1,3,0,1,3,0,1,0,0,2,1,1,2,1,1,1,1,1,2,2,0,3,1,1,1,1,2,1,1,1,3,2,3,0,2,1,2,1,1,1,0,1,3,1,1,1,1,1,2,0,0,2,3,0,1,3,4,0,0,2,0,2,1,1,1,0,2,2,3,1,1,1,1,1,2,1,1,1,2,0,1,1,1,1,1,0,2,1,2,1,1,1,1,0,0,2,1,0,2,0,0,1,1,1,1,2,0,2,1,2,2,0,0,0,0,3,0,0,0,1,0,1
Gene2,21,16,15,14,18,8,14,16,21,17,14,19,15,13,12,16,17,12,19,7,19,13,7,12,18,14,16,16,14,19,21,15,16,18,20,7,14,15,16,16,18,9,16,22,18,16,23,14,17,22,22,15,21,18,17,14,19,10,11,8,20,19,14,13,18,15,12,21,15,17,19,12,14,12,20,19,15,18,12,17,17,20,15,15,11,9,15,10,8,16,15,17,16,17,24,20,19,21,11,23,1,0,0,0,0,0,0,3,1,2,1,1,1,1,2,0,2,2,1,0,0,0,1,1,0,0,0,1,1,2,2,0,2,0,0,1,3,0,0,1,3,0,0,0,0,2,1,0,0,0,2,0,2,0,0,0,1,1,1,2,0,1,2,0,1,0,1,0,0,1,0,0,0,2,2,1,1,2,3,2,0,0,2,0,0,3,2,1,1,1,1,1,0,0,1,0,1,1,0,1,0,2,0,1,1,2,1,1,0,2,3,2,0,1,2,0,2,0,0,1,2,0,0,1,2,0,0,1,0,4,2,1,1,0,2,1,0,1,0,1,2,0,0,2,0,1,2,0,3,0,1,3,2,1,0,1,0,1,1,0,0,0,1,0,0,1,1,1,0,0,3,0,1,2,0,0,0,4,1,0,3,2,0,1,0,1,0,0,2,1,1,1,1,0,0,1,1,1,2,0
Gene3,17,19,11,15,16,15,14,19,22,18,11,15,21,11,14,19,11,9,23,19,14,16,13,12,16,14,11,19,14,16,17,14,14,11,25,13,12,20,10,20,13,15,10,14,12,18,19,14,24,17,15,21,17,22,18,25,16,21,18,11,26,15,22,11,22,22,10,14,23,23,17,16,21,13,17,14,22,14,16,16,12,21,19,17,10,17,15,9,16,20,16,22,9,15,15,17,17,17,22,17,1,1,1,0,0,2,0,0,0,2,0,2,1,2,1,0,0,0,0,2,0,1,2,2,1,3,2,2,4,0,1,2,0,1,4,0,1,3,0,0,1,1,0,1,3,1,0,1,0,0,1,2,1,0,1,0,1,1,0,0,2,2,0,1,1,1,0,1,1,1,0,0,0,1,1,0,0,0,2,1,0,1,2,0,2,0,4,3,2,2,2,1,0,1,1,2,0,0,2,0,1,4,0,0,1,1,1,1,0,0,0,0,0,0,1,1,2,0,1,2,0,0,0,1,0,3,1,0,3,1,1,1,0,1,1,1,1,1,0,1,0,0,4,1,2,2,0,1,1,1,0,2,2,0,0,1,1,1,2,2,1,2,1,1,1,1,1,0,2,0,1,2,1,1,3,3,1,2,0,3,2,2,1,1,1,0,0,0,1,2,1,2,0,2,0,2,1,0,0,0
Gene4,12,20,16,18,15,11,11,16,14,15,25,15,15,30,9,11,17,16,15,19,18,18,13,13,13,14,12,16,14,16,15,16,20,22,13,12,17,17,15,15,18,17,14,18,14,16,15,20,7,15,16,17,17,19,14,16,17,11,15,15,10,10,14,20,11,17,23,17,15,13,11,13,16,15,17,17,20,16,12,23,18,18,18,17,16,17,20,17,13,28,19,16,10,19,16,15,22,18,18,19,3,1,0,1,0,0,4,0,1,0,0,1,0,0,2,0,1,0,1,1,0,1,1,1,4,0,0,2,0,1,1,3,1,2,0,0,0,1,1,2,2,0,0,0,0,2,2,1,0,0,2,1,0,2,0,2,2,1,0,0,1,0,1,0,3,1,0,1,0,0,0,1,0,0,2,1,0,0,4,1,1,0,1,2,2,0,1,2,0,1,0,2,1,2,0,1,2,1,0,1,0,0,1,0,0,1,0,1,3,0,2,1,1,0,0,1,0,2,2,0,0,2,0,0,1,1,0,1,0,1,0,3,1,0,1,0,1,0,1,0,0,1,0,0,0,0,0,1,0,1,1,2,1,1,3,1,2,0,1,2,2,0,1,2,1,1,0,1,0,0,2,0,0,1,1,0,3,0,1,4,3,0,2,1,3,1,0,1,1,0,4,2,0,1,0,0,0,0,3,0
Gene5,16,17,21,19,11,15,23,13,18,16,14,13,17,6,11,16,14,19,15,18,10,10,18,21,11,21,13,18,24,15,15,19,18,11,11,9,9,15,17,23,18,21,17,17,12,12,17,11,11,12,12,17,11,12,20,18,13,18,21,27,17,14,19,13,14,23,11,14,14,15,14,17,24,14,16,17,18,16,14,19,14,23,16,17,15,12,15,12,24,16,19,19,19,8,20,12,20,14,13,14,2,1,1,0,2,0,0,3,0,0,1,0,1,2,0,2,0,1,1,0,2,1,2,0,0,0,0,1,1,1,3,1,0,1,3,0,0,0,0,1,0,0,1,1,1,1,0,1,0,1,1,0,0,2,2,1,0,3,2,1,1,1,1,1,1,2,1,1,4,0,2,0,1,0,2,0,2,2,0,3,0,1,4,1,1,1,2,0,1,1,3,0,2,1,0,5,0,1,2,2,1,2,1,1,0,1,3,0,0,0,0,1,0,1,1,0,1,1,1,1,1,2,0,0,0,0,3,1,2,2,0,4,1,3,1,2,3,0,0,3,1,0,1,0,0,1,1,2,1,0,2,1,1,1,0,0,0,1,2,2,0,3,0,0,2,0,0,0,0,0,0,0,0,1,0,2,1,1,2,1,2,2,1,1,2,2,1,1,1,1,2,1,2,1,0,1,0,1,0,2
Gene6,15,13,13,21,14,9,15,16,13,10,13,27,23,18,17,18,20,21,10,12,12,17,16,20,18,20,12,24,16,13,16,9,18,16,13,21,9,24,17,10,18,21,15,19,9,16,11,11,14,8,9,11,16,16,9,24,18,17,19,22,14,15,13,18,8,20,18,11,25,21,13,19,14,17,15,18,14,16,20,17,17,19,10,12,18,22,24,17,13,15,18,20,14,14,22,18,14,22,18,21,0,0,0,1,4,1,1,1,2,1,3,2,3,1,6,0,1,1,0,1,1,0,0,0,0,0,2,1,2,1,3,1,1,0,0,3,2,1,0,1,1,2,0,1,1,1,0,5,2,0,2,2,0,1,0,0,3,0,0,1,1,2,1,2,2,1,1,3,1,2,0,0,1,1,0,0,0,1,2,0,1,1,2,0,1,2,0,0,2,2,0,0,2,0,0,1,0,2,1,0,0,0,0,3,2,1,1,3,0,2,2,1,1,0,1,0,1,2,1,1,1,0,1,1,1,1,1,0,1,1,0,1,3,0,0,1,1,1,2,1,0,0,2,0,0,1,0,1,1,0,0,1,0,1,0,1,3,3,2,0,0,2,2,1,1,1,2,1,0,0,0,0,0,1,0,0,1,1,2,0,0,0,2,1,0,0,2,2,0,1,3,4,1,0,2,0,1,3,1,1
Gene7,22,13,26,13,17,21,14,17,13,20,17,26,17,20,13,14,17,10,14,14,9,16,11,15,14,15,21,15,15,17,13,13,16,21,15,21,17,11,21,22,12,10,15,13,17,18,14,16,15,13,12,12,16,20,16,11,12,25,12,14,11,13,17,16,14,19,13,22,15,20,17,17,11,17,17,12,10,8,15,14,17,12,21,10,19,14,19,10,14,21,11,13,14,19,22,13,12,16,18,20,0,1,0,1,0,0,2,1,2,0,0,0,1,0,0,1,3,0,1,0,2,0,4,1,1,1,0,0,0,3,2,0,1,0,0,0,1,1,0,1,1,3,1,0,4,0,0,0,0,1,1,1,1,0,0,0,2,1,0,1,0,0,1,2,0,4,0,0,1,1,1,1,0,0,0,2,1,2,0,1,0,3,1,0,0,2,1,1,1,1,0,0,0,1,1,0,2,0,0,2,1,1,0,1,0,2,1,0,2,0,0,0,1,2,0,1,0,0,0,1,1,3,0,0,0,0,0,3,2,0,0,1,1,2,0,2,2,0,0,2,1,2,2,2,2,0,0,0,2,2,3,1,0,2,0,1,2,1,0,0,0,1,0,2,0,0,0,1,1,4,1,1,1,2,0,1,0,0,0,0,0,0,1,0,0,0,2,1,1,1,1,2,1,1,1,1,0,1,1,0
Gene8,19,9,17,18,24,22,17,14,21,20,5,20,25,14,7,14,21,13,14,24,17,18,16,19,10,18,17,9,23,23,14,15,23,9,21,16,16,16,17,23,14,19,19,14,10,21,19,13,16,9,19,18,18,16,14,20,15,14,14,16,15,11,14,16,20,14,12,15,15,9,13,18,14,18,15,16,14,18,18,20,19,18,19,17,27,13,25,16,12,18,17,20,23,12,21,15,19,12,18,25,2,2,1,1,2,0,3,0,2,2,0,1,0,0,1,0,1,1,2,1,1,1,0,0,1,3,1,0,1,0,0,1,0,0,0,1,2,1,0,3,0,0,1,3,4,1,2,0,1,0,0,1,1,2,0,3,0,1,2,1,0,1,3,1,1,2,0,0,0,1,2,2,1,0,2,0,1,0,1,1,1,0,0,0,2,0,1,0,3,2,1,0,1,2,2,1,2,3,1,2,1,0,2,0,0,1,1,1,0,0,0,0,1,1,2,1,1,1,0,2,2,2,0,1,1,0,0,0,0,5,0,1,1,0,1,2,2,0,1,1,2,0,1,1,1,1,1,1,1,2,0,0,1,2,2,0,1,2,1,1,3,3,0,1,2,1,4,0,1,1,1,0,1,0,0,1,0,0,0,2,2,0,3,0,1,0,0,1,1,3,0,0,0,0,2,2,0,0,1,0
Gene9,18,13,19,18,12,21,21,20,11,20,17,8,11,22,15,19,12,20,15,20,14,18,10,15,27,20,12,19,17,18,19,16,12,17,17,14,23,12,17,14,16,11,12,15,16,17,17,16,18,17,12,18,15,14,7,16,24,15,26,23,16,14,14,28,13,16,24,18,11,19,15,8,12,12,14,17,9,20,16,17,14,17,17,12,12,13,18,29,12,25,14,12,12,16,16,17,21,17,21,15,1,0,1,1,4,0,0,0,0,1,0,1,0,1,1,0,2,0,0,0,0,0,0,0,0,1,2,2,2,1,1,2,0,1,1,1,2,0,0,1,1,0,0,1,1,1,0,1,3,1,0,0,2,0,2,0,1,0,0,0,0,0,0,1,2,2,2,1,1,3,2,1,2,4,1,2,2,0,0,2,1,2,2,1,1,0,3,4,1,0,1,0,0,0,2,3,0,1,1,0,0,0,1,0,0,2,1,1,0,1,4,1,3,0,1,0,1,2,3,1,2,0,0,0,1,1,2,1,1,1,2,1,0,3,2,1,2,2,3,0,1,0,0,0,1,0,0,3,1,1,0,0,2,1,1,1,2,1,0,1,1,1,0,2,0,4,1,4,2,0,0,3,0,1,2,1,2,0,0,1,2,1,2,1,2,0,0,0,2,0,0,1,1,0,0,2,1,1,2,1
Gene10,17,21,18,11,18,23,18,18,25,13,10,12,15,13,11,21,15,11,17,14,19,17,25,24,14,17,19,16,21,20,20,12,12,9,10,19,12,14,14,24,10,17,9,25,19,19,19,19,23,18,19,18,18,12,20,16,12,11,19,17,17,18,14,22,22,19,16,16,17,16,17,10,15,21,15,9,15,21,18,21,12,19,14,17,19,13,11,26,11,15,14,18,15,13,13,21,17,11,15,11,1,1,2,1,2,1,2,0,3,0,2,0,4,2,1,0,1,2,0,0,0,0,1,0,2,1,2,0,0,0,1,2,0,2,2,0,2,0,2,1,1,0,2,0,0,1,0,0,4,1,1,0,1,0,0,1,1,0,0,1,0,0,1,0,0,0,1,3,1,0,1,1,1,2,2,1,2,1,1,1,1,0,0,0,0,2,0,2,1,3,1,3,1,1,2,1,3,1,0,1,1,1,1,0,0,0,2,0,2,1,1,0,2,1,1,2,3,1,4,1,1,0,0,1,1,1,0,3,1,1,3,0,1,1,2,1,0,2,1,1,1,4,0,0,1,1,0,1,1,2,2,4,2,1,0,0,2,0,1,1,0,1,1,0,2,0,0,1,1,0,0,2,1,1,0,2,1,0,1,0,0,4,2,1,0,2,0,2,1,1,1,0,3,1,2,0,0,0,0,0
Gene11,15,17,15,12,17,19,22,20,22,18,16,13,17,14,20,13,14,14,21,17,14,18,10,17,10,21,20,15,33,21,14,15,13,12,11,12,20,16,18,14,23,17,19,19,17,21,17,12,11,14,9,17,17,15,10,17,17,13,22,22,12,17,26,15,22,16,21,18,21,20,16,17,14,11,13,10,15,17,20,18,21,19,13,17,16,17,14,12,15,11,21,20,14,16,12,10,17,24,16,13,1,2,0,5,1,1,2,2,0,2,0,0,2,2,1,1,0,2,1,3,1,1,0,1,3,0,0,1,1,1,3,1,0,2,1,0,0,1,2,3,1,1,2,0,1,1,0,1,0,1,0,1,4,1,2,3,0,0,1,0,1,3,1,0,0,1,1,1,0,1,0,0,0,1,0,1,0,2,0,1,3,2,0,0,0,2,1,1,2,1,1,0,2,0,0,3,2,1,0,2,4,0,1,0,5,1,2,1,2,1,1,0,1,1,1,1,2,1,1,0,1,0,1,2,1,1,1,1,0,1,0,3,0,2,2,0,3,1,2,2,1,0,2,2,2,1,0,0,1,2,0,1,1,1,0,4,2,2,2,1,1,0,1,1,0,0,2,1,0,0,3,1,0,0,1,1,1,1,0,0,1,0,2,2,1,0,1,1,1,1,3,0,0,0,0,0,4,1,2,1
Gene12,30,16,21,16,19,9,16,13,19,15,10,17,19,8,20,21,17,14,19,14,26,12,16,15,16,18,16,19,28,21,15,15,15,18,16,17,13,18,16,16,17,14,16,17,13,15,21,14,13,25,17,19,10,7,13,19,14,19,20,12,15,12,16,22,11,18,17,13,17,9,16,20,15,12,15,14,17,19,9,16,14,15,13,15,16,15,16,16,14,15,13,11,17,13,11,12,22,16,14,19,0,1,0,2,0,0,0,1,0,2,3,2,1,0,2,2,2,2,1,0,1,2,1,0,0,1,1,1,2,1,4,0,0,0,1,0,0,0,1,0,3,1,2,0,1,0,3,2,0,0,1,0,0,0,1,1,0,4,2,0,0,1,1,0,0,1,1,1,4,2,2,0,0,2,2,1,1,0,0,1,2,1,4,1,0,1,0,0,0,1,2,2,3,3,0,0,3,0,0,0,1,0,3,1,0,0,1,0,0,1,1,3,2,2,0,0,1,0,3,1,1,0,4,2,0,0,1,2,1,0,1,0,3,1,2,0,2,0,1,0,0,1,0,1,0,2,1,0,2,0,1,1,0,2,1,0,1,1,0,0,1,1,2,2,0,1,3,0,2,1,0,1,1,0,1,1,0,1,1,1,0,0,3,0,3,1,0,0,1,1,2,1,1,2,1,0,0,1,1,0
Gene13,10,9,12,15,21,17,18,13,16,21,16,20,15,18,13,17,19,24,16,9,18,12,14,19,20,21,15,23,13,18,15,10,14,9,19,11,14,16,25,19,13,17,17,24,19,10,17,18,14,15,13,20,20,16,18,18,12,12,11,8,14,20,19,11,23,19,20,17,12,8,23,16,10,19,11,19,20,19,22,13,14,17,21,13,21,11,9,17,14,16,13,18,15,15,20,14,16,19,15,22,3,3,2,0,0,2,0,1,1,0,2,0,1,0,1,1,2,1,3,1,0,0,1,0,1,0,0,3,2,0,1,0,2,0,1,1,2,1,1,2,1,0,1,3,1,1,1,2,1,2,3,1,0,0,1,1,2,1,1,1,1,1,1,2,2,0,1,1,0,0,0,3,0,2,1,0,2,1,1,3,3,0,0,2,3,1,2,0,0,0,1,1,1,1,2,1,2,1,1,0,0,1,0,1,1,2,1,2,0,2,3,0,0,1,0,0,2,1,0,1,3,3,1,3,0,0,2,2,0,1,2,1,0,1,0,1,1,1,2,1,0,1,1,3,1,1,0,0,1,0,3,1,2,1,0,0,1,0,2,1,1,2,0,1,1,3,1,2,1,1,1,0,4,1,1,1,2,1,1,1,3,0,2,0,0,1,0,1,2,1,1,2,2,2,1,1,0,1,0,0
Gene14,16,19,19,12,18,16,20,19,15,18,15,19,23,16,15,15,20,11,15,21,15,15,24,22,23,11,14,18,26,32,11,22,23,13,17,20,14,17,20,18,17,17,15,15,16,13,16,19,12,21,14,17,22,14,18,14,16,28,17,15,9,19,20,18,9,16,19,20,16,23,12,13,11,15,11,13,14,21,14,15,12,13,17,16,18,19,12,22,15,12,11,11,17,17,16,13,15,12,18,12,1,2,1,0,0,1,1,0,1,1,1,0,2,0,1,1,2,1,2,0,0,5,1,2,0,0,0,1,2,1,0,1,0,1,4,1,0,1,0,0,4,1,2,1,0,0,1,0,0,2,0,1,1,2,0,3,0,0,4,1,1,1,2,0,1,0,0,2,1,0,3,0,2,1,2,1,2,0,0,3,0,0,0,0,2,1,0,1,0,0,1,0,1,0,1,0,0,0,2,0,2,1,2,0,2,2,0,2,1,2,2,0,3,2,2,2,0,2,1,2,3,3,1,1,1,1,0,0,2,1,0,0,0,1,2,0,1,2,0,2,1,0,0,0,1,0,1,0,2,0,2,0,1,0,1,1,0,1,0,0,0,2,3,1,1,1,0,1,0,0,2,0,1,3,0,1,0,2,0,0,2,1,0,0,1,1,1,0,2,2,0,0,0,0,1,2,0,1,1,2
Gene15,14,17,20,17,13,12,22,12,12,9,15,12,17,21,15,17,12,14,11,23,19,10,19,11,18,22,19,17,19,14,18,14,8,15,18,11,9,23,20,15,12,17,15,15,15,19,13,14,10,20,10,15,10,12,15,20,14,16,16,21,15,19,12,18,16,10,16,13,21,13,13,13,19,17,22,14,14,13,17,14,21,18,16,18,16,14,24,21,14,13,18,11,16,15,16,23,16,17,13,12,1,0,1,1,1,2,2,0,1,0,1,2,1,1,2,0,1,1,0,1,1,1,4,1,1,1,1,0,1,0,0,1,0,1,3,1,1,0,2,1,1,2,2,2,0,0,2,1,0,0,2,0,2,3,0,1,1,2,0,0,1,1,1,0,0,1,1,0,1,1,0,1,2,1,1,1,1,0,0,2,1,0,2,1,2,3,0,2,1,0,0,0,1,1,1,1,0,2,0,3,1,1,2,0,0,1,1,0,0,1,0,0,2,4,2,3,1,0,2,1,2,1,2,1,0,1,1,0,1,2,1,1,1,1,1,1,1,0,2,2,0,0,0,0,0,1,2,1,0,1,2,0,1,0,0,1,0,1,0,0,1,1,3,3,2,2,0,2,1,0,0,1,1,0,0,1,0,1,2,0,1,2,0,1,2,0,1,1,1,1,2,1,0,1,5,0,2,1,0,1
Gene16,15,16,10,16,22,19,12,12,17,12,14,23,16,24,13,19,15,14,15,19,20,15,20,17,23,21,18,10,13,17,15,18,12,6,15,12,13,11,18,13,17,21,18,15,12,22,22,13,19,14,19,16,14,13,15,11,22,24,11,12,22,17,14,16,9,12,15,15,15,13,21,14,18,15,14,12,18,11,17,18,17,16,25,11,13,13,14,15,16,12,17,24,17,16,14,18,17,14,7,15,0,3,0,1,2,0,0,1,3,0,1,1,1,4,1,0,0,1,1,1,3,2,0,0,0,1,1,2,2,2,1,2,1,1,2,1,2,2,0,1,1,1,1,1,1,2,0,0,1,2,0,0,1,1,0,1,2,2,0,0,0,2,1,0,0,2,0,2,3,1,1,1,3,1,2,1,2,1,2,0,2,2,0,3,3,1,1,2,0,1,2,1,1,1,0,1,2,0,2,2,1,1,0,2,1,0,0,2,0,2,0,1,1,1,0,0,1,2,1,4,2,1,0,0,0,2,2,0,0,2,1,2,1,1,0,1,1,2,0,0,0,0,1,0,1,3,4,1,1,0,0,0,2,3,1,3,1,0,1,1,2,0,2,0,0,0,1,2,2,3,2,3,2,3,1,0,2,0,0,0,4,2,0,1,2,1,1,1,1,0,1,2,2,1,0,2,1,2,1,1
Gene17,18,18,8,14,15,14,22,14,17,17,13,19,20,16,16,12,13,17,18,16,18,22,15,21,14,8,20,15,23,18,24,15,13,18,20,19,22,20,16,19,19,19,13,17,18,14,14,15,19,9,13,20,13,17,17,17,19,11,11,19,15,14,13,15,22,18,12,13,15,17,11,18,18,14,20,14,12,22,16,10,22,12,10,19,19,14,12,9,15,11,14,20,13,15,18,16,12,12,16,15,1,1,1,1,1,0,0,2,0,2,1,0,1,1,0,1,1,2,0,1,2,1,3,0,1,3,2,1,3,0,0,1,1,2,1,0,1,2,0,0,1,1,2,1,3,0,0,0,0,1,1,1,1,2,2,1,0,2,2,2,1,1,1,2,0,2,3,2,2,2,1,2,1,0,0,0,0,0,1,0,1,1,1,1,0,2,1,0,2,0,0,0,1,0,2,0,1,2,2,1,2,0,1,1,2,0,2,1,1,0,0,3,0,0,0,0,0,2,1,2,1,2,3,2,1,1,2,2,1,0,1,2,2,1,1,0,2,0,1,2,0,2,2,1,1,1,0,2,3,0,0,0,2,3,0,1,1,1,0,1,0,0,1,1,0,0,0,1,1,0,1,0,0,3,2,0,1,1,0,1,0,1,1,2,2,0,2,1,1,1,0,0,3,1,1,0,2,2,1,0
Gene18,20,12,12,18,15,11,17,18,21,10,16,22,18,16,20,5,13,14,14,10,14,15,15,18,13,17,16,17,19,17,14,10,24,20,22,17,20,25,9,17,14,13,18,11,14,18,22,17,11,12,22,14,17,12,21,26,20,17,14,11,21,8,16,17,15,11,15,10,8,14,20,14,20,20,17,12,22,11,13,17,10,14,12,15,12,12,18,15,12,22,16,16,10,14,9,17,23,16,25,12,2,1,0,0,1,0,1,1,1,1,1,1,2,0,3,0,1,0,3,0,3,2,0,1,1,2,0,0,1,1,2,0,0,1,2,0,0,1,2,0,0,2,0,1,1,1,2,1,3,2,0,0,1,0,0,1,1,1,2,0,3,2,0,3,2,2,1,2,0,0,0,0,2,2,1,2,0,0,2,1,0,2,1,0,0,0,0,3,0,3,0,1,2,2,1,1,3,2,0,1,1,1,4,2,1,1,2,0,0,0,3,1,3,0,2,2,1,2,0,0,0,0,2,2,1,1,2,1,0,0,2,0,1,0,3,2,2,1,1,1,0,1,1,1,1,0,1,0,0,1,2,0,0,1,0,0,1,1,0,3,1,1,1,1,0,0,1,0,3,3,1,0,2,2,0,0,3,3,2,0,1,1,1,1,1,2,2,2,1,0,4,1,1,0,2,0,2,0,0,2
Gene19,18,9,20,17,18,6,10,16,13,13,13,27,13,20,20,13,14,12,20,15,9,20,10,13,18,17,15,16,22,11,21,15,19,12,15,15,20,17,14,22,15,18,12,16,16,13,19,16,16,18,16,11,22,19,16,23,13,18,14,18,18,15,14,24,15,15,14,18,14,12,26,26,12,18,12,12,13,18,19,11,17,15,18,24,17,22,12,21,11,23,21,10,15,20,14,18,14,19,13,10,0,1,0,1,1,2,0,2,3,1,0,1,1,0,1,2,1,1,2,2,2,3,2,1,1,2,1,1,1,0,0,2,2,2,0,1,3,1,0,1,1,2,1,0,2,0,2,1,1,0,1,1,1,1,3,0,1,0,0,1,0,2,2,0,1,2,1,0,1,2,1,0,0,0,0,0,0,2,2,1,1,2,2,1,1,3,1,1,0,0,1,1,1,1,0,0,2,1,0,1,2,2,2,1,0,0,1,1,3,1,0,0,0,3,1,2,0,0,1,0,2,0,1,1,3,0,2,2,0,1,0,3,0,0,0,1,0,1,2,2,3,2,1,2,0,1,0,1,2,2,0,1,0,0,0,0,0,2,1,1,2,2,0,2,3,0,0,2,1,1,1,1,0,0,0,2,1,0,0,0,0,0,2,0,1,0,3,1,0,2,0,1,1,3,1,0,0,0,0,3
Gene20,18,18,16,23,16,19,18,17,14,17,15,20,12,19,16,14,18,19,20,12,16,17,17,20,13,16,15,15,9,16,15,19,19,13,17,10,18,12,21,17,17,11,21,16,18,16,14,20,20,19,20,21,10,17,14,15,12,13,15,15,16,14,24,8,13,13,14,15,12,25,16,14,12,12,21,13,20,13,18,11,19,11,14,9,17,15,15,19,15,13,22,17,9,18,16,21,7,18,20,14,0,1,1,0,1,1,0,0,1,3,1,2,1,2,1,1,3,0,2,1,0,1,1,2,0,0,2,1,1,1,0,1,1,0,2,1,2,1,0,0,1,2,1,2,0,2,4,1,1,0,1,0,1,1,0,1,1,0,2,1,1,1,1,2,1,1,1,2,1,0,0,1,0,2,0,0,0,0,1,2,0,0,1,2,0,0,0,0,2,2,1,0,2,0,1,1,0,1,3,0,0,0,1,0,3,3,1,0,2,1,2,1,2,1,2,4,1,0,0,2,1,0,3,1,0,1,2,2,1,2,2,0,3,1,2,0,0,2,1,3,2,1,3,0,0,0,0,0,2,0,2,2,0,1,0,0,1,1,2,1,1,1,0,1,0,0,2,2,0,0,1,1,0,3,1,1,1,0,3,1,1,1,0,1,1,1,2,1,3,1,1,2,0,0,0,1,0,0,1,1
Gene21,12,22,13,18,14,22,18,17,16,12,18,14,15,17,15,20,9,14,18,18,15,18,14,14,15,21,13,12,10,13,21,13,22,19,14,14,15,14,14,17,17,22,24,14,18,12,14,23,9,13,12,9,9,26,13,11,25,19,17,9,15,12,6,14,17,16,22,15,15,21,12,20,19,33,17,13,17,18,16,15,19,13,10,11,14,15,20,14,17,14,13,17,17,13,14,17,14,21,15,15,2,0,2,1,0,2,3,1,2,2,0,2,0,1,1,1,0,1,2,0,2,2,2,0,0,1,3,2,0,0,0,0,1,3,2,0,2,1,3,1,0,1,3,2,1,1,1,1,0,0,0,4,1,1,0,1,1,1,3,0,1,0,0,3,0,1,0,1,0,1,1,0,2,0,1,3,0,2,0,0,4,1,0,1,1,1,0,1,1,0,1,1,2,0,1,3,2,1,0,1,0,0,2,1,2,0,0,2,0,1,1,0,0,2,0,0,1,1,1,0,2,2,1,0,2,2,0,0,1,0,1,1,2,1,1,0,2,1,0,0,1,0,2,0,2,1,1,1,0,1,1,0,0,2,1,2,0,2,1,0,0,3,0,1,1,0,3,2,1,0,1,3,1,2,0,1,0,1,0,1,0,0,0,3,0,3,0,1,0,1,0,1,0,3,1,1,0,1,1,1
Gene22,13,18,12,11,16,14,17,13,16,10,15,13,26,16,14,14,19,19,16,21,16,21,16,12,17,11,15,17,16,21,19,25,9,13,15,12,17,25,14,20,12,16,10,25,17,16,13,14,25,20,17,15,14,15,10,19,11,19,19,12,12,7,24,16,21,18,10,15,14,18,10,32,11,17,15,18,12,21,20,12,23,14,21,17,24,15,16,9,15,16,19,14,18,13,12,21,21,11,16,18,0,1,0,1,3,0,0,2,1,3,1,1,1,1,2,1,1,3,2,1,1,1,3,1,1,0,0,0,1,1,0,0,1,1,0,0,0,1,2,0,0,0,0,0,1,2,1,0,2,1,0,1,0,1,1,0,3,1,2,2,1,0,2,2,1,1,1,0,0,3,1,1,3,0,1,0,1,0,1,1,1,1,0,0,1,0,2,0,1,1,0,1,0,0,2,0,3,1,3,0,0,3,0,1,1,1,1,2,1,1,2,1,0,2,2,3,1,0,0,1,2,0,0,1,2,1,1,1,4,2,3,0,0,1,0,3,1,0,1,0,1,1,1,2,0,0,1,1,1,0,1,0,0,1,1,1,0,0,4,0,1,0,0,0,2,0,2,0,1,3,0,1,1,0,2,0,1,0,4,1,1,1,2,3,0,1,3,1,1,3,1,1,2,3,2,2,1,2,2,2
Gene23,18,19,25,11,18,16,21,15,16,21,12,11,20,28,21,11,16,20,16,18,19,14,19,13,12,10,22,12,14,15,12,22,13,22,29,25,20,28,18,18,16,16,19,10,13,13,10,15,15,10,15,11,12,12,16,24,21,14,16,20,13,18,21,14,15,14,15,17,14,15,8,15,30,11,15,18,15,7,21,15,9,10,16,11,23,22,22,19,17,18,17,18,14,21,7,10,13,18,21,11,0,1,0,2,1,0,2,0,3,1,0,0,0,2,1,3,0,1,0,1,2,2,0,4,1,1,2,2,1,0,1,0,0,1,0,1,1,0,2,0,0,2,0,0,0,0,0,2,0,1,1,1,0,1,3,1,0,1,2,1,1,1,1,0,1,1,2,3,1,1,0,3,0,3,4,0,0,0,0,2,0,1,0,2,0,1,1,0,0,1,1,2,0,2,2,1,3,1,0,1,1,0,2,5,0,2,1,2,2,1,1,0,0,0,3,2,0,1,1,2,3,2,1,2,1,2,0,0,1,1,0,2,0,1,2,2,2,0,2,2,1,1,1,1,0,1,0,2,0,1,1,0,2,1,0,2,1,3,2,2,1,2,4,1,2,2,1,3,3,0,0,0,1,1,1,0,0,1,1,0,1,1,4,1,3,0,1,0,2,4,1,0,0,0,2,1,2,2,0,1
Gene24,19,18,22,13,16,15,20,18,17,17,16,15,12,13,21,18,16,20,19,15,24,13,10,13,15,11,17,17,16,20,12,16,16,18,18,15,16,26,9,22,12,21,19,19,23,22,16,29,13,13,17,15,15,17,18,12,19,17,14,18,11,19,26,20,17,16,11,13,15,23,17,11,17,17,20,13,10,24,18,12,16,14,16,18,12,16,10,20,12,12,25,8,18,16,21,14,16,27,13,19,0,2,0,1,0,2,1,0,1,1,0,1,1,0,1,0,0,2,0,0,1,1,1,1,1,0,2,1,1,0,1,2,0,1,0,1,0,0,6,1,1,0,2,0,0,2,2,2,1,2,1,1,3,1,0,0,0,1,0,0,1,0,0,1,1,1,1,0,0,2,1,3,2,0,0,0,2,2,0,2,1,0,1,1,2,0,2,1,0,2,1,1,0,2,1,0,0,0,2,0,0,2,2,0,2,2,1,2,1,3,3,4,0,0,1,1,2,2,0,1,0,1,1,0,0,2,1,1,0,3,0,1,2,0,1,0,2,0,2,5,0,1,1,2,1,2,0,0,2,1,2,1,1,1,1,1,1,0,1,1,0,1,2,0,4,2,1,0,0,0,1,0,4,3,1,1,1,0,0,0,0,1,2,1,1,1,3,1,1,0,3,0,2,0,0,3,2,0,1,0
Gene25,19,19,27,19,13,19,10,16,21,16,14,11,12,18,19,15,10,17,16,20,16,12,9,24,11,16,20,12,12,17,23,14,19,20,14,15,22,17,14,9,21,17,16,9,22,23,13,14,16,22,14,15,22,18,14,17,13,18,18,13,8,25,16,26,12,18,15,18,25,18,16,19,17,15,21,14,13,12,20,20,16,17,11,19,14,20,13,22,9,13,12,17,20,14,25,13,20,22,18,20,2,2,0,0,3,1,1,1,0,1,0,0,2,1,0,1,0,0,0,0,0,0,0,0,1,1,2,0,0,2,1,1,1,1,1,3,1,2,2,0,2,2,0,0,0,2,2,1,1,2,1,0,0,1,0,0,0,0,1,1,0,1,1,3,1,2,2,1,1,1,0,1,2,1,2,4,1,1,0,2,1,1,2,0,0,0,0,0,2,1,0,2,0,2,2,0,0,0,0,1,1,2,1,0,1,0,1,2,0,2,1,2,1,0,3,1,0,2,1,0,1,0,3,0,1,2,3,1,1,2,0,1,0,4,2,1,0,2,0,1,0,1,1,1,0,2,1,2,0,0,2,0,0,0,2,1,2,0,2,0,0,2,1,2,0,2,0,0,0,0,0,1,0,1,0,0,1,1,0,1,1,0,0,0,1,1,0,1,2,0,4,1,0,0,3,5,1,2,4,0
Gene26,24,12,14,20,22,14,27,17,11,17,16,14,16,10,20,16,15,10,13,15,13,17,16,13,14,14,17,22,25,24,15,14,24,17,16,19,14,12,12,22,15,17,14,14,12,22,16,16,12,15,21,13,15,14,14,11,10,20,11,21,21,10,16,17,11,22,14,17,13,13,18,16,15,22,10,10,21,17,13,12,17,17,17,20,18,13,14,18,14,20,15,11,7,17,21,20,24,9,19,21,1,0,0,0,2,0,0,1,0,1,0,0,0,2,1,2,0,2,1,2,1,0,1,1,1,0,0,0,2,2,0,1,1,1,2,2,1,0,0,0,0,0,1,1,1,0,0,3,0,0,2,1,0,3,0,1,0,1,1,2,3,1,1,1,2,0,1,0,0,0,0,0,1,3,0,1,2,3,1,0,2,0,1,0,1,0,0,1,2,0,1,2,1,1,2,1,1,1,0,1,1,2,3,0,0,0,0,1,1,0,0,0,0,1,1,0,1,1,1,1,0,1,1,1,0,0,1,0,0,1,1,0,1,3,0,2,2,2,0,1,0,1,1,0,1,1,0,2,1,2,0,0,1,0,0,0,1,1,0,1,0,1,1,0,0,0,2,0,2,1,1,3,2,1,0,1,2,1,1,0,0,2,1,2,0,3,1,3,0,2,1,0,2,0,0,1,0,3,1,1
Gene27,16,13,17,15,10,21,20,22,12,8,15,15,19,14,8,11,11,17,13,16,14,23,8,14,18,17,18,19,9,17,14,6,11,15,9,20,17,18,6,16,13,19,12,13,11,21,19,14,10,15,23,13,13,15,22,10,20,17,18,16,17,15,20,22,18,17,13,16,18,21,12,24,21,13,16,12,25,11,21,13,9,9,15,13,11,16,19,20,7,15,12,14,19,23,17,26,16,22,15,16,1,1,2,2,0,1,1,1,4,1,0,1,1,1,0,2,2,2,1,1,1,0,0,4,1,0,1,0,0,1,1,1,0,3,0,0,1,0,2,0,0,0,2,1,1,0,2,1,1,1,0,1,2,3,1,0,2,2,3,0,1,0,1,1,2,2,0,1,2,0,2,0,2,1,2,2,0,0,1,1,2,1,2,0,2,0,0,0,1,0,0,1,1,1,2,1,0,1,1,1,2,1,1,2,1,0,0,1,2,3,1,0,0,0,3,1,0,1,2,2,1,2,0,2,0,2,0,0,1,1,1,2,0,0,1,0,2,0,0,0,0,0,0,0,0,2,1,1,2,2,0,0,1,3,0,2,0,3,2,0,1,1,1,0,0,3,0,1,1,2,2,1,2,1,2,2,1,4,0,0,0,3,1,1,2,0,3,1,0,1,0,1,1,1,1,3,1,2,0,0
Gene28,10,17,7,15,26,13,18,15,24,14,21,20,14,20,20,11,17,10,13,15,19,16,20,10,8,20,14,16,11,16,18,10,17,13,9,17,23,20,17,22,20,16,13,22,15,16,14,16,10,14,22,13,17,15,16,13,14,12,24,12,17,17,20,25,7,15,19,20,19,22,13,14,14,10,13,15,11,16,20,11,18,19,12,12,23,19,16,14,16,12,13,19,16,13,13,23,14,15,19,15,0,2,2,0,1,0,1,1,1,2,1,0,1,1,1,0,1,0,2,0,3,0,2,1,2,1,1,2,1,2,1,0,1,3,1,1,0,2,0,1,2,0,2,2,2,0,1,5,2,0,2,2,0,2,1,1,0,1,1,2,0,1,1,0,1,1,1,2,1,1,1,2,2,0,2,1,1,0,0,0,1,0,1,0,1,2,0,1,0,0,3,2,1,0,1,1,0,1,1,1,0,1,2,0,2,0,0,1,2,2,2,0,1,1,3,1,0,1,1,1,0,1,1,0,1,0,1,3,0,0,1,2,0,1,1,0,2,1,2,0,2,1,2,1,2,0,3,2,0,2,0,2,1,1,1,0,1,3,1,1,0,2,3,1,2,0,2,1,0,2,1,0,3,1,0,2,0,0,3,1,1,0,1,1,3,2,1,1,0,0,0,1,2,0,0,0,2,2,0,3
Gene29,12,13,19,19,18,24,16,10,16,21,17,9,18,17,17,14,10,19,13,12,17,22,20,17,20,19,13,22,26,14,11,17,15,11,20,13,17,11,16,17,12,17,13,18,23,14,14,20,14,17,25,15,20,15,20,22,13,14,20,14,12,18,17,21,11,12,18,21,20,15,16,17,18,16,10,19,18,17,11,16,14,11,20,15,13,11,20,16,13,8,8,17,11,11,13,17,15,18,13,21,0,0,0,1,0,0,0,1,0,3,2,0,1,0,2,1,1,1,1,1,1,0,1,1,1,2,1,0,0,1,1,0,2,0,1,1,0,0,0,2,2,1,0,1,0,0,0,0,0,1,0,1,0,0,2,0,1,2,4,1,0,0,2,0,3,0,2,0,0,1,1,1,2,2,1,1,3,0,3,0,2,5,0,2,0,3,3,1,4,1,1,0,0,0,0,0,1,0,0,0,0,0,1,0,1,0,0,2,1,0,0,2,1,1,1,0,0,1,0,1,0,2,1,1,0,1,0,0,1,1,1,0,2,1,2,1,2,4,0,0,1,0,1,0,2,2,3,1,3,2,2,3,1,0,1,0,1,0,0,1,1,2,4,1,0,3,0,0,2,1,0,2,0,1,0,0,2,0,1,3,0,0,2,1,2,2,2,1,0,0,0,1,0,0,1,1,0,0,2,0
Gene30,14,16,12,14,13,16,18,18,9,14,17,17,17,19,16,27,15,19,12,21,26,23,14,15,15,19,16,18,15,17,22,16,11,16,13,10,14,18,17,24,15,10,19,19,20,22,18,17,13,19,13,14,20,10,19,13,20,16,18,21,12,15,10,18,23,16,21,18,19,14,12,14,14,11,17,16,16,16,14,17,16,14,21,15,21,14,15,9,34,18,17,13,14,12,20,12,13,14,19,13,1,1,1,1,0,0,1,0,0,0,1,0,2,2,1,0,0,1,0,3,0,2,0,1,2,1,0,0,1,1,1,1,1,2,3,1,2,0,4,0,0,2,2,3,3,1,0,1,2,1,0,0,0,1,0,1,2,3,0,2,3,0,0,1,1,1,2,1,0,1,2,0,1,1,1,2,0,1,1,0,1,1,1,1,0,1,0,1,0,0,1,1,0,0,0,1,0,3,3,2,0,0,0,1,1,1,0,3,1,0,1,1,1,0,3,2,0,0,1,2,3,1,1,2,0,1,0,0,1,2,1,1,3,0,0,1,1,0,0,0,0,5,1,0,0,1,1,0,1,2,3,0,2,1,0,2,1,1,1,1,1,0,0,2,1,2,1,2,0,0,3,0,0,0,3,0,1,0,0,0,1,4,0,0,2,1,0,1,1,2,2,1,5,0,1,3,2,0,0,2
Gene31,13,16,17,10,11,16,20,17,22,18,18,17,12,14,20,14,17,9,21,19,12,20,20,19,14,14,14,24,17,17,7,22,13,16,18,16,10,23,11,16,14,14,8,16,11,10,16,15,16,14,13,22,20,12,21,18,13,18,18,21,15,19,18,15,11,17,11,11,11,18,8,14,13,20,13,21,15,15,11,18,20,13,18,12,17,18,15,15,11,13,13,20,17,22,13,20,13,16,17,20,0,2,1,1,0,0,2,0,0,1,1,1,1,2,1,2,1,0,0,0,3,0,3,0,1,1,1,0,0,1,1,3,1,0,1,1,0,0,0,2,1,1,1,0,1,2,1,2,1,0,1,0,0,4,0,3,4,0,0,0,0,1,1,1,1,0,0,1,1,2,1,3,2,1,1,1,0,0,1,0,0,1,2,1,0,1,3,1,0,2,1,1,2,0,1,0,0,1,1,2,0,0,3,0,3,0,1,0,1,0,1,0,3,3,0,0,1,1,1,2,0,1,0,0,3,0,1,2,4,0,1,0,3,1,0,0,1,2,2,1,0,0,2,1,0,1,0,1,2,1,1,0,1,1,4,1,0,1,0,0,1,0,3,0,4,0,1,1,0,3,1,2,0,1,0,2,0,2,0,1,0,0,0,0,2,3,0,2,1,1,0,0,0,0,2,2,1,0,0,0
Gene32,21,21,15,15,15,13,24,20,22,13,12,12,14,10,10,13,14,16,14,19,11,20,17,13,21,20,13,17,17,17,12,17,9,19,19,24,18,13,12,17,15,12,19,11,19,19,20,20,21,15,14,13,8,14,12,18,17,11,11,21,15,11,11,12,20,21,15,17,19,14,14,14,14,16,18,21,18,21,13,12,16,9,13,16,19,28,16,15,17,14,18,13,26,12,10,18,16,14,15,20,2,0,0,0,3,3,1,2,0,0,1,0,0,0,0,1,2,0,1,1,0,0,3,0,1,0,1,0,1,1,1,2,0,1,0,0,2,0,0,1,0,0,2,0,3,1,1,2,0,0,2,1,1,1,2,1,0,0,1,1,0,0,1,1,0,0,0,0,2,1,2,2,1,1,2,0,0,1,1,1,1,2,2,0,0,4,1,2,1,2,2,0,1,0,1,1,1,1,1,0,2,0,2,2,4,2,2,1,1,1,0,0,2,0,1,0,0,0,0,0,1,1,0,1,2,2,0,0,0,2,0,0,0,0,1,2,2,0,1,1,1,1,1,0,2,0,2,2,3,4,0,0,2,0,0,2,2,1,3,1,0,3,3,2,0,1,3,5,3,1,2,1,1,2,1,0,3,1,1,0,2,1,2,1,2,2,3,1,0,0,0,0,0,0,4,0,1,0,1,2
Gene33,12,14,19,15,12,19,16,14,8,9,15,16,16,13,19,16,14,15,23,13,21,14,13,10,19,15,22,13,13,12,19,10,23,14,20,16,15,17,13,10,13,16,7,14,15,19,19,26,17,15,19,21,18,22,11,20,15,18,19,16,13,25,27,15,16,12,13,24,17,12,20,16,16,25,17,22,15,12,13,18,11,18,16,15,13,8,15,26,22,20,11,13,19,10,15,21,10,11,14,16,1,3,0,1,0,2,2,0,0,0,1,0,0,1,0,0,2,1,0,3,0,0,0,1,0,1,1,0,1,1,1,3,1,0,2,0,0,1,1,0,2,2,1,4,1,1,1,1,2,1,2,2,1,0,2,0,4,0,0,0,0,1,1,2,4,1,0,0,0,2,1,2,2,0,1,2,0,0,0,0,1,2,3,0,1,0,0,1,0,4,3,0,1,2,2,1,0,1,0,0,1,0,2,0,0,0,0,1,0,3,1,1,0,0,1,1,2,2,4,2,1,0,3,1,2,0,1,0,0,0,0,0,0,1,1,2,1,0,0,0,0,1,1,0,0,0,0,2,0,3,0,0,1,0,2,0,1,0,1,2,0,0,1,0,3,0,1,1,3,1,2,0,0,1,0,0,4,0,0,2,1,1,0,0,2,1,0,3,0,0,0,2,3,2,0,0,1,3,0,0
Gene34,16,9,17,8,21,12,17,8,15,11,12,15,19,11,10,20,12,15,14,15,16,9,18,16,8,22,11,17,17,22,14,19,12,23,17,15,15,19,14,17,18,21,14,8,24,15,19,16,18,18,17,9,14,21,10,21,11,17,21,12,18,22,23,23,14,19,12,6,12,9,16,11,18,20,19,16,13,22,14,15,14,19,17,13,14,15,16,16,12,19,14,10,13,16,24,14,16,19,16,17,2,1,1,1,0,0,0,0,2,0,2,1,0,0,0,1,0,1,1,0,1,0,1,0,0,4,3,1,0,0,0,0,1,1,1,0,1,0,2,1,0,1,2,1,1,1,1,1,0,0,0,0,1,0,0,0,0,1,2,0,2,2,3,1,2,1,2,0,1,0,0,2,0,0,0,2,1,0,0,2,2,1,0,0,5,0,3,4,1,0,3,1,0,2,1,1,0,2,1,0,0,0,1,2,2,1,3,2,1,1,2,2,2,1,1,1,2,3,2,0,0,1,1,0,4,2,0,2,0,0,1,0,1,0,0,2,1,0,1,0,3,2,1,3,1,2,0,1,0,1,0,2,0,0,2,0,2,1,0,1,1,1,0,2,0,2,0,0,0,0,1,1,0,0,2,0,1,0,1,2,4,0,2,0,1,1,1,0,1,1,0,0,0,1,1,0,3,2,0,2
Gene35,13,11,15,19,15,11,13,18,17,21,18,10,20,14,20,17,8,16,17,19,12,20,26,10,14,21,18,13,9,12,13,17,8,15,21,13,9,19,16,10,14,21,17,11,17,9,20,10,19,11,16,14,12,17,12,16,18,13,12,14,16,20,14,26,19,22,14,28,11,15,16,20,18,12,17,13,22,24,17,11,12,12,13,13,9,14,20,17,17,17,17,16,13,9,10,16,10,12,13,17,3,0,0,0,0,1,1,1,1,2,1,1,1,1,0,2,1,0,2,0,1,1,1,2,1,1,0,4,1,0,1,1,1,1,0,0,0,0,0,1,2,2,3,0,0,2,0,1,3,0,2,1,0,2,0,1,1,0,0,1,0,2,0,3,2,1,2,1,1,3,0,1,1,1,0,1,1,0,2,1,0,0,2,1,1,1,2,1,2,0,1,0,1,1,0,0,2,1,0,1,5,0,1,0,0,0,1,1,0,1,1,1,1,2,0,1,1,1,1,0,0,0,1,1,0,0,4,1,0,2,0,1,2,0,0,1,2,0,0,0,1,0,0,0,0,2,0,2,3,3,1,0,1,2,5,1,1,1,3,1,0,1,4,2,0,1,0,3,0,0,2,1,0,2,1,0,1,0,0,1,2,1,0,1,0,1,0,1,0,0,1,1,1,1,0,0,1,1,0,1
Gene36,16,11,20,16,20,11,22,15,12,15,15,19,16,12,22,20,20,21,15,9,19,13,10,18,23,19,15,15,19,16,19,13,12,19,16,16,18,11,12,19,12,23,22,16,15,10,19,19,23,11,15,14,14,19,16,11,16,9,15,18,22,18,14,25,9,10,16,12,16,13,21,13,19,19,16,13,13,22,14,13,20,16,12,12,18,20,15,15,21,17,18,9,13,15,10,22,15,12,13,17,1,0,3,0,0,0,0,0,1,2,1,0,2,3,1,0,1,0,2,3,0,1,1,0,0,0,2,2,2,2,1,1,1,2,3,1,0,0,1,0,0,2,2,1,2,0,0,1,0,1,0,1,1,0,1,2,1,2,2,3,0,0,1,3,3,0,1,1,1,1,0,0,1,1,1,1,0,0,1,2,1,3,0,0,0,0,0,1,0,0,1,0,2,0,0,4,1,1,1,0,1,1,2,1,1,0,1,0,1,0,0,1,1,2,1,1,0,2,1,2,2,0,1,0,2,1,0,3,1,0,0,3,2,0,0,1,2,2,1,1,2,1,0,1,0,1,0,2,2,2,0,1,3,1,3,2,1,0,1,0,0,1,1,0,2,1,2,1,2,0,4,1,0,3,2,0,3,0,1,1,0,1,1,1,1,1,0,1,3,2,1,0,0,1,0,0,0,2,0,2
Gene37,23,27,15,19,16,17,13,19,16,17,21,16,16,17,22,21,21,23,21,15,22,14,13,16,17,20,15,12,16,10,20,17,16,17,18,14,14,12,14,17,22,8,11,16,20,11,13,14,9,13,16,6,11,20,17,13,9,17,14,15,21,17,13,13,18,11,18,25,17,15,18,21,13,15,15,20,19,17,18,16,15,10,20,18,14,14,18,13,14,16,16,12,17,11,15,9,15,13,17,21,0,1,1,1,4,2,2,0,1,1,2,0,1,0,1,0,0,1,1,0,2,0,0,1,1,2,1,0,0,2,1,3,0,1,0,0,3,1,2,0,2,0,1,1,1,0,2,2,1,0,1,0,0,1,1,0,0,1,0,1,0,2,2,0,2,1,1,0,1,2,1,0,1,1,0,2,1,2,1,1,1,2,0,2,1,0,2,2,0,2,0,1,1,3,2,2,1,1,0,0,1,1,0,2,2,0,1,0,0,0,1,5,2,0,1,0,1,1,2,0,0,0,1,0,1,0,1,0,1,0,4,1,0,0,0,2,2,2,0,2,2,0,0,1,1,1,0,1,0,1,1,1,0,0,0,0,3,0,2,1,1,0,0,2,2,3,1,0,0,1,0,1,2,0,0,0,0,2,1,3,3,1,0,1,2,1,0,1,3,4,1,1,1,3,0,1,2,0,1,0
Gene38,13,24,8,7,11,18,16,17,18,17,13,22,11,20,14,11,11,14,12,15,16,23,9,17,16,19,16,15,18,16,17,14,24,18,16,16,13,11,17,12,13,15,14,21,17,27,13,17,13,14,9,13,14,16,13,21,6,17,14,12,14,25,23,19,11,8,16,13,23,12,12,16,12,12,14,12,14,19,12,15,20,16,16,19,18,24,16,10,17,15,15,9,19,14,23,18,15,19,19,11,0,2,2,2,0,1,1,3,1,1,0,1,1,2,1,1,0,4,1,0,0,1,2,2,2,0,2,0,0,0,0,1,0,2,1,1,0,1,1,0,0,1,1,1,0,1,1,0,1,0,0,1,1,0,1,1,2,1,1,0,1,1,5,0,0,0,0,0,0,0,0,1,0,0,0,2,1,0,2,1,1,0,0,2,1,0,3,1,0,2,0,2,0,0,1,2,1,3,0,2,1,2,2,1,0,1,1,1,0,1,1,1,0,3,3,0,2,1,1,2,1,1,3,1,3,1,0,2,1,0,0,0,2,0,2,1,2,0,1,1,1,0,2,1,0,0,0,1,1,0,1,0,5,0,0,0,0,1,1,1,0,1,0,2,1,0,3,1,0,2,1,3,2,0,1,0,0,1,3,1,3,0,2,2,0,2,0,1,0,2,1,0,2,1,0,1,0,1,2,0
Gene39,15,9,14,22,14,20,27,10,14,15,13,14,20,18,13,27,22,20,14,16,18,17,19,17,13,10,12,18,12,12,14,19,16,14,22,15,8,20,18,15,15,13,10,18,15,21,24,17,12,27,15,7,19,21,11,24,13,25,16,14,16,15,15,14,16,11,19,18,19,16,15,12,13,19,15,29,18,15,16,10,12,18,18,10,18,19,13,14,19,15,19,12,12,21,17,12,14,27,14,10,0,1,2,0,1,5,0,1,3,1,1,0,1,1,0,1,1,2,1,1,0,0,1,2,2,1,0,0,0,2,1,0,2,1,0,0,2,2,0,0,0,0,2,1,1,0,0,2,1,0,2,3,0,0,1,1,2,0,0,1,2,0,2,3,2,1,0,1,1,2,1,2,1,1,0,0,0,1,0,1,2,2,2,1,1,0,2,0,3,1,3,0,1,1,2,1,1,0,2,1,1,1,2,0,0,1,0,2,1,0,0,1,2,1,0,1,3,2,1,2,0,0,1,2,3,1,0,0,1,0,0,1,1,3,0,1,2,1,1,3,0,0,0,3,2,1,0,0,0,0,2,4,1,0,1,1,0,0,1,0,0,1,1,1,2,0,1,2,3,3,1,0,1,2,0,2,3,0,1,4,0,0,1,2,2,0,2,0,3,1,1,2,4,2,0,1,0,2,1,2
Gene40,15,9,13,19,18,12,23,16,12,13,21,15,23,13,14,16,18,20,15,21,10,12,16,16,10,11,13,14,15,14,15,21,10,17,8,14,16,18,14,13,19,22,13,18,14,15,21,16,17,10,19,15,16,17,13,13,17,12,21,16,15,18,21,26,17,15,14,21,13,14,13,15,17,13,12,17,16,20,14,12,15,14,11,12,18,12,16,11,18,16,21,18,16,15,16,22,15,21,13,17,0,1,1,2,0,2,0,0,1,0,0,4,2,0,1,1,0,0,0,0,1,0,1,0,0,1,0,1,1,2,2,0,1,3,1,4,1,2,1,0,1,0,3,0,2,1,3,1,1,0,2,0,0,1,1,0,0,3,3,0,2,1,1,1,2,1,1,0,2,1,2,0,1,1,0,0,1,2,0,1,1,1,1,1,0,0,1,1,1,4,2,1,1,0,1,0,1,1,0,0,0,4,0,1,1,1,2,1,1,0,0,2,0,1,0,1,1,0,0,0,1,2,2,0,1,1,0,0,1,1,1,1,1,0,0,0,1,2,0,0,0,1,2,1,2,1,1,1,0,2,1,1,1,0,0,1,3,1,2,0,3,0,0,3,0,0,1,1,2,0,3,2,0,0,2,4,0,0,2,2,1,1,2,0,1,2,1,0,0,0,2,1,0,3,0,0,4,1,0,0
Gene41,0,1,2,2,1,0,3,2,1,1,1,2,1,2,1,0,2,0,0,0,1,2,1,0,0,2,0,1,2,1,2,2,1,1,2,0,1,0,1,1,2,2,1,1,1,0,2,1,0,2,4,0,2,1,2,1,0,0,2,1,0,2,1,4,1,2,0,0,2,1,1,1,4,2,0,1,1,0,0,1,1,2,0,0,1,1,0,0,1,1,1,1,2,1,3,1,0,1,1,1,16,18,19,19,10,19,15,16,16,19,12,17,12,17,9,18,12,16,11,15,13,25,15,14,12,17,7,15,18,13,21,16,11,18,15,17,16,14,13,28,18,13,16,13,16,15,15,22,15,17,21,9,13,18,15,13,12,11,17,19,11,12,14,17,18,12,20,20,20,20,17,10,10,11,14,20,14,18,25,19,16,15,7,15,12,21,11,19,12,11,20,19,21,18,14,17,17,13,8,10,1,0,1,2,1,0,2,0,1,3,0,1,1,0,3,1,2,1,0,0,2,1,0,0,0,1,2,1,3,2,1,1,0,2,2,2,2,3,1,2,2,0,0,2,0,2,1,1,0,0,3,1,1,1,2,2,0,0,0,1,2,1,3,1,3,1,1,0,0,0,2,0,3,1,0,1,0,0,0,2,1,3,1,1,1,2,0,1,1,0,1,1,2,1,2,1,2,0,0,1
Gene42,1,0,0,3,0,1,0,2,0,1,0,0,1,0,2,1,1,0,1,1,1,0,2,0,0,0,0,2,1,0,2,1,1,0,0,1,0,0,1,1,0,2,0,0,1,1,2,1,1,1,0,4,2,1,2,1,1,2,0,0,0,0,1,1,1,1,1,2,1,0,1,1,1,1,2,0,1,1,3,1,1,1,1,3,1,1,1,1,0,2,1,4,1,2,0,0,2,1,0,2,27,13,21,15,21,16,10,14,15,15,16,13,18,15,22,24,16,11,13,20,9,8,18,17,17,9,19,7,14,12,14,13,13,12,18,16,16,20,13,9,17,19,16,11,13,16,12,16,12,18,16,15,14,21,16,13,13,17,15,12,16,15,19,17,10,17,16,19,13,13,16,12,19,13,12,17,15,11,11,16,25,25,8,13,13,19,16,18,18,25,13,12,13,16,10,20,19,24,14,17,2,2,1,3,0,0,0,1,0,1,0,3,0,0,2,2,3,0,1,0,0,0,0,2,2,1,0,4,0,1,1,1,1,2,1,0,0,1,1,2,0,1,0,0,2,1,0,1,2,0,2,2,0,0,2,1,0,3,1,0,0,0,0,1,1,2,4,1,2,2,1,1,1,3,0,1,2,2,0,0,2,0,1,1,1,1,0,1,0,3,1,2,2,0,2,1,1,1,0,2
Gene43,1,0,2,3,0,2,0,2,0,0,0,2,1,2,1,1,3,1,0,2,3,0,4,1,1,1,1,1,1,1,0,0,1,1,3,2,1,1,2,2,1,1,3,1,2,1,1,2,2,0,0,4,1,2,1,2,2,1,2,0,1,3,1,1,0,2,2,2,1,0,0,0,1,2,2,2,0,3,3,0,1,0,0,0,0,0,1,0,2,1,0,1,1,0,0,1,1,0,1,0,13,13,8,13,16,21,16,11,16,15,13,25,14,26,25,21,17,22,24,12,23,12,19,18,12,20,16,17,12,14,14,25,13,14,12,17,12,13,15,11,14,12,17,17,14,15,11,19,17,22,8,18,14,14,13,9,10,23,10,15,22,19,18,22,10,11,22,13,16,19,15,9,14,17,15,15,17,15,18,25,21,16,15,12,17,22,29,11,14,20,17,18,11,10,16,15,14,17,15,13,1,0,0,2,0,1,0,1,2,0,1,0,0,0,0,0,2,1,0,1,1,1,1,0,1,1,2,2,0,1,1,0,2,1,1,0,0,0,0,1,0,6,2,1,0,2,1,2,0,2,2,4,2,1,1,1,2,2,1,1,1,0,1,2,0,0,3,1,1,0,1,1,1,0,0,0,4,1,0,0,1,0,2,1,1,2,0,1,1,0,1,1,1,1,3,0,4,0,1,2
Gene44,1,1,1,0,0,0,0,0,1,1,0,1,0,0,0,0,2,3,1,0,2,1,1,1,2,0,1,1,2,2,1,1,1,1,0,1,4,2,0,1,2,5,0,0,1,1,0,2,2,1,1,1,1,1,2,2,3,0,2,0,0,1,0,2,2,1,3,2,0,1,0,1,1,1,2,0,1,0,0,2,2,0,1,2,2,0,1,0,2,1,1,2,1,4,1,1,0,1,0,1,16,19,19,16,14,23,18,18,11,15,17,25,16,17,19,18,10,11,13,17,15,23,11,18,25,17,19,20,12,14,12,17,13,12,17,18,11,15,18,14,13,13,17,17,22,16,23,19,19,9,12,17,17,12,16,24,10,19,8,12,13,19,20,21,11,16,13,18,18,17,11,19,13,28,22,19,12,11,9,19,19,15,22,20,13,20,21,12,11,14,15,18,17,13,22,19,20,10,12,13,1,0,0,1,2,1,1,0,1,0,1,2,0,1,2,1,2,0,1,0,1,1,1,1,0,6,2,2,2,1,1,4,0,2,0,2,1,2,3,0,1,2,1,1,1,0,1,1,0,0,2,1,2,0,2,1,1,0,0,0,1,0,1,0,1,0,0,0,1,0,1,2,0,1,0,0,1,0,0,2,0,2,1,0,0,0,1,0,2,1,0,1,3,3,0,0,0,1,0,0
Gene45,1,2,1,2,2,2,5,0,2,0,2,2,1,1,0,1,2,0,0,1,0,1,1,3,1,2,1,0,0,1,0,2,1,1,1,1,2,0,0,1,0,1,0,0,1,0,0,1,0,1,0,1,0,0,2,0,1,1,0,0,1,2,1,1,0,3,0,0,1,0,0,1,1,0,0,0,0,1,2,1,0,0,0,0,1,0,2,4,0,5,2,2,1,0,1,1,0,1,1,2,22,26,17,26,16,29,18,14,18,16,12,16,11,13,15,22,19,9,15,10,13,20,13,21,16,13,15,10,13,18,15,20,15,18,21,25,7,18,18,14,17,13,16,14,15,15,11,14,21,21,8,17,15,12,21,24,13,12,13,17,13,18,16,21,13,17,17,14,20,15,24,13,11,12,17,14,19,11,18,15,16,16,12,12,19,13,23,9,14,10,15,21,14,14,12,11,12,17,9,14,0,2,1,1,2,0,1,0,1,0,0,1,0,1,2,0,1,4,0,0,0,0,1,3,0,0,1,1,2,1,0,1,0,0,3,2,0,2,3,0,2,0,1,0,2,0,1,0,1,1,2,2,2,0,4,1,3,2,0,1,0,2,1,1,4,0,1,0,0,0,1,1,3,0,1,1,0,1,1,0,2,1,1,3,0,1,1,0,1,2,2,0,0,2,1,2,0,1,1,0
Gene46,1,0,4,3,0,1,2,1,0,0,4,2,1,2,0,0,1,0,1,0,0,1,0,1,1,1,3,0,0,1,1,1,2,2,1,0,1,2,1,1,2,0,1,2,0,0,1,3,1,1,3,1,0,1,0,1,0,1,0,1,0,2,1,1,3,0,0,2,0,1,0,2,2,0,3,0,2,3,0,0,1,1,0,3,2,0,1,0,2,0,0,0,0,2,0,0,0,1,0,0,13,19,15,20,18,9,16,10,19,17,17,14,20,11,18,13,16,18,18,13,15,20,15,12,11,25,17,10,13,22,13,15,16,10,21,20,13,18,18,15,23,21,14,14,19,22,14,16,14,19,19,21,17,14,15,15,24,11,16,13,20,15,19,14,14,11,21,22,17,18,10,10,26,14,30,17,13,20,15,18,17,15,24,16,13,18,13,15,11,15,18,15,12,27,19,20,23,16,16,26,0,2,0,0,1,0,2,1,0,1,0,0,1,0,2,1,1,1,0,0,0,1,2,0,0,1,2,1,0,1,1,0,2,2,0,0,0,3,2,1,3,0,0,1,3,0,1,1,1,0,2,2,1,1,1,0,0,0,0,1,0,1,0,2,3,0,1,0,0,1,1,2,1,0,1,2,3,2,0,1,4,1,2,0,1,0,0,0,0,0,1,0,1,0,0,0,0,0,1,3
Gene47,2,0,3,0,1,0,1,1,1,0,1,3,1,1,1,2,1,1,3,1,0,0,1,0,1,2,0,1,0,2,3,3,0,0,1,0,0,0,2,0,1,1,2,1,0,0,0,2,0,0,2,0,0,1,0,0,1,0,0,1,0,2,2,0,0,2,2,2,0,1,0,0,0,0,1,0,2,1,1,1,2,0,2,1,0,0,1,3,2,1,0,2,1,2,1,0,0,1,0,0,23,19,16,18,17,25,15,18,15,16,17,15,20,19,15,13,14,16,16,12,19,17,12,13,19,14,18,20,15,14,7,12,10,23,14,12,12,22,17,11,18,9,13,20,15,18,20,13,13,16,12,22,14,10,12,17,17,14,22,25,19,14,8,14,16,18,25,15,19,16,18,13,15,10,15,25,23,16,11,14,22,10,15,9,16,21,20,15,19,17,11,19,18,20,13,15,17,14,13,23,0,0,2,1,0,0,1,1,1,0,0,1,2,0,1,1,0,0,0,0,0,1,1,1,3,0,0,1,0,0,2,1,0,1,1,1,1,2,2,3,4,1,2,1,0,3,0,0,0,2,1,0,1,3,1,3,1,0,0,0,3,1,4,1,1,1,0,2,1,1,0,1,0,1,3,0,0,1,0,0,3,3,2,1,1,2,0,0,1,1,0,0,2,1,1,0,1,1,1,2
Gene48,2,0,2,2,0,0,1,0,5,0,2,2,0,3,1,3,1,1,1,0,1,1,0,2,2,0,2,0,0,0,1,0,1,0,3,0,0,2,3,0,0,1,0,2,0,2,0,1,0,0,0,1,1,1,0,0,0,2,0,2,2,2,0,0,0,3,3,0,2,1,1,1,1,1,2,2,1,0,0,1,3,0,1,3,1,2,2,1,1,0,2,1,0,1,0,1,2,2,0,1,11,19,12,19,17,12,14,16,19,17,18,12,16,15,17,16,14,12,19,19,20,17,13,19,22,20,13,16,15,17,14,14,7,13,13,25,24,12,19,14,14,22,19,8,21,18,13,16,10,13,12,16,14,16,22,22,11,12,21,14,18,17,22,20,14,13,6,18,18,11,21,15,11,13,11,23,16,14,16,13,13,11,13,19,21,12,17,21,13,14,17,13,18,21,23,14,19,17,20,18,1,0,0,2,0,1,2,2,0,2,1,0,2,1,2,1,2,3,1,0,2,0,0,2,1,0,1,0,0,4,1,0,0,0,1,1,0,2,0,0,2,2,1,1,1,1,1,0,0,3,0,1,1,1,0,2,0,0,0,0,0,1,1,1,1,1,1,1,0,1,1,1,1,4,0,2,2,0,2,0,1,3,0,0,1,2,2,4,0,1,1,0,2,1,1,0,1,2,1,0
Gene49,1,1,1,2,0,3,0,3,1,1,1,1,2,1,2,3,2,1,1,0,3,1,2,0,0,1,2,0,1,3,0,0,1,1,0,0,1,2,3,1,1,1,0,5,1,0,0,0,0,1,1,0,1,1,0,2,0,1,3,1,1,1,1,1,0,1,4,1,1,2,0,1,0,2,0,1,0,3,1,1,1,0,2,0,0,1,0,1,1,1,1,1,1,1,1,1,0,4,2,1,16,17,9,15,15,13,19,13,20,19,24,14,26,17,13,14,14,20,18,11,12,12,15,12,14,13,20,11,19,11,10,17,20,16,9,18,13,19,16,8,8,12,18,15,15,12,18,9,22,17,16,17,21,17,18,14,16,18,15,15,14,17,18,13,18,10,15,21,13,17,12,12,17,15,16,16,13,19,18,14,19,23,13,15,14,13,17,15,11,21,9,16,17,15,16,18,16,11,23,17,0,1,2,0,0,1,1,1,0,1,1,0,3,2,0,0,0,0,0,2,1,1,1,2,0,0,2,0,0,0,1,1,1,4,2,1,1,1,2,3,0,1,2,2,2,1,0,3,2,1,1,1,1,1,1,1,2,1,1,1,0,0,2,0,0,0,1,1,1,1,0,1,1,0,1,0,0,0,1,2,0,0,1,2,1,2,0,0,1,1,2,1,2,3,1,1,1,1,0,0
Gene50,0,1,1,3,1,0,0,2,2,1,3,0,2,1,1,3,0,3,1,0,3,0,1,0,0,1,0,1,0,1,0,4,1,0,2,1,1,0,2,1,0,0,0,1,1,0,0,0,0,1,1,4,2,0,2,2,1,0,0,1,2,0,0,0,2,1,2,1,0,0,3,0,2,2,0,0,2,2,1,0,1,1,3,0,2,2,1,0,1,0,1,1,0,1,1,2,2,0,0,0,15,14,9,14,8,15,20,22,25,11,19,15,20,19,8,21,16,15,16,23,13,20,9,12,13,19,12,8,17,8,11,10,20,17,23,16,19,20,23,24,20,13,17,13,13,19,14,15,19,16,23,19,9,17,20,15,15,17,12,15,13,16,18,15,15,15,10,15,13,15,14,13,18,16,14,18,21,21,15,11,16,17,9,17,26,18,24,16,16,16,14,19,16,15,13,18,17,17,20,23,3,1,2,0,1,0,0,2,1,2,1,3,1,0,1,1,1,2,2,2,0,1,0,1,0,0,2,1,3,0,0,4,1,0,3,0,3,2,1,0,1,0,0,0,2,2,2,1,2,2,0,2,0,0,1,4,1,0,0,0,2,0,1,0,0,1,1,0,1,1,0,0,0,0,1,0,2,1,1,1,1,1,0,1,1,0,1,2,0,0,1,2,1,2,1,1,2,1,1,1
Gene51,0,1,2,0,3,1,1,2,0,0,0,0,1,2,1,0,1,0,2,1,1,1,1,2,5,1,0,0,1,1,1,2,1,1,0,1,1,0,0,1,1,2,0,4,2,1,0,3,3,1,0,1,1,2,0,2,0,2,1,3,1,1,0,4,1,0,2,2,2,2,2,0,1,0,1,1,0,0,1,0,1,0,1,0,2,2,2,2,3,4,0,1,0,0,0,1,2,2,0,0,12,13,19,20,14,23,8,20,15,18,19,13,14,19,23,15,12,19,16,22,18,19,19,17,16,22,16,16,9,15,13,20,13,19,9,16,16,16,11,14,9,13,7,22,17,15,19,15,17,13,19,20,12,17,15,26,15,14,15,19,21,21,14,19,21,16,19,21,16,21,12,22,27,25,21,15,14,13,15,18,16,17,27,16,10,20,9,16,16,13,19,12,16,17,16,19,18,23,17,19,2,1,1,1,0,1,0,3,0,0,1,1,0,0,2,2,1,1,1,1,1,2,1,0,1,1,0,0,1,0,2,1,2,0,1,2,0,1,0,1,1,0,2,2,0,2,1,0,1,0,2,1,1,0,1,1,2,1,0,1,1,0,0,0,2,1,0,2,0,2,0,0,0,1,1,0,3,0,0,0,0,0,2,2,0,1,0,1,2,1,1,2,1,2,0,0,1,3,1,1
Gene52,0,2,3,0,0,1,0,0,2,0,1,1,0,2,0,2,1,0,3,2,1,1,0,1,0,0,0,1,1,1,0,0,1,2,2,2,0,0,0,2,1,1,0,1,1,2,1,1,4,0,1,1,1,0,1,1,2,3,1,0,1,2,3,4,3,0,1,0,2,0,0,1,2,0,0,1,1,1,2,5,2,0,1,0,0,0,0,1,0,0,0,2,0,0,0,0,2,1,0,0,15,15,21,15,14,12,18,18,14,15,16,7,18,17,22,9,15,14,14,14,16,19,12,10,22,15,22,13,20,22,15,13,16,14,20,20,19,9,12,17,19,19,14,15,15,10,19,19,14,18,15,21,18,8,19,12,16,23,14,19,16,12,15,17,22,11,12,13,24,20,19,13,16,15,21,12,10,12,20,10,15,15,16,10,12,24,12,15,11,23,12,14,12,15,18,16,23,18,13,12,2,3,3,0,0,0,1,4,2,2,3,1,2,3,1,2,0,0,2,0,2,2,1,1,2,1,0,1,2,2,1,1,1,0,2,0,2,0,1,2,1,0,0,1,1,0,2,0,1,3,0,1,2,1,1,1,1,1,3,0,0,2,1,1,1,2,1,1,0,0,1,0,0,0,3,0,2,0,1,1,1,1,2,0,0,0,1,1,2,2,1,0,3,0,1,0,0,0,0,1
Gene53,1,2,0,0,2,0,1,0,0,2,1,2,2,0,0,1,1,2,0,0,2,0,1,2,0,2,0,0,0,1,2,1,0,1,1,0,2,2,2,3,1,1,0,0,1,0,1,1,1,0,0,0,1,0,0,0,1,2,3,1,1,0,1,1,0,2,0,0,1,2,0,0,0,0,0,1,1,0,0,2,1,1,0,0,0,1,2,0,0,0,2,0,1,1,0,1,2,2,1,0,13,16,12,21,16,12,20,15,13,17,18,14,16,15,16,16,16,21,17,13,21,15,15,21,11,17,13,13,9,24,17,11,14,12,15,18,10,16,17,15,11,15,23,8,23,15,16,12,20,12,13,19,13,17,24,11,8,21,13,15,10,15,20,17,16,13,23,19,16,12,16,17,18,13,26,16,19,15,8,14,20,16,17,19,14,11,19,12,18,17,14,14,22,22,24,19,12,14,15,12,1,1,1,1,1,0,1,3,3,0,2,0,0,1,0,2,0,2,1,0,0,0,1,1,0,1,0,2,2,0,3,0,0,1,1,0,2,1,0,0,1,1,2,1,1,2,3,4,0,1,1,0,2,1,2,1,1,0,1,2,4,1,4,2,5,2,0,0,1,1,1,0,0,1,3,1,1,3,1,0,0,1,0,0,2,1,0,2,1,0,1,1,4,0,0,1,1,3,0,0
Gene54,0,1,0,1,0,1,3,1,1,0,1,3,1,3,1,1,1,2,4,0,1,2,0,2,1,2,3,0,1,1,2,1,3,0,3,2,3,0,0,1,0,0,1,0,1,1,1,0,0,0,1,3,1,2,1,1,2,3,1,2,2,0,0,2,0,1,1,1,1,0,1,0,1,2,0,1,2,3,2,3,1,1,1,1,0,1,1,1,0,3,2,0,1,1,1,1,1,0,1,1,15,14,21,18,13,12,18,16,14,16,11,20,8,18,8,18,16,16,19,16,22,20,18,9,22,20,16,10,6,16,16,12,16,14,15,11,22,18,15,21,14,19,12,18,16,14,22,21,18,12,20,19,16,18,12,14,22,13,21,13,15,17,15,12,16,19,19,18,17,11,18,9,9,19,20,10,14,13,23,17,16,14,25,12,14,18,15,23,12,13,20,16,19,12,23,14,16,14,16,14,0,3,1,1,0,0,1,3,0,2,1,1,0,1,1,3,1,2,1,0,2,1,1,2,1,1,1,1,0,3,0,0,2,0,1,0,2,1,1,1,3,1,1,2,2,2,1,2,1,1,1,1,0,1,3,1,0,2,1,0,0,2,2,0,0,2,2,1,1,2,0,1,0,0,1,0,0,0,2,0,0,0,2,1,1,0,3,1,1,0,2,2,2,0,1,1,0,1,1,1
Gene55,0,0,1,0,1,2,0,0,1,4,1,2,1,0,1,3,1,0,2,0,0,0,0,1,2,1,2,2,0,0,1,2,3,1,1,1,1,2,1,2,1,0,1,0,2,3,3,1,1,0,1,5,2,1,0,0,1,0,2,0,0,0,3,0,4,1,2,0,0,2,1,1,0,2,0,0,1,0,1,0,0,0,2,1,3,0,1,1,0,2,1,0,0,0,0,2,2,1,0,3,14,19,21,15,17,17,8,15,13,15,14,23,14,15,11,18,10,15,15,22,18,21,16,17,14,12,12,15,11,19,24,10,12,23,26,16,12,14,18,25,24,20,15,8,18,20,12,15,13,19,15,14,19,18,19,12,22,30,11,20,10,18,17,14,22,21,14,18,17,11,20,17,12,8,22,17,19,16,16,18,20,21,9,16,25,15,18,14,20,7,12,10,20,13,17,16,20,10,11,18,1,0,1,2,2,2,1,2,1,2,0,1,0,0,0,1,0,2,1,0,1,1,1,2,1,2,0,1,2,7,2,1,2,3,1,1,1,1,2,0,2,3,3,1,0,0,0,0,2,3,0,0,0,1,0,5,4,3,0,2,1,1,1,1,0,2,0,1,2,1,0,1,2,1,1,0,2,0,0,2,2,4,0,1,1,1,3,1,1,3,0,4,2,1,0,1,0,0,0,2
Gene56,0,1,2,1,1,0,1,1,2,3,1,0,0,1,0,0,1,1,0,1,1,1,2,2,1,1,0,0,1,2,1,0,2,3,1,0,1,0,0,0,2,0,0,2,0,1,1,1,3,4,0,1,1,2,2,0,0,0,1,0,2,0,0,1,1,3,1,0,0,3,1,0,0,0,2,3,0,0,0,0,1,2,1,4,0,2,1,1,1,0,0,0,1,3,0,0,2,0,1,2,17,16,23,25,10,19,20,21,13,13,18,21,13,16,16,17,10,17,21,17,17,15,15,17,20,14,20,14,13,15,18,16,19,13,21,20,18,16,14,16,17,16,18,16,16,23,14,19,16,24,18,18,17,17,17,25,16,17,14,23,15,17,9,10,17,17,12,11,12,14,20,14,11,14,13,13,13,21,16,17,12,19,17,15,14,17,18,8,18,13,11,20,24,18,12,9,19,13,14,25,1,0,0,1,1,2,2,1,0,1,0,1,2,3,0,1,0,4,2,0,0,1,1,2,3,1,0,0,3,1,2,0,1,1,1,1,1,1,2,0,2,1,1,1,1,1,1,0,0,0,0,0,1,1,0,1,3,5,2,0,0,1,1,2,1,1,0,0,0,0,0,3,3,1,0,1,1,3,2,0,1,1,2,1,0,1,1,0,1,0,1,2,0,0,0,0,1,1,3,0
Gene57,1,0,0,0,1,1,0,0,2,1,1,1,0,2,0,2,3,1,2,1,3,0,2,1,0,0,1,1,0,1,0,0,0,1,2,1,4,0,1,1,1,1,1,1,0,2,3,1,0,0,1,0,2,1,2,0,1,0,0,2,1,1,0,1,1,2,0,2,1,0,5,0,0,1,0,0,1,2,1,0,0,2,0,0,1,1,3,2,1,1,0,5,2,1,2,1,1,1,1,0,15,11,13,21,15,27,13,21,10,29,18,20,16,21,18,18,18,13,22,22,17,10,21,21,19,18,17,18,21,18,24,16,21,10,15,13,18,13,13,15,10,17,18,17,15,8,13,16,16,20,18,20,20,20,19,16,13,14,15,12,11,10,22,17,14,25,15,14,14,15,11,18,24,16,13,18,18,18,22,13,20,16,14,11,10,12,18,16,16,11,15,23,20,16,14,18,15,20,16,23,1,1,0,1,1,0,0,0,1,3,0,3,2,2,2,1,1,0,0,1,0,1,1,2,2,1,0,3,0,0,1,3,2,2,0,1,1,0,1,2,1,1,1,2,0,0,0,0,1,1,1,0,1,0,0,0,1,2,1,2,0,1,1,0,2,0,2,0,0,1,1,2,0,0,2,2,0,1,3,0,0,2,0,0,1,1,0,0,3,2,0,2,3,0,1,0,2,1,2,2
Gene58,0,0,0,0,2,0,1,3,1,1,1,7,0,1,1,1,3,5,2,1,0,2,0,0,1,1,0,2,1,1,4,1,1,2,1,0,1,0,0,2,1,0,1,1,0,1,1,0,1,1,0,1,0,2,0,0,0,1,1,1,1,0,1,2,1,3,0,1,2,0,0,2,0,2,0,1,0,2,2,2,2,1,2,1,1,2,0,2,0,2,0,0,1,2,0,0,1,0,3,3,21,12,17,26,13,17,17,15,22,12,16,24,19,17,16,16,10,14,12,20,15,16,12,11,19,21,19,22,19,22,22,20,13,17,17,16,15,18,11,20,17,9,21,16,15,15,19,24,17,14,17,18,23,15,15,15,20,13,21,6,16,20,18,11,17,21,19,18,17,13,12,14,14,20,12,13,13,15,14,14,18,22,13,13,13,10,8,16,13,12,16,17,14,15,14,11,15,11,21,12,3,0,1,1,1,2,2,2,1,2,1,1,1,1,4,2,2,0,1,3,1,0,2,0,1,0,1,1,1,0,0,3,2,0,2,1,1,1,2,1,0,0,0,0,1,0,0,0,1,1,4,1,0,0,2,2,1,1,0,1,0,0,0,1,0,1,0,1,2,0,0,3,0,1,4,1,1,1,0,1,1,0,1,0,0,0,3,0,1,0,1,2,1,0,1,1,2,0,1,0
Gene59,2,0,0,1,1,2,0,0,1,2,2,1,0,3,1,0,0,2,0,1,1,1,0,0,2,1,3,2,1,1,0,1,0,0,2,2,1,0,1,1,0,1,1,3,1,0,4,0,3,0,3,1,1,1,0,0,1,0,0,1,1,0,2,1,0,1,2,0,1,0,1,1,0,3,0,2,1,1,0,1,3,0,0,1,3,1,1,0,3,1,1,1,1,2,2,2,1,0,1,2,6,21,11,10,19,15,10,18,18,12,12,15,18,23,18,17,16,17,20,17,17,22,19,14,14,16,18,14,14,12,13,12,24,18,21,16,10,13,16,14,21,15,20,22,12,19,21,15,15,6,15,11,21,23,18,17,24,16,11,19,19,20,18,13,19,16,20,15,22,14,26,19,17,18,12,19,14,13,23,15,23,21,15,17,14,19,18,9,10,25,18,18,18,15,15,14,15,17,17,11,2,1,1,1,2,1,1,2,1,0,1,1,1,1,2,1,3,1,0,0,0,1,2,3,1,0,0,0,0,2,0,0,0,0,1,1,0,3,1,0,2,1,0,0,2,0,1,0,1,2,0,2,1,1,1,0,0,0,1,0,1,0,2,1,1,0,2,2,0,0,3,1,2,2,1,1,0,2,2,1,1,1,0,2,1,0,1,1,1,1,3,3,0,2,2,0,3,2,1,4
Gene60,1,1,2,0,2,1,2,0,1,0,2,0,1,0,0,1,1,0,2,0,0,3,3,1,2,1,1,1,2,0,2,0,0,1,1,2,0,0,1,1,1,0,0,2,0,2,0,0,1,1,0,3,1,1,0,1,0,0,0,0,2,1,2,1,0,2,0,1,1,1,1,1,0,0,0,1,3,2,0,2,3,0,2,1,2,1,0,0,0,1,2,0,0,0,0,2,1,1,2,1,13,16,13,19,21,9,15,12,15,10,18,9,17,16,15,11,5,18,13,15,12,21,17,14,17,15,12,14,24,19,16,15,9,14,17,21,10,16,12,13,15,9,14,17,11,19,21,11,12,17,18,14,12,15,10,12,17,23,9,16,14,11,10,14,20,10,13,13,12,22,15,13,18,14,14,12,14,16,14,16,13,16,13,15,21,9,15,21,19,8,13,23,13,17,16,21,17,15,17,11,2,0,0,1,2,1,1,2,3,0,0,1,3,1,1,2,0,0,0,0,1,4,2,0,1,0,0,5,1,2,0,1,0,0,1,0,1,1,2,4,1,1,3,1,0,1,0,0,0,0,0,0,0,1,2,0,1,1,1,0,2,0,1,1,2,1,1,3,3,0,1,0,1,1,1,2,3,1,0,1,1,1,0,4,0,0,0,1,0,2,0,2,1,1,1,1,1,1,0,2
Gene61,2,1,3,0,0,0,1,0,3,1,0,0,1,0,1,0,2,0,1,1,0,2,1,1,3,2,2,3,1,3,1,3,2,0,1,2,3,1,0,1,0,2,1,2,1,1,0,1,0,3,0,2,3,2,1,0,2,2,2,1,0,0,1,3,0,2,1,1,0,0,3,2,0,1,0,1,1,1,1,1,0,0,0,0,0,1,1,1,0,0,0,2,0,1,1,2,0,2,0,3,17,8,13,16,11,21,13,13,16,17,15,19,14,17,20,20,13,16,17,22,19,16,17,10,14,15,15,18,9,12,21,20,15,15,14,16,15,10,16,16,13,10,13,10,17,13,18,10,13,10,14,11,21,7,18,17,17,16,13,16,15,14,17,6,15,18,16,13,14,19,17,13,18,19,13,13,12,19,12,15,14,18,17,16,14,12,14,12,16,16,11,14,17,17,10,12,10,22,8,15,2,2,2,1,1,1,3,0,2,1,1,0,0,2,1,1,0,1,0,1,1,2,2,0,2,1,0,0,1,0,4,0,1,1,2,0,0,0,0,6,3,1,1,1,1,0,1,1,0,0,0,1,0,1,1,0,1,1,0,1,1,0,0,1,0,1,0,4,1,0,2,0,0,0,1,1,2,1,2,0,3,0,1,0,0,0,1,2,1,1,0,1,0,1,0,1,2,3,0,1
Gene62,4,0,0,1,0,3,2,1,2,0,1,1,0,1,0,2,1,2,1,1,1,0,2,1,0,1,3,0,1,0,1,0,1,0,1,0,1,1,3,0,3,1,1,2,2,1,0,0,0,1,1,0,1,1,1,0,1,1,3,1,0,1,0,0,0,0,2,0,2,3,2,0,1,1,4,1,2,0,2,0,0,3,1,1,1,5,1,2,1,2,1,1,0,0,1,1,1,4,1,1,19,20,19,17,14,11,12,14,17,16,16,14,16,11,20,17,13,14,20,12,22,13,12,19,14,14,17,16,21,14,19,7,16,16,17,20,13,15,13,15,14,15,18,12,15,21,10,15,14,23,16,14,19,7,14,20,15,20,14,16,16,22,18,23,16,17,23,15,16,18,20,10,9,14,15,13,15,15,18,17,16,15,10,13,14,20,14,18,13,19,24,9,17,11,16,13,11,19,9,20,1,1,1,0,0,1,0,0,3,3,1,0,0,0,0,0,1,1,2,2,0,0,0,1,1,0,0,0,3,1,2,1,1,2,1,0,1,3,1,2,1,0,0,1,2,0,1,0,0,2,1,0,0,0,1,0,2,1,1,0,0,0,3,0,0,2,0,1,1,4,3,2,0,2,1,1,1,3,1,0,0,1,0,5,2,1,0,1,3,1,0,2,1,1,1,2,1,2,2,1
Gene63,3,2,2,0,1,4,1,0,0,2,0,0,3,2,2,0,4,2,0,0,0,2,2,1,0,0,0,0,0,1,1,0,0,2,2,1,1,1,1,1,0,2,0,2,1,1,1,1,0,2,0,1,3,2,1,1,0,0,2,0,3,1,0,1,1,2,0,0,0,1,1,1,0,1,0,1,0,1,1,3,1,1,0,0,1,1,2,1,2,1,1,1,0,0,1,1,0,3,1,1,14,15,15,12,18,14,17,19,18,17,24,21,17,16,20,11,14,15,17,13,15,17,23,15,10,25,16,21,21,12,23,9,15,15,17,12,11,17,15,16,17,16,15,12,20,14,20,10,17,11,16,12,17,12,18,13,13,18,22,16,19,20,13,17,13,16,16,17,14,11,15,15,18,15,16,18,8,19,18,16,24,21,12,14,10,13,18,14,17,16,21,13,16,15,20,15,15,15,15,17,1,1,3,1,1,0,1,1,4,1,5,0,1,1,2,0,2,0,2,2,0,1,1,0,1,1,0,1,1,2,1,1,2,0,0,0,0,0,3,0,3,1,1,0,0,0,0,2,2,3,1,2,1,2,3,0,1,0,3,1,1,0,0,1,1,0,1,1,1,0,1,2,1,2,3,0,1,1,1,1,3,3,1,0,1,2,3,2,1,1,1,3,3,0,3,1,3,2,2,2
Gene64,0,0,1,2,1,0,0,1,2,1,0,2,1,2,1,1,1,1,0,1,2,2,1,0,0,2,2,0,0,1,1,3,1,4,0,0,2,1,3,1,2,0,1,1,1,0,1,1,0,1,1,0,2,1,1,0,1,2,1,0,1,1,3,0,0,2,0,0,1,1,0,0,1,0,0,1,4,1,1,0,0,2,1,1,2,1,1,0,0,0,1,0,1,1,0,1,1,1,1,1,16,14,12,19,10,21,17,22,18,17,16,18,10,9,14,14,16,18,13,12,9,19,5,14,17,17,21,18,12,14,20,17,25,21,14,12,20,12,21,19,13,16,14,18,10,15,13,14,16,14,19,15,19,18,8,12,24,25,17,18,24,12,22,13,19,24,22,14,15,11,19,16,15,12,11,14,24,16,12,12,19,17,17,15,18,20,20,12,16,19,18,20,13,15,12,17,11,20,13,21,2,2,1,2,1,2,2,0,0,1,1,1,0,0,0,1,0,0,0,1,2,1,5,1,2,1,1,2,0,0,1,2,1,0,2,3,1,0,1,1,0,0,1,0,0,0,0,2,0,1,0,2,2,1,0,0,0,1,0,2,1,0,2,0,2,1,2,1,1,2,1,1,0,1,1,2,0,0,4,0,1,0,0,2,1,0,2,2,0,0,0,0,4,2,2,1,0,0,0,3
Gene65,1,3,0,0,2,4,1,1,5,0,1,1,0,0,1,1,3,2,1,2,1,0,2,1,3,0,0,2,1,1,1,1,2,2,1,1,1,0,2,0,0,0,3,1,1,0,1,2,0,0,2,4,1,1,1,1,1,1,0,1,2,1,0,0,3,4,0,1,2,2,1,0,1,1,1,0,1,0,0,1,1,2,1,1,1,1,2,1,3,0,1,1,0,2,1,2,0,2,4,2,22,14,16,17,19,13,19,15,17,12,14,22,14,14,18,10,14,16,12,16,8,12,13,20,16,13,15,17,19,13,20,18,20,14,10,18,12,16,12,23,17,17,14,16,14,15,13,21,10,16,15,11,18,15,19,16,15,16,15,13,21,15,12,17,18,15,12,18,20,19,16,14,12,8,10,20,14,17,17,16,14,10,15,22,12,13,15,16,7,24,15,12,15,21,11,16,9,20,18,11,1,1,3,0,3,1,2,1,2,3,1,0,1,1,2,1,1,0,1,1,0,1,1,1,0,2,2,2,0,1,0,0,0,3,0,2,4,1,2,2,2,0,1,0,1,0,2,3,1,1,4,1,1,1,1,0,1,0,0,0,2,0,1,0,1,3,3,0,0,1,0,0,2,0,0,3,0,1,0,1,0,0,0,1,0,1,1,1,1,0,0,2,1,1,0,0,2,3,1,2
Gene66,1,0,0,1,4,1,2,0,1,2,0,2,2,3,1,3,0,0,0,0,2,1,1,1,0,0,1,1,0,1,1,0,0,0,0,2,1,1,1,0,1,1,2,0,2,1,1,0,1,2,0,1,0,1,1,2,1,0,1,1,1,3,2,0,2,0,0,1,1,2,0,0,2,0,0,0,0,4,1,0,1,0,2,0,1,1,3,3,0,1,0,0,2,0,0,0,2,1,2,1,16,17,17,12,10,16,11,17,14,22,13,11,21,10,13,21,16,21,19,14,18,15,21,7,15,14,17,16,6,14,18,19,17,16,15,10,11,13,12,11,14,20,15,11,21,11,13,20,17,16,18,16,18,21,19,14,18,19,12,20,13,14,13,11,15,18,15,15,18,14,25,19,23,14,18,14,13,20,25,10,14,15,19,13,17,15,13,18,12,6,17,19,13,15,20,18,15,12,18,8,1,2,2,1,0,0,1,0,1,0,2,1,1,0,2,1,1,0,1,2,1,0,0,0,2,2,0,0,0,4,0,1,2,1,1,2,1,1,0,2,1,5,0,1,2,0,1,3,1,1,0,1,0,1,0,1,0,0,1,0,2,1,3,1,0,1,1,1,1,0,0,1,0,0,0,0,0,0,1,1,1,1,3,0,0,2,3,1,1,2,0,1,1,2,2,0,1,0,1,0
Gene67,1,1,0,1,3,2,2,1,0,2,0,1,0,3,1,1,1,1,1,0,2,3,1,1,0,0,0,0,0,1,1,2,0,0,0,2,1,3,0,2,0,2,0,2,2,1,1,0,1,1,1,0,0,0,0,0,3,1,0,0,1,3,2,3,4,0,4,2,0,1,1,0,1,0,1,1,1,1,1,0,1,1,1,2,2,1,2,2,1,3,3,2,2,0,1,1,2,0,1,0,17,17,19,17,13,14,20,11,12,13,16,10,15,16,16,15,18,22,14,22,13,13,15,18,13,20,21,20,13,18,19,16,16,3,19,11,15,17,20,10,13,18,17,16,15,14,20,16,20,19,13,14,12,11,16,21,18,18,20,21,16,14,12,15,21,13,21,18,18,7,26,16,15,20,14,13,18,20,14,14,15,15,15,15,13,17,19,15,19,18,12,26,11,10,14,11,13,20,16,17,1,1,1,1,0,2,3,0,1,1,1,2,2,0,1,2,0,2,1,0,1,2,1,2,0,0,1,0,0,0,4,1,0,2,0,0,1,3,1,0,1,1,3,0,1,0,1,1,1,1,1,0,1,0,1,1,1,2,2,1,2,1,0,0,0,0,3,2,0,0,0,0,1,0,1,3,2,0,1,1,1,1,1,1,3,1,0,1,2,1,1,2,2,3,1,2,3,0,0,0
Gene68,1,2,1,1,1,2,1,1,1,1,3,1,0,3,1,2,1,0,0,0,0,1,0,0,2,0,2,0,0,1,1,1,0,0,3,2,0,1,0,0,1,0,1,1,0,1,2,1,0,0,0,2,0,3,0,1,2,1,3,0,1,0,0,2,1,0,1,3,2,1,0,3,0,2,2,1,3,0,3,0,2,0,2,2,1,1,1,5,3,0,0,0,1,2,0,0,0,0,0,0,17,20,12,17,17,18,13,17,12,12,14,16,16,18,10,15,15,18,17,16,12,14,15,20,16,16,15,20,6,19,19,16,14,15,16,26,15,12,19,12,11,9,25,19,14,29,15,15,12,16,16,13,19,20,20,12,15,12,17,12,8,11,9,13,10,12,12,13,16,10,14,15,14,12,18,11,6,19,12,15,15,25,5,12,11,18,14,14,10,12,13,16,16,21,13,19,16,13,14,20,1,1,0,3,0,0,0,3,0,0,2,2,0,1,2,1,0,2,2,1,2,1,3,1,0,0,1,3,0,3,0,1,2,1,0,0,2,0,2,1,1,0,3,0,1,1,1,1,0,0,1,0,2,0,0,0,0,1,1,0,2,0,0,2,0,1,0,0,0,0,1,1,0,1,3,1,1,2,0,1,0,0,2,1,0,1,3,0,1,2,0,0,3,0,4,0,0,1,2,1
Gene69,1,2,2,0,0,1,0,2,2,2,3,1,1,1,1,2,0,3,0,1,0,1,0,4,1,0,1,1,1,1,0,1,1,1,2,0,0,1,0,0,1,0,2,1,2,0,0,2,0,0,0,0,0,1,1,1,2,0,2,4,2,1,0,0,2,2,2,3,2,1,1,2,0,3,2,1,2,2,0,1,1,0,0,1,1,1,1,1,0,2,0,0,0,3,0,0,1,2,1,0,17,11,19,17,12,15,30,12,20,22,18,17,15,18,11,18,10,16,25,21,13,13,15,17,19,16,16,19,14,16,17,15,17,19,9,13,12,18,15,12,18,19,14,18,12,16,10,16,19,13,20,11,19,18,12,15,9,18,12,13,11,10,14,19,11,15,16,17,21,15,17,11,13,16,27,14,17,15,18,11,18,15,14,13,10,14,20,27,20,14,12,14,22,21,18,14,17,14,10,11,2,2,0,0,1,0,1,0,1,0,1,1,2,0,3,1,0,2,1,3,1,1,1,2,1,0,4,0,1,2,0,1,2,1,1,0,1,0,1,3,2,1,0,0,1,2,1,1,0,0,1,1,0,0,0,0,0,2,0,1,1,0,2,3,1,1,0,1,1,0,0,1,0,2,0,1,0,1,2,2,1,2,2,1,1,1,1,1,0,1,0,1,1,1,0,1,1,0,1,2
Gene70,1,2,1,0,1,1,0,0,0,0,1,4,1,0,0,2,0,4,1,3,2,0,2,0,0,0,0,1,1,2,1,2,1,0,0,1,2,0,1,0,0,1,1,0,1,2,1,1,3,0,0,1,0,1,1,0,2,2,0,4,0,0,0,0,1,0,0,1,3,1,0,2,1,0,1,2,0,1,1,2,1,3,1,3,0,1,0,2,2,3,0,0,0,0,3,0,1,1,1,2,14,18,21,23,25,15,11,18,15,14,18,21,18,17,15,17,19,15,12,14,13,15,13,14,26,11,16,12,18,19,15,16,15,15,17,20,13,15,14,14,15,10,22,20,17,11,17,11,20,15,20,19,18,18,14,13,12,15,14,17,15,13,15,14,19,16,10,22,9,18,9,23,15,25,13,17,19,16,17,12,21,19,12,11,25,8,12,16,15,19,18,19,11,18,14,12,19,16,12,20,2,0,0,2,0,2,1,1,1,2,2,0,1,0,0,1,0,0,2,1,0,1,0,1,0,1,0,0,1,1,2,1,1,1,1,2,2,4,1,0,1,0,2,1,3,1,1,1,1,2,3,2,1,1,2,0,2,0,1,2,0,2,1,0,0,0,1,1,1,0,1,1,0,0,1,1,0,1,2,1,4,0,1,2,0,0,1,0,3,2,1,0,0,1,2,2,0,0,0,0
Gene71,0,2,0,0,0,1,1,1,1,1,5,1,0,2,1,0,2,1,0,0,0,1,1,1,1,2,0,1,1,1,0,2,3,2,3,3,0,2,0,0,0,1,1,1,1,3,2,0,1,2,2,1,0,2,0,0,1,0,0,2,1,0,0,1,0,0,2,0,4,0,1,1,3,2,2,1,0,0,2,1,0,1,1,0,0,1,1,0,3,1,1,1,0,0,1,0,0,1,1,1,12,19,14,15,15,21,16,13,15,14,17,13,16,17,22,14,13,16,16,19,17,14,14,14,12,23,10,18,16,18,9,16,17,19,14,19,15,15,19,15,18,10,13,25,16,24,15,13,17,22,21,19,22,16,14,13,16,16,15,12,10,24,26,18,18,12,9,19,8,15,15,26,17,16,16,17,13,14,15,11,18,19,18,17,17,17,11,18,20,19,15,14,10,16,6,11,19,19,14,17,0,3,1,2,0,1,1,1,2,2,0,0,0,1,1,0,0,0,0,0,1,2,1,0,2,1,0,0,0,1,3,0,2,0,0,1,2,0,0,0,0,3,0,1,1,1,2,0,0,0,0,4,0,2,2,0,1,2,0,0,1,1,0,0,1,1,1,2,0,0,1,0,2,0,3,1,0,0,3,0,0,2,2,2,1,2,1,1,2,1,1,0,0,0,0,3,0,2,0,1
Gene72,1,3,0,1,0,0,1,0,2,1,1,0,0,0,2,0,0,4,0,2,0,2,2,1,0,0,0,2,0,1,0,3,3,2,0,0,2,1,0,3,0,2,1,0,0,1,1,3,2,1,0,1,0,3,2,0,2,1,2,1,0,0,3,0,1,3,1,1,0,3,1,0,0,0,2,1,0,1,2,1,2,0,0,2,0,0,0,0,2,0,0,1,1,2,1,0,0,1,2,1,19,8,15,14,12,21,21,13,23,14,13,17,10,18,17,18,3,14,16,19,9,13,18,14,15,17,14,13,12,20,14,24,11,17,25,20,17,14,15,13,21,15,19,24,21,14,11,13,16,24,15,21,18,14,13,10,18,13,24,21,18,16,13,20,22,11,10,14,23,9,17,18,14,23,15,10,16,18,17,16,9,17,19,19,23,14,19,13,15,24,12,15,16,20,13,17,15,14,18,25,2,0,2,1,1,1,0,0,0,2,2,1,0,1,3,1,1,2,1,3,1,3,2,0,0,1,1,0,0,1,5,3,1,2,0,0,1,2,0,2,1,1,1,2,0,2,0,3,3,1,1,1,0,0,1,1,1,0,2,1,1,0,1,0,2,0,3,0,1,1,0,0,0,1,0,0,0,0,2,0,0,1,1,1,1,1,2,0,1,1,2,0,1,1,0,0,0,1,2,2
Gene73,2,0,1,2,0,2,0,0,0,0,1,2,1,0,1,3,1,1,1,2,1,2,1,0,1,1,0,1,1,1,0,1,1,1,0,0,0,0,1,2,3,1,1,3,1,1,1,0,0,1,2,1,1,1,2,0,1,0,0,0,1,0,1,0,1,1,0,1,2,2,1,0,0,0,1,1,2,0,0,0,0,1,1,1,1,2,1,2,1,2,0,0,1,1,2,0,0,1,0,1,20,16,15,21,18,12,18,15,11,20,16,14,18,17,20,19,20,17,15,20,3,14,17,22,19,13,19,14,18,16,12,11,9,16,20,20,18,11,10,11,16,26,24,16,13,13,16,19,17,16,14,10,13,15,19,19,18,14,18,17,18,23,19,10,15,15,14,16,19,17,18,13,18,14,19,18,13,13,22,20,21,23,19,13,17,16,16,26,16,14,12,10,14,21,13,20,15,11,15,19,1,0,2,3,1,3,4,3,1,2,0,1,3,2,1,1,0,0,2,2,2,2,2,1,1,0,3,1,0,0,0,3,2,0,0,3,0,2,2,2,1,0,1,1,3,1,2,0,1,0,1,2,1,1,0,1,0,2,3,1,1,0,1,2,3,3,1,2,0,1,0,0,1,1,2,0,3,2,1,0,0,0,0,1,1,0,0,0,4,1,1,0,3,0,1,3,0,0,1,1
Gene74,0,1,0,0,1,0,0,0,2,0,3,0,4,1,0,2,2,0,1,3,3,0,0,0,2,1,1,2,0,2,0,0,0,1,2,1,1,0,2,1,2,1,0,1,3,3,0,2,1,1,0,1,3,0,1,1,0,1,0,2,1,0,2,1,3,0,0,2,2,0,0,0,0,2,1,0,0,1,1,4,0,0,0,2,2,1,1,1,2,3,2,0,1,0,1,2,0,3,1,1,20,27,10,17,15,21,9,12,20,29,23,14,20,14,18,16,15,7,15,15,16,11,17,16,14,22,9,15,24,17,14,12,8,21,15,17,23,20,17,17,21,11,19,14,14,22,18,16,19,17,12,17,16,13,24,10,14,14,17,10,13,16,18,13,16,18,14,18,15,10,15,17,14,15,26,16,12,13,16,13,11,15,14,19,15,15,24,15,16,19,11,24,13,21,21,16,10,19,9,20,1,0,2,1,0,0,1,1,0,0,0,1,1,1,0,3,2,0,2,1,1,2,0,3,1,0,0,1,2,2,0,0,0,1,1,1,1,1,1,2,1,2,1,1,1,0,1,1,2,3,1,2,2,1,3,0,1,0,0,3,0,1,1,2,2,2,0,2,2,1,1,1,1,0,0,3,0,1,0,2,1,0,0,1,0,1,0,2,0,0,0,1,1,2,0,0,0,1,0,0
Gene75,0,0,0,2,1,1,5,1,0,0,3,1,1,1,1,1,1,1,2,1,1,1,0,1,1,2,2,0,2,1,1,0,0,0,0,0,1,0,1,1,0,0,2,0,0,0,3,0,2,2,1,0,2,2,0,5,0,0,1,3,1,1,0,2,0,2,1,1,1,0,1,1,1,2,1,1,2,0,0,0,0,3,0,1,2,1,1,1,2,1,0,1,1,1,0,0,0,3,1,1,13,17,8,24,14,17,13,20,18,17,18,18,19,19,13,15,13,8,7,16,11,20,10,18,18,14,13,10,19,18,18,15,15,18,11,11,19,26,22,19,20,17,12,12,15,13,15,14,23,13,18,19,19,15,14,9,16,6,13,18,23,18,14,19,15,22,23,12,15,22,17,13,15,12,15,20,14,15,15,18,7,17,12,14,19,15,28,10,12,11,16,16,19,12,20,8,19,16,20,18,1,2,0,1,1,1,0,1,0,1,1,1,1,3,0,0,3,1,1,1,2,3,1,0,3,2,0,2,0,2,3,1,1,0,3,1,0,1,1,2,0,0,3,1,0,2,0,0,2,2,1,2,0,1,2,1,1,0,1,3,1,1,2,1,2,0,1,0,1,0,1,0,2,1,1,1,1,0,0,6,0,1,0,2,1,1,0,1,1,4,2,1,0,1,2,1,6,2,3,2
Gene76,0,1,1,0,1,0,2,3,2,1,3,1,0,0,2,2,2,1,0,0,0,0,2,2,2,1,1,0,0,0,4,2,1,0,2,0,0,1,0,0,0,1,0,2,1,1,1,0,3,2,0,3,0,0,1,1,5,1,2,2,2,2,0,2,0,0,0,0,3,0,2,0,0,1,3,0,0,0,0,2,0,2,0,0,1,0,1,1,1,1,3,0,1,1,1,2,1,1,0,2,18,13,16,20,19,11,18,12,14,18,10,12,15,19,19,16,12,21,17,13,17,12,11,9,14,13,14,22,12,12,19,17,18,15,21,21,8,11,13,16,18,11,20,17,6,19,15,12,15,12,12,20,15,23,20,14,20,6,12,18,15,14,15,15,11,15,16,18,11,10,15,14,19,13,21,22,16,13,18,18,16,23,19,22,21,9,20,21,13,17,22,14,18,15,17,21,15,19,13,16,1,1,0,1,1,0,0,2,2,0,0,1,1,1,0,1,0,1,1,0,0,2,2,1,0,0,0,2,2,0,1,0,0,2,0,2,1,3,2,3,2,1,0,1,1,0,1,1,1,0,2,0,1,0,2,3,2,0,3,2,1,0,3,1,1,0,1,0,1,1,0,2,1,0,0,2,0,1,1,0,1,2,3,1,2,1,1,0,0,2,0,1,2,0,1,0,0,0,0,2
Gene77,1,0,2,0,2,0,0,0,2,3,0,0,0,4,1,0,0,0,3,0,0,0,1,0,1,3,0,1,2,2,2,0,1,1,1,1,1,0,1,1,2,0,3,1,0,0,1,0,1,0,0,1,1,0,0,3,1,0,1,1,3,0,0,2,0,0,1,0,0,2,1,0,1,0,3,3,4,0,2,0,0,0,0,2,1,2,3,0,1,0,0,0,3,0,0,1,0,2,0,1,16,12,13,16,25,19,17,17,10,24,19,12,26,18,24,15,13,16,17,11,22,21,16,12,9,13,14,17,19,21,14,10,19,13,17,10,20,10,13,15,10,19,17,27,19,19,18,14,9,17,15,17,21,20,14,11,16,24,19,14,12,25,13,19,21,15,17,14,12,17,20,10,20,16,16,27,17,12,11,13,13,16,21,21,16,17,12,15,18,20,10,15,12,18,11,12,26,22,18,16,2,3,2,0,1,1,1,0,1,0,1,2,2,2,3,1,1,0,0,2,3,2,1,3,1,1,1,0,2,1,2,1,3,3,0,0,0,1,0,0,1,1,2,1,0,2,0,0,0,1,0,1,2,1,1,1,0,1,2,3,1,1,1,2,2,0,2,0,2,2,2,0,0,1,1,2,1,0,1,0,0,1,1,1,1,1,1,1,3,1,3,2,1,2,2,0,0,1,0,0
Gene78,1,1,0,2,2,1,4,0,2,1,1,2,3,2,3,4,3,0,0,2,1,1,0,1,0,1,1,0,0,2,1,0,1,1,0,0,2,2,1,1,1,0,1,3,1,0,0,0,2,1,1,1,0,4,1,2,0,1,1,0,3,2,0,2,0,1,1,0,1,1,0,1,0,1,4,2,0,0,2,1,1,2,0,0,1,1,1,2,0,1,0,1,0,1,1,0,1,2,1,3,19,21,13,16,16,14,17,15,13,14,12,18,26,21,18,17,8,24,10,17,22,22,14,10,12,15,20,15,23,14,20,10,21,12,16,16,13,20,14,21,21,21,21,17,13,12,14,15,15,11,11,20,16,16,15,21,23,16,15,21,16,10,17,15,19,13,16,20,13,10,16,14,16,18,16,9,13,18,14,19,20,18,22,10,15,18,19,15,14,18,26,19,27,12,14,14,18,15,14,19,1,1,4,0,0,0,2,1,1,2,0,2,3,1,1,1,0,1,0,1,2,0,1,0,1,0,2,2,3,1,4,0,0,0,1,2,0,3,0,0,2,1,0,2,0,0,1,1,1,2,2,0,0,2,1,3,0,1,1,1,2,0,0,1,1,1,0,0,0,1,2,1,0,1,0,1,0,0,1,0,1,1,0,0,1,0,0,1,0,0,1,2,1,1,1,2,1,0,1,1
Gene79,1,1,1,1,0,0,1,0,0,3,0,3,1,0,0,0,1,0,2,0,0,0,0,0,1,2,0,1,1,1,1,3,2,1,1,0,2,1,0,2,1,0,0,0,1,0,1,2,0,3,2,0,1,1,1,2,0,0,1,1,3,0,1,1,0,1,1,3,1,1,2,2,0,0,0,1,0,0,0,1,2,1,2,2,0,1,1,0,1,2,0,1,2,3,2,1,2,1,2,2,20,20,16,13,23,14,16,23,15,15,17,16,17,16,11,16,19,12,20,15,11,14,11,15,19,23,15,15,18,17,15,16,12,16,21,16,22,15,24,16,18,10,10,18,19,12,24,16,15,18,10,8,24,20,18,12,16,18,16,19,19,13,24,8,20,23,16,20,18,14,16,17,21,13,17,22,17,16,19,17,20,24,16,17,22,12,14,17,26,11,14,15,19,17,12,17,17,12,15,17,0,1,2,3,0,1,0,2,1,1,2,1,1,0,1,0,0,0,0,1,1,2,0,0,2,0,0,0,0,1,1,2,0,2,0,2,1,2,0,2,3,1,0,0,0,0,1,2,0,0,0,1,1,0,1,0,2,0,2,1,0,1,0,1,1,1,0,2,1,0,2,2,0,0,1,1,0,1,2,0,0,2,0,1,1,1,2,0,2,1,1,0,1,0,0,0,2,0,0,1
Gene80,2,2,0,0,0,1,1,0,0,0,1,3,1,0,1,0,1,1,0,1,2,0,1,0,1,1,2,2,2,1,1,0,2,2,2,0,1,0,2,1,0,1,1,1,0,0,2,1,0,1,0,1,1,2,2,0,1,0,1,1,3,0,3,1,1,2,1,1,1,1,1,1,0,1,1,3,0,2,0,0,0,1,3,0,1,1,0,0,2,2,2,0,0,2,0,1,3,0,1,0,12,24,20,18,18,19,16,22,14,16,28,12,18,14,14,13,26,16,11,14,23,19,17,23,14,19,18,16,21,25,15,15,20,15,17,10,11,14,17,18,22,18,12,15,13,15,17,13,16,15,24,25,15,16,14,25,16,18,15,18,13,13,17,17,9,14,20,11,18,15,19,17,16,21,20,13,26,20,16,18,21,12,21,13,22,10,14,14,15,14,16,12,20,18,12,13,13,11,9,18,2,2,0,3,1,2,2,1,1,0,1,0,1,0,0,2,3,0,0,3,1,1,1,3,0,3,1,1,0,1,1,0,1,0,3,0,1,1,3,1,1,3,3,3,0,2,0,0,0,2,2,2,0,0,1,1,2,0,0,0,0,1,0,2,2,2,2,1,1,1,1,3,0,0,2,0,0,1,0,1,2,0,0,0,0,2,1,0,1,2,2,1,0,0,0,2,0,2,0,0
Gene81,1,1,0,0,1,0,2,1,1,1,1,1,1,4,0,2,0,2,3,2,2,0,1,3,0,1,1,1,0,1,3,0,2,0,1,3,1,3,1,0,1,0,1,0,5,0,0,1,0,2,3,0,1,0,2,0,3,2,1,2,0,1,0,0,0,1,0,0,1,2,1,2,1,1,1,1,0,1,1,0,1,3,3,1,0,1,2,2,3,0,0,0,2,0,1,1,0,0,0,3,0,1,0,2,2,1,3,1,0,0,0,3,0,1,1,1,0,2,2,1,3,0,1,0,0,1,1,0,3,2,1,0,1,2,1,1,0,0,1,0,0,0,1,2,0,2,1,0,0,2,0,1,3,2,1,0,0,0,1,2,2,2,4,4,3,0,1,1,0,1,0,2,1,3,2,1,3,0,1,3,2,2,1,4,1,0,1,0,2,2,3,0,0,1,0,0,0,2,1,2,19,14,20,10,9,13,14,10,15,25,15,11,18,18,18,17,16,12,12,9,10,11,12,11,23,19,23,20,8,15,16,10,14,22,17,18,16,9,12,19,17,14,19,20,7,14,14,17,11,15,15,14,15,16,17,24,16,15,11,14,19,20,16,15,23,14,14,24,13,15,13,17,8,20,14,16,16,20,22,17,19,10,15,12,12,13,16,10,15,13,17,15,9,19,20,14,19,18,14,9
Gene82,0,1,2,2,1,0,0,0,1,1,0,2,2,1,2,0,1,1,0,0,1,0,0,1,0,4,4,0,5,0,0,1,1,1,1,2,0,1,2,3,1,1,0,0,0,2,3,0,3,0,1,0,1,1,1,2,0,0,1,0,2,0,1,0,2,2,1,1,0,1,1,3,3,1,1,0,0,1,1,1,1,1,0,2,2,2,0,0,0,2,1,0,0,1,1,2,0,0,0,0,0,0,1,0,1,2,1,2,1,1,1,0,0,0,2,1,1,0,2,0,0,1,2,0,1,0,3,0,1,1,2,1,0,1,3,0,0,0,1,0,2,1,0,2,1,0,4,2,1,0,0,1,0,0,0,0,0,0,3,1,1,1,2,0,2,0,0,1,1,2,0,2,0,4,0,1,1,2,1,2,1,1,0,1,0,2,0,1,1,2,0,1,1,3,3,1,1,2,1,4,17,16,17,10,21,9,14,16,14,22,10,16,20,18,17,20,15,20,16,19,24,19,20,14,21,17,16,14,23,12,14,16,19,18,20,9,10,16,8,21,7,21,15,16,22,13,11,12,23,16,17,16,12,25,20,10,13,17,10,13,17,14,12,10,20,13,7,18,19,12,14,17,14,17,18,14,25,18,22,13,18,14,16,16,21,20,14,13,20,12,15,8,20,16,18,19,18,17,22,10
Gene83,1,1,1,0,0,1,1,0,0,1,2,0,3,0,0,0,0,0,2,1,0,2,0,2,3,2,1,0,1,1,1,1,3,1,0,2,3,0,1,3,3,0,0,1,1,0,0,1,0,1,1,1,2,0,2,1,0,0,1,1,0,1,3,1,1,2,3,0,1,1,0,0,2,1,1,0,0,1,1,2,1,0,1,1,4,0,3,2,0,0,0,1,1,1,2,3,0,1,1,1,2,0,1,0,1,0,1,0,0,0,1,0,1,1,1,0,1,1,1,0,0,1,1,1,1,0,0,0,1,0,1,0,0,2,1,0,1,2,0,2,1,0,0,0,2,0,0,0,3,0,0,1,0,0,1,1,1,3,1,1,2,2,0,0,0,2,1,0,3,1,0,0,2,0,0,1,0,0,0,0,1,0,0,0,3,1,0,1,0,1,1,2,2,0,1,0,1,1,1,2,11,12,10,19,10,18,16,17,23,12,10,19,13,23,15,20,15,15,17,6,18,19,16,13,8,16,10,18,16,21,20,7,25,21,19,15,19,20,11,13,24,19,17,16,14,18,12,9,4,16,23,11,13,20,13,16,19,13,15,19,19,17,16,20,18,21,15,18,11,15,17,11,10,17,14,19,18,18,12,23,14,15,12,15,16,14,13,13,14,15,18,24,17,11,18,10,11,19,15,21
Gene84,2,0,2,0,2,1,0,0,1,1,1,2,1,1,0,0,0,2,0,0,0,0,2,1,0,2,4,2,1,1,2,1,1,0,0,0,0,0,3,0,3,0,2,0,3,1,1,1,0,1,0,3,1,1,2,3,1,1,1,0,2,3,0,2,3,3,1,2,1,1,1,1,0,1,1,3,0,0,1,0,1,3,1,0,1,2,1,0,0,1,2,3,1,1,1,0,1,1,1,2,0,2,1,2,2,0,3,2,0,0,0,0,0,0,2,3,0,2,3,1,1,0,1,2,1,0,2,0,0,1,2,0,0,0,3,1,0,0,0,2,2,1,0,0,1,0,0,2,0,1,3,0,2,1,2,1,0,3,0,1,0,1,1,0,2,0,0,2,1,0,1,1,0,0,0,1,2,1,1,1,0,1,3,0,0,0,0,3,0,0,1,1,1,1,3,1,1,0,2,1,8,18,8,8,21,18,22,11,8,16,10,13,12,12,23,11,10,19,13,8,18,15,11,19,13,9,25,20,18,19,18,15,20,14,11,18,22,19,12,17,16,19,14,14,16,13,10,20,14,19,16,14,20,11,17,16,9,20,17,27,13,14,20,15,13,14,12,12,22,20,22,17,20,15,13,16,11,17,17,23,19,18,17,17,9,14,14,16,15,16,14,19,12,16,13,15,12,11,14,18
Gene85,1,1,0,1,2,1,0,2,0,1,0,2,0,0,0,2,0,3,0,2,3,0,1,2,1,1,0,1,2,0,3,1,0,0,0,2,4,1,0,0,0,0,0,1,1,0,1,0,1,3,2,1,2,1,2,2,1,1,1,0,1,1,0,1,0,2,2,4,0,2,1,1,1,2,2,1,0,1,0,0,2,0,1,1,1,1,0,1,1,1,0,2,2,1,4,1,4,1,0,0,1,2,0,2,2,1,2,1,0,0,0,0,0,2,1,1,2,2,0,0,3,1,3,2,2,1,2,0,0,1,0,0,0,1,0,1,4,0,2,2,2,1,1,0,0,1,2,2,5,1,0,1,0,0,1,1,0,1,3,0,2,0,2,0,0,1,3,2,2,2,0,0,1,1,2,0,2,1,2,3,0,1,1,3,0,0,0,1,0,2,1,1,0,1,2,0,0,2,1,0,15,15,15,20,17,20,19,19,16,18,13,20,22,11,13,15,14,20,16,13,20,18,14,23,10,17,14,17,12,12,13,12,13,10,18,14,15,14,13,17,10,13,20,12,15,13,19,23,19,18,21,15,19,18,22,16,18,14,24,22,17,12,18,14,17,20,16,13,17,20,18,14,18,14,21,15,8,13,14,10,16,9,17,19,14,16,21,12,15,12,17,19,16,12,23,27,12,12,13,18
Gene86,0,0,1,1,0,1,1,0,0,0,0,1,1,1,0,2,1,1,0,2,0,0,2,0,1,3,1,1,0,0,0,1,2,1,0,2,1,0,0,1,0,0,3,1,0,0,1,0,1,1,2,0,1,1,1,2,1,0,0,2,0,2,0,0,0,0,2,2,2,1,2,2,1,0,0,0,0,1,1,0,2,0,1,0,1,0,1,1,0,2,3,0,0,1,0,1,0,3,1,3,0,1,1,0,1,3,2,4,0,0,1,1,1,0,1,2,0,1,0,1,0,1,0,0,0,2,1,1,0,0,1,0,2,5,0,1,0,0,2,0,1,1,3,0,2,1,2,0,0,1,1,2,1,2,2,1,1,1,1,1,0,0,1,2,0,1,0,2,0,3,2,2,2,0,0,1,0,0,3,2,2,0,0,0,2,0,2,3,2,0,2,1,0,1,1,1,4,2,2,1,20,14,11,14,16,17,12,20,13,16,22,15,21,11,7,21,19,17,13,18,19,18,17,13,13,20,9,19,13,14,17,24,14,15,15,29,17,18,20,13,18,17,19,19,11,23,14,13,19,18,21,14,12,11,17,18,11,16,10,17,14,15,15,13,12,14,19,16,10,12,17,8,10,13,18,13,15,10,23,16,17,24,15,13,10,23,10,13,14,14,19,16,11,14,19,17,13,10,19,21
Gene87,1,2,0,0,0,2,2,1,1,0,1,0,1,0,1,1,1,2,1,0,0,1,1,2,0,3,0,2,0,2,1,1,0,1,3,0,0,0,0,2,2,1,2,1,0,0,1,0,0,1,0,0,3,1,0,0,0,2,0,0,3,0,0,3,2,0,0,0,1,0,0,1,2,1,0,0,2,1,1,1,2,0,1,0,1,1,1,1,0,1,0,1,0,0,0,0,1,1,2,5,2,3,1,0,1,1,1,0,2,3,0,1,0,1,1,1,3,0,0,1,1,1,1,1,2,1,0,2,0,0,4,2,1,2,0,1,0,2,0,2,0,2,1,1,0,0,1,1,0,2,1,1,2,1,0,2,0,0,2,0,0,1,2,0,0,2,1,1,0,1,0,1,0,0,0,1,0,3,2,0,0,0,2,3,1,0,1,0,1,2,1,1,2,1,2,1,0,0,1,1,14,12,12,21,25,14,12,18,14,17,11,12,20,14,10,19,22,20,15,19,11,21,22,17,17,11,25,16,19,16,16,18,14,15,20,17,18,12,17,12,14,25,8,11,17,16,22,15,18,18,20,15,17,17,21,22,11,10,15,11,11,11,17,20,20,16,15,21,18,11,17,16,21,20,17,20,19,15,7,15,7,16,14,16,29,13,14,11,14,17,13,16,18,14,26,19,19,16,20,19
Gene88,1,1,2,1,0,2,1,0,0,0,1,0,1,3,1,1,0,1,2,0,1,0,1,2,3,3,1,2,0,1,0,1,1,1,5,0,2,1,0,1,0,0,0,0,1,1,1,4,0,0,3,1,3,1,1,0,0,1,0,0,0,1,0,1,1,1,2,0,0,0,0,1,1,3,2,1,1,0,0,1,4,1,0,0,2,0,0,0,0,0,0,4,1,0,1,1,0,0,2,2,2,1,1,3,0,1,0,4,2,0,2,0,0,0,1,0,0,0,2,0,2,1,1,0,1,0,1,0,4,1,1,0,1,1,1,0,2,1,1,2,0,1,1,0,2,3,1,1,1,1,3,3,2,1,0,0,0,2,2,1,0,0,4,1,1,1,1,0,0,3,0,1,1,2,3,0,0,0,1,0,1,0,1,0,1,1,1,1,2,0,1,1,1,1,0,1,2,0,0,3,24,17,13,11,15,14,19,21,16,19,13,17,17,27,8,14,14,13,13,7,11,9,10,21,18,20,10,16,14,17,19,10,14,13,16,17,17,20,19,12,15,17,17,20,13,12,16,20,14,16,24,15,18,14,11,17,14,13,11,12,10,17,16,15,14,14,15,19,16,10,18,11,13,30,12,14,10,17,14,19,18,17,11,18,16,10,19,11,14,15,15,12,16,17,17,13,17,19,15,14
Gene89,0,0,0,2,1,3,3,0,0,1,0,1,1,0,1,2,2,1,1,1,1,1,0,1,2,0,0,2,0,1,0,3,1,2,0,1,1,2,2,1,1,1,1,2,0,1,1,1,2,2,0,3,0,3,2,2,1,0,1,2,0,1,1,0,2,2,2,0,2,2,0,5,0,1,1,1,1,0,1,1,0,1,2,2,1,0,0,5,0,1,2,2,2,0,1,3,0,1,1,0,0,1,4,0,0,0,1,2,3,0,1,0,2,2,0,0,2,1,1,1,1,1,0,1,0,0,0,1,1,2,0,2,1,1,2,3,2,0,0,0,2,0,2,3,2,2,1,1,0,1,0,1,0,1,0,0,1,2,1,3,2,0,2,2,0,1,1,1,0,0,0,3,3,0,0,2,2,1,1,2,1,1,1,0,1,2,0,1,2,0,1,0,2,1,0,2,0,1,2,0,14,21,19,17,17,13,22,10,15,16,17,14,19,18,11,21,21,13,27,18,26,18,13,16,20,21,12,10,17,12,17,19,26,16,15,12,20,17,15,25,12,19,12,13,16,14,17,17,19,15,15,14,24,13,16,18,16,13,13,18,25,12,14,13,10,18,10,18,22,18,17,19,18,17,21,21,23,21,7,18,15,18,12,17,18,16,15,10,12,17,18,14,20,14,18,16,14,17,9,18
Gene90,0,3,0,3,2,0,3,0,0,3,1,2,0,2,0,2,0,0,0,1,1,2,0,2,2,3,3,1,2,2,1,1,0,0,0,0,3,0,1,1,0,1,1,2,0,0,0,0,1,0,1,1,0,2,2,1,1,2,3,0,1,0,0,1,0,0,0,1,0,1,0,2,0,1,1,0,0,0,2,1,1,0,0,2,1,0,0,2,0,2,0,1,1,0,0,1,1,2,0,0,0,0,1,1,1,0,1,0,0,1,2,0,2,0,0,0,1,2,0,4,0,2,0,0,0,3,0,0,1,1,1,0,0,1,2,0,0,0,2,1,0,1,0,1,1,0,1,0,0,0,2,1,1,0,1,1,1,1,0,3,2,0,1,0,1,1,0,1,0,5,3,1,0,3,1,0,1,2,0,4,1,1,0,2,2,1,2,4,2,0,0,1,0,0,1,4,1,1,0,0,14,22,10,13,20,11,26,16,18,18,21,17,22,14,11,17,19,18,12,11,13,17,21,19,18,16,9,18,12,15,14,21,15,24,20,13,15,17,15,19,20,14,17,15,21,14,10,20,16,16,14,11,14,18,28,13,22,12,17,16,11,19,11,15,18,11,18,16,18,13,23,11,18,13,18,16,18,19,13,17,20,25,10,15,11,13,10,16,14,14,19,24,18,14,17,14,19,11,12,14
Gene91,1,1,0,2,1,0,1,1,2,1,2,2,1,0,1,0,3,0,0,3,0,0,0,3,0,0,0,0,2,1,1,1,3,2,1,0,1,2,3,0,0,0,0,1,0,2,0,0,0,2,1,1,1,0,1,0,4,0,0,0,0,2,1,1,1,2,3,0,1,0,2,2,3,0,0,0,1,4,0,2,1,0,1,1,2,0,0,1,0,1,2,1,3,1,1,0,1,1,0,1,0,0,0,0,1,1,1,0,1,2,0,0,1,1,1,1,1,4,2,2,0,2,2,0,0,0,2,1,1,0,1,1,1,0,2,1,1,1,1,0,0,0,2,0,0,2,1,1,1,1,0,2,3,2,2,1,1,0,1,3,1,0,2,1,1,1,2,0,1,3,0,0,2,0,1,2,0,1,1,0,0,1,2,3,1,2,2,1,1,1,0,1,0,2,1,4,1,2,1,3,14,16,17,16,20,18,15,25,17,14,19,12,15,18,11,16,22,27,21,19,16,14,14,13,16,13,13,10,23,11,12,13,21,18,14,29,25,12,13,19,12,11,20,24,17,14,8,17,17,20,24,22,15,17,11,25,16,17,14,19,17,12,18,11,16,16,14,15,13,17,13,13,13,18,12,15,14,17,17,18,13,15,8,21,18,11,14,22,13,19,15,20,13,17,10,18,14,14,13,12
Gene92,2,1,3,3,2,2,0,1,4,1,2,3,0,3,1,0,0,0,0,0,0,1,1,1,0,3,2,0,1,3,0,0,1,1,0,2,0,0,1,0,0,1,0,0,0,3,1,0,0,0,0,0,4,3,1,1,0,1,2,1,1,2,2,0,1,2,0,3,1,2,1,0,0,0,1,2,0,0,0,0,2,1,1,1,1,1,1,1,3,2,0,0,0,0,0,1,1,2,1,0,0,0,1,0,1,1,2,1,3,2,1,0,1,1,0,2,0,0,0,3,1,2,1,0,1,2,1,1,1,1,1,0,0,0,2,1,1,0,0,0,2,4,1,2,1,1,1,1,2,2,0,1,3,1,2,1,1,0,1,0,1,1,1,1,2,1,2,1,0,0,1,0,2,1,0,0,1,1,1,2,0,1,3,1,0,2,0,2,1,4,0,2,0,0,2,2,2,0,0,0,23,11,14,12,14,15,16,17,21,16,16,21,15,23,17,16,15,13,22,20,20,12,20,17,14,17,18,12,14,13,18,12,13,16,16,14,18,11,12,16,22,19,21,17,14,7,19,13,15,16,17,14,18,20,13,17,16,15,11,16,15,14,12,21,30,21,10,13,11,8,19,15,18,20,16,20,21,16,16,16,12,17,22,13,16,13,13,10,15,6,10,17,18,10,19,15,11,17,13,17
Gene93,1,1,1,1,1,2,1,1,1,2,1,1,1,0,1,0,4,0,1,0,3,1,2,0,1,0,2,0,1,3,3,0,0,1,2,1,1,1,2,0,1,0,2,0,0,2,1,2,1,1,3,1,2,2,2,2,0,1,1,2,2,1,0,0,0,1,2,1,0,0,0,2,1,0,2,1,1,1,0,4,1,1,1,0,1,1,0,2,1,0,2,0,1,0,1,3,1,2,0,0,2,2,0,1,1,0,0,0,0,1,0,1,3,0,1,2,0,3,0,0,1,0,3,0,1,1,1,2,0,2,1,2,2,2,1,0,1,0,2,1,1,0,0,0,1,1,0,0,0,3,0,2,3,1,0,2,1,0,0,0,2,0,0,4,1,0,3,0,1,0,2,2,0,0,2,2,1,0,1,2,1,3,1,1,1,1,2,1,1,2,1,0,0,3,0,1,3,2,1,1,10,15,17,19,21,17,22,10,12,14,18,17,19,23,14,10,19,12,19,14,11,17,26,17,14,14,9,20,20,21,22,14,11,17,10,15,21,12,11,11,19,14,21,17,10,16,19,12,14,14,19,20,13,14,17,22,12,14,11,11,12,17,11,16,19,19,11,11,19,19,18,17,20,9,20,18,18,24,15,14,17,15,22,14,15,15,15,19,17,11,15,13,19,13,24,17,15,21,12,13
Gene94,1,1,0,2,2,1,1,1,0,0,1,1,1,2,0,0,4,1,0,1,1,1,3,2,0,2,0,1,0,0,3,1,0,0,1,5,1,4,2,1,1,2,1,0,1,0,3,1,0,1,1,0,0,1,1,0,0,1,1,0,1,1,1,0,1,2,2,1,3,0,2,2,0,2,1,0,2,0,1,1,2,0,0,0,0,4,0,1,4,1,0,0,1,0,3,0,1,1,1,1,2,0,0,4,2,4,1,3,1,1,0,0,1,2,1,2,1,2,1,0,1,0,1,2,1,0,0,0,2,1,0,0,2,0,1,1,2,0,2,2,1,2,0,2,3,1,0,0,1,0,5,1,1,3,0,1,1,2,1,1,1,3,0,1,1,1,0,1,0,1,0,1,1,0,4,2,1,0,0,0,1,1,1,0,1,3,1,1,1,1,2,1,1,0,2,2,2,0,2,0,16,9,16,19,18,10,12,12,19,12,17,20,17,13,19,10,7,23,11,19,18,25,15,8,18,17,16,15,11,15,14,17,15,15,13,11,14,18,15,17,13,15,17,11,25,10,17,21,10,16,20,14,18,14,13,21,15,18,22,24,13,10,14,14,13,13,9,15,19,13,29,15,17,9,21,17,17,19,16,16,16,10,17,19,16,13,14,16,16,22,21,10,18,21,27,9,17,19,13,16
Gene95,3,0,1,1,1,1,0,0,1,2,4,1,1,1,4,2,1,0,1,1,1,0,0,0,0,2,0,4,0,1,1,3,0,1,0,1,1,2,2,2,1,1,1,0,0,1,0,0,1,0,1,0,2,1,0,1,0,1,2,2,1,0,2,1,3,0,0,1,0,0,1,0,1,2,1,0,2,0,0,0,0,1,2,1,2,2,0,0,1,1,1,0,0,1,0,1,0,1,1,0,0,1,0,1,2,2,0,1,0,0,0,0,1,0,0,1,2,2,1,1,1,0,0,0,3,1,2,3,1,0,0,0,2,0,2,0,0,0,0,0,1,2,2,1,2,1,1,0,0,0,1,2,2,4,2,1,3,1,1,0,3,0,0,1,2,0,1,1,1,1,1,0,1,2,0,1,0,1,2,2,1,0,0,2,0,1,0,0,1,1,0,0,0,0,1,5,1,1,1,0,20,15,13,12,16,15,13,15,10,25,18,17,13,12,4,13,17,13,10,19,18,16,19,12,14,16,10,15,13,15,9,18,15,15,16,21,18,13,8,12,23,12,18,24,22,20,16,14,15,8,19,17,17,13,16,14,26,14,21,21,8,12,19,12,18,13,16,22,21,17,20,13,15,17,17,19,11,15,7,18,12,12,12,8,15,20,18,12,13,23,12,13,14,12,14,14,22,8,24,12
Gene96,0,1,0,1,2,1,1,1,2,2,1,1,0,3,0,1,0,2,0,0,1,1,2,0,0,0,1,5,1,0,1,0,0,1,0,3,2,4,0,1,2,1,1,2,1,0,1,1,1,0,0,0,1,1,1,3,0,0,1,6,1,0,2,2,1,2,0,2,2,2,2,0,3,1,1,0,0,2,0,0,1,1,2,1,0,1,2,1,2,1,3,2,0,1,0,2,1,2,1,1,2,0,1,0,0,0,3,0,1,0,0,2,0,2,1,2,1,1,0,0,2,2,2,1,0,1,0,1,1,0,1,0,3,0,2,1,0,0,1,4,2,2,0,1,1,1,0,0,2,0,0,0,1,0,0,2,1,1,1,1,0,4,1,0,1,0,2,0,0,2,2,0,1,0,1,0,1,1,0,1,0,1,2,1,2,0,0,0,1,1,4,2,1,2,2,1,2,0,2,2,16,11,19,20,21,11,17,15,20,17,21,17,12,17,13,15,19,20,19,13,15,20,14,14,14,13,24,24,13,13,16,9,18,22,16,24,13,14,16,15,21,19,11,12,16,9,19,21,14,18,16,18,18,20,16,17,17,15,19,8,13,13,20,15,16,16,10,9,12,14,9,16,21,19,18,16,19,22,14,13,18,16,15,13,9,16,16,10,10,20,19,18,15,15,14,19,11,14,15,19
Gene97,1,2,2,2,1,0,1,1,0,2,0,2,1,1,0,1,1,1,0,1,1,0,0,2,1,1,0,0,1,0,0,0,0,0,0,0,1,0,1,0,2,0,0,2,1,2,3,0,0,2,0,2,2,2,0,2,0,1,2,0,1,2,0,2,1,1,0,1,1,0,0,1,2,4,0,0,0,0,2,0,1,1,0,1,1,0,1,1,0,1,1,1,1,3,0,1,1,0,0,1,1,1,0,0,2,3,1,0,1,1,1,0,1,3,1,3,3,0,4,0,2,2,0,0,1,2,1,0,2,3,0,3,3,0,2,1,1,1,2,3,0,0,0,1,1,3,2,1,0,0,1,3,1,0,1,2,0,3,4,0,1,0,0,1,0,1,1,2,1,0,1,0,1,1,0,0,1,2,3,1,0,0,3,1,3,0,1,1,2,1,2,1,2,2,0,1,1,1,2,1,18,16,21,16,22,17,12,13,18,23,14,15,22,14,13,18,22,21,19,14,20,11,13,16,18,8,11,15,22,10,19,14,9,13,20,20,14,15,21,16,14,20,14,12,16,12,15,15,16,13,14,14,15,12,24,16,17,12,11,20,14,10,11,19,14,15,18,17,13,20,15,20,10,14,22,17,14,20,17,13,17,15,22,15,20,16,18,22,12,15,19,17,23,11,17,15,16,19,14,17
Gene98,1,2,1,2,0,4,1,0,1,0,1,0,1,0,0,0,1,0,1,1,0,1,1,0,0,0,0,0,2,0,0,0,0,0,1,2,0,0,0,0,2,0,0,1,1,2,0,1,0,2,2,0,0,2,0,1,2,1,0,0,1,3,0,1,2,1,0,2,1,1,1,1,1,0,2,2,2,3,0,2,2,1,2,2,1,0,1,2,3,1,1,1,1,1,1,0,1,1,1,0,3,1,3,1,2,1,1,0,0,1,1,0,0,1,0,0,1,0,1,1,2,0,2,1,0,0,0,0,0,2,1,0,1,0,1,1,0,2,1,0,0,1,0,0,0,1,2,0,2,0,0,2,2,0,0,2,0,2,0,1,3,2,0,0,0,0,3,1,2,1,2,0,2,1,3,0,1,0,2,1,2,2,0,1,0,1,0,0,1,2,0,3,1,0,0,0,0,0,4,1,23,18,12,14,19,12,14,24,19,13,19,16,15,15,15,19,20,21,16,16,20,21,13,21,10,17,14,16,12,17,13,12,15,13,15,15,17,18,18,20,11,14,16,14,15,18,13,18,23,20,19,14,16,19,22,19,14,13,16,14,15,14,16,15,15,11,19,16,16,22,15,11,13,19,18,16,12,18,19,14,17,15,22,17,14,19,15,20,22,21,13,19,14,15,19,11,17,8,13,15
Gene99,0,1,1,3,2,0,1,0,0,1,0,1,1,0,1,0,1,1,1,3,3,1,2,1,1,1,0,1,0,4,2,1,0,0,0,0,2,2,0,1,2,0,1,0,1,1,1,2,4,0,0,1,2,0,0,2,1,2,0,1,1,1,0,1,1,0,3,3,0,1,2,0,2,1,2,0,2,0,0,2,3,0,0,1,2,1,2,2,2,2,0,1,2,0,1,0,2,0,2,0,1,0,0,0,2,3,2,0,1,1,1,2,0,0,0,0,0,3,2,0,2,1,0,0,0,1,2,1,1,0,0,1,2,1,1,1,0,0,1,3,0,2,2,1,0,0,0,1,1,0,0,2,2,0,0,2,0,0,0,3,3,2,1,2,1,1,3,1,0,0,2,2,2,2,2,0,1,0,2,1,0,1,1,0,0,0,0,1,0,1,2,1,1,0,0,1,1,0,0,0,13,13,17,18,10,10,19,14,20,14,16,15,15,24,17,16,15,19,16,11,24,8,12,12,16,11,16,14,15,15,12,14,20,15,19,16,17,23,10,15,21,10,22,8,10,18,19,16,10,12,11,10,18,12,17,13,13,15,13,9,12,17,16,18,18,12,25,18,12,21,16,12,18,9,18,9,16,14,17,15,16,13,9,22,13,20,17,14,16,35,16,21,14,16,20,14,17,21,19,23
Gene100,0,0,0,1,1,0,1,2,1,3,1,3,2,0,0,0,1,0,0,0,0,1,0,1,0,1,1,1,4,2,1,1,0,0,0,1,1,1,0,2,0,1,1,1,0,3,0,1,0,0,1,0,2,3,0,1,0,1,0,0,1,1,4,3,0,1,0,2,0,1,1,2,1,0,0,1,2,1,1,0,3,1,1,1,0,1,1,0,1,2,0,0,2,1,1,2,1,1,1,0,1,0,2,1,2,2,2,1,2,0,1,1,1,1,0,3,5,1,3,1,2,0,4,1,1,1,0,1,4,1,0,1,1,2,3,2,2,0,0,3,0,1,0,2,2,1,1,1,1,1,1,2,1,0,2,3,2,1,1,1,3,3,2,0,1,1,1,0,1,1,1,1,0,0,1,1,0,3,2,2,1,1,1,3,1,1,1,1,0,1,2,1,1,1,0,0,1,1,2,0,16,21,17,14,18,14,14,18,11,11,21,19,18,14,12,13,13,16,15,11,14,16,19,19,17,20,15,7,13,18,14,15,15,17,18,10,16,13,19,17,20,16,15,20,12,11,17,15,11,14,16,11,13,17,18,12,14,18,13,21,21,22,14,25,12,17,23,20,21,17,22,13,20,19,21,21,12,12,10,22,12,13,13,23,13,16,13,21,20,19,16,12,10,17,19,15,20,18,21,12
Gene101,1,2,1,0,0,1,1,1,1,1,3,2,0,1,2,1,1,2,2,2,2,1,3,1,2,0,0,1,3,1,1,0,0,0,0,0,3,2,1,1,2,1,2,2,1,0,0,1,0,0,0,2,1,0,1,2,1,1,2,0,0,2,0,0,1,1,0,0,1,0,0,1,1,3,0,0,1,1,0,1,0,1,1,0,1,2,0,0,0,4,2,0,3,0,0,0,2,0,1,1,1,1,1,1,0,0,2,2,0,0,1,1,0,1,0,2,1,1,1,0,0,2,1,1,0,2,1,4,0,0,1,2,2,1,0,1,2,1,1,1,0,1,0,0,0,1,1,0,0,0,1,2,1,1,1,1,2,1,3,0,1,3,1,1,1,1,1,5,2,2,0,1,2,1,2,2,0,1,2,1,0,1,0,0,1,1,1,1,0,2,1,0,1,1,2,1,3,0,1,1,19,13,14,18,14,12,14,16,15,20,15,16,8,18,20,19,8,21,14,15,17,14,23,12,16,10,14,17,13,15,18,21,13,9,25,15,14,18,14,14,15,16,10,22,16,19,14,14,13,18,22,27,19,18,20,14,19,15,13,17,23,15,16,14,24,23,11,12,20,12,10,15,14,22,16,19,19,13,19,18,16,17,13,15,12,20,13,12,19,21,13,18,19,12,21,19,21,14,15,15
Gene102,2,0,2,1,2,1,2,2,1,0,1,1,1,0,0,3,0,1,0,1,0,0,2,1,3,2,1,3,0,0,0,2,2,1,1,2,1,1,2,1,0,0,1,0,1,0,1,0,2,1,1,0,0,1,0,2,0,0,1,1,0,0,0,0,0,0,2,0,0,0,0,0,1,0,0,5,1,1,0,2,1,0,3,0,1,2,4,1,0,1,0,1,1,2,1,1,2,1,2,1,1,0,2,3,0,0,3,1,0,0,1,1,1,0,2,0,1,0,1,1,2,0,0,0,1,1,1,0,0,1,2,0,2,0,2,1,2,0,0,0,2,0,0,2,3,4,0,0,0,2,2,0,2,2,1,0,4,1,0,2,1,0,0,1,1,1,0,0,2,1,0,1,0,2,1,0,2,0,0,0,0,1,0,0,0,2,0,2,0,2,0,1,1,0,1,1,0,1,0,1,23,15,8,19,14,12,17,16,22,13,19,19,16,9,19,13,16,17,14,25,18,15,19,29,14,11,18,8,12,16,17,23,17,12,10,18,14,18,11,17,15,18,21,17,17,12,13,12,20,10,16,18,16,15,14,19,13,7,14,15,15,19,28,17,17,24,15,14,15,14,18,14,14,15,9,20,19,16,15,18,16,17,11,14,22,14,16,16,14,21,16,10,12,15,14,15,15,18,23,12
Gene103,0,0,2,2,0,2,1,2,4,1,1,2,2,0,0,5,2,0,1,2,1,0,0,0,0,1,0,0,0,0,0,2,2,1,2,3,2,1,1,1,0,1,0,2,1,1,2,2,0,0,4,2,0,1,2,2,0,1,1,2,2,1,0,1,2,0,1,0,3,0,1,0,1,2,1,0,0,0,0,1,0,1,3,2,1,1,1,5,1,1,2,0,1,1,1,1,1,1,1,0,0,2,1,0,2,0,2,1,1,0,2,1,2,1,1,1,1,0,0,1,3,0,0,1,0,1,0,2,1,5,1,1,0,0,0,1,1,1,0,1,1,0,1,0,1,0,3,1,1,2,0,1,1,2,1,1,1,2,1,0,0,3,0,0,2,0,0,3,2,0,0,1,1,1,0,0,0,0,1,0,2,1,3,2,2,1,1,1,2,1,2,5,0,1,2,0,0,1,1,1,20,16,22,16,10,16,27,13,20,22,12,15,16,23,16,15,14,15,16,11,13,19,15,18,20,20,17,10,13,6,20,16,22,13,15,14,13,18,16,16,18,12,13,16,16,19,18,24,13,21,11,11,22,11,22,12,12,15,21,19,13,17,20,14,7,8,14,12,15,13,14,18,16,12,17,11,12,17,15,11,15,17,12,23,11,15,10,15,14,15,12,14,15,16,14,18,17,13,16,14
Gene104,1,2,0,1,0,1,1,1,1,1,2,1,1,0,1,0,3,2,2,1,3,1,1,0,0,2,1,0,1,3,1,3,1,0,1,2,0,0,0,1,0,4,0,1,1,1,2,1,2,1,0,2,1,0,3,0,3,2,0,1,1,2,1,5,2,1,1,2,2,0,1,2,2,1,0,1,1,2,0,0,1,2,1,3,1,1,1,1,1,0,2,4,2,1,0,0,2,0,1,1,2,1,1,0,2,0,2,1,1,0,3,3,2,0,1,2,0,4,1,0,0,1,2,1,0,2,2,4,0,1,0,1,0,0,3,1,0,0,1,1,1,2,1,0,3,2,2,2,0,0,1,0,2,1,0,1,0,0,1,1,1,0,3,2,3,1,0,2,1,0,0,0,2,1,2,2,0,1,1,2,0,0,2,0,0,0,1,2,2,0,1,0,0,2,1,3,3,1,1,0,17,17,15,18,14,15,21,16,17,25,14,12,28,15,18,11,22,22,12,14,15,14,14,8,18,20,19,29,18,16,19,23,18,19,24,13,18,18,16,13,15,15,14,19,23,17,18,7,21,13,21,16,12,10,20,12,16,18,14,18,19,15,14,8,17,14,15,18,16,19,20,18,10,18,17,10,28,10,12,22,17,14,15,22,17,26,20,17,16,17,20,18,21,21,14,16,19,19,13,12
Gene105,0,3,0,0,0,0,2,2,2,0,3,1,1,0,0,2,0,0,2,0,1,1,1,0,0,2,0,1,3,0,2,3,0,2,0,0,1,0,1,1,1,1,0,1,0,3,1,1,2,2,0,0,0,0,1,1,0,1,0,1,0,1,3,1,0,1,0,1,0,0,2,3,1,0,1,3,0,1,1,0,0,1,0,1,1,0,2,3,2,1,0,2,2,1,0,1,0,0,0,0,2,1,1,2,0,1,0,0,1,1,1,1,1,3,0,1,1,0,2,2,1,1,1,1,1,2,1,2,0,0,0,0,2,2,1,2,0,0,1,1,2,2,0,1,1,0,1,2,1,1,2,0,2,0,1,1,0,0,1,0,0,2,0,4,0,4,0,1,1,1,3,1,0,0,1,2,0,0,1,2,2,2,1,1,0,1,0,0,0,1,0,1,1,1,3,0,0,4,0,3,14,22,15,13,13,15,24,21,15,15,22,16,14,19,14,15,12,16,14,17,15,10,18,11,16,12,10,19,12,17,22,10,18,18,14,11,20,25,20,24,19,16,13,13,18,17,19,16,8,19,16,12,17,19,17,17,15,22,19,20,14,19,20,14,18,19,15,14,22,17,24,15,10,11,17,19,14,16,17,22,8,15,19,14,13,24,12,18,15,18,18,15,17,21,18,15,15,19,14,11
Gene106,1,1,1,1,2,0,0,0,0,1,1,2,2,1,0,1,1,0,0,1,2,0,0,1,1,1,0,0,2,2,1,1,1,1,0,1,0,2,1,0,1,1,1,1,0,0,1,0,0,1,2,3,1,0,1,1,3,1,1,1,0,2,4,5,2,0,1,1,0,0,2,1,2,0,2,2,1,2,0,1,1,0,1,1,0,1,0,0,0,2,0,1,2,0,1,0,1,0,4,2,0,0,0,0,2,0,1,0,1,1,1,2,1,1,1,0,0,1,0,1,1,1,2,1,2,3,1,3,1,0,0,3,0,2,1,1,1,0,1,0,2,0,0,1,1,3,2,0,0,1,0,0,1,2,0,1,1,0,0,1,0,0,0,0,2,0,0,2,1,0,0,0,0,1,0,1,1,0,0,1,1,1,0,1,1,2,0,1,2,0,0,0,1,1,1,2,0,0,1,3,14,14,14,17,21,19,13,12,16,18,17,16,18,14,14,11,10,12,14,13,14,22,22,17,14,18,24,18,19,14,15,18,15,16,13,8,16,17,13,17,14,10,13,10,17,20,21,19,20,18,18,14,12,14,4,19,15,18,10,16,21,12,15,10,16,15,14,16,14,22,15,21,13,15,10,16,14,20,16,25,13,20,25,18,12,22,22,12,21,13,11,16,21,12,13,24,15,7,20,13
Gene107,1,0,1,0,1,1,2,1,1,2,3,0,1,2,3,0,4,0,0,2,1,5,1,2,0,0,0,2,1,1,2,1,1,1,0,2,1,1,1,3,0,1,0,4,0,0,3,1,1,0,1,0,2,0,2,0,2,0,2,0,0,0,0,2,0,0,1,1,1,1,0,0,0,3,1,0,2,2,1,0,0,0,1,0,2,1,0,0,2,2,2,1,0,0,0,0,1,1,2,0,0,3,0,0,1,1,1,1,1,2,1,1,2,2,1,0,1,0,1,2,1,3,1,2,0,1,2,2,1,2,2,6,0,1,2,0,2,0,1,1,1,1,0,0,2,1,0,0,1,1,0,1,4,0,2,2,1,2,2,1,1,1,3,2,0,1,0,1,1,1,2,2,0,3,3,0,0,1,0,2,3,0,1,0,1,1,0,0,0,0,0,0,1,2,1,0,1,2,0,1,12,16,27,14,11,20,12,19,17,20,16,12,19,17,19,22,14,15,20,17,9,17,14,22,15,13,24,14,10,15,14,10,18,18,17,15,14,9,12,14,14,12,15,16,21,14,17,19,23,14,8,15,22,12,15,15,14,17,16,9,22,13,8,16,21,15,11,10,17,21,24,25,12,18,12,18,18,12,20,21,19,21,22,16,18,17,18,13,13,8,14,13,10,14,19,20,10,21,11,16
Gene108,1,0,2,0,0,0,0,1,0,1,0,0,0,0,0,1,1,1,2,0,1,1,1,2,1,0,1,0,2,0,1,2,0,0,2,5,1,2,0,0,2,0,2,0,1,1,0,1,2,0,1,1,2,0,1,0,1,1,1,0,1,0,1,1,1,2,2,0,1,1,2,2,1,3,2,1,3,2,1,1,0,0,0,1,1,1,2,1,1,1,0,0,1,0,0,2,0,0,0,2,2,3,0,2,2,1,5,2,1,0,1,0,1,2,0,2,1,2,2,2,2,1,2,1,0,0,0,1,1,1,1,0,0,0,3,0,1,1,1,1,2,2,1,0,1,0,1,1,2,0,1,0,0,1,1,0,0,0,0,1,1,1,0,1,2,2,2,1,1,1,1,1,1,3,0,1,1,2,2,1,2,1,4,2,1,0,2,1,2,1,1,1,2,1,1,2,1,1,2,2,18,18,17,14,10,19,13,17,9,16,16,14,24,15,14,16,23,20,21,12,19,10,18,15,13,9,15,17,17,19,22,20,18,17,22,11,13,24,15,15,16,16,14,23,10,9,12,18,8,21,19,18,8,13,13,20,20,17,16,20,16,9,12,13,15,13,20,11,22,15,11,14,12,18,22,16,10,17,18,8,17,16,11,18,11,15,16,14,18,20,31,20,12,16,17,9,20,14,12,16
Gene109,0,0,0,3,0,0,1,0,0,1,1,0,0,0,3,1,1,1,4,2,2,1,0,1,2,1,0,3,1,0,0,2,2,0,0,1,0,1,1,0,0,1,0,1,1,0,3,2,2,1,1,0,2,2,1,2,1,2,0,1,2,0,1,1,1,1,1,0,2,0,1,1,0,1,0,1,1,3,1,1,1,0,0,1,0,3,1,0,0,0,4,2,1,0,0,0,3,1,1,2,1,0,0,0,1,1,1,1,1,0,0,1,1,4,4,2,1,1,1,0,0,1,0,1,0,0,1,0,1,3,0,0,2,1,1,0,2,0,1,2,1,0,1,0,1,3,1,1,2,1,0,0,2,3,0,0,1,2,0,0,0,1,1,4,0,2,0,1,2,1,0,0,2,1,1,2,4,1,0,4,1,0,0,2,1,0,2,0,0,0,3,3,0,2,0,1,1,2,0,1,23,13,15,15,15,10,22,22,17,21,21,22,15,27,13,19,18,18,14,17,17,12,16,18,14,15,30,16,17,15,15,9,13,12,10,23,18,8,16,13,29,19,13,15,21,15,13,19,17,18,20,18,14,22,13,17,20,18,20,9,12,11,16,20,14,13,20,17,15,12,16,20,14,17,15,10,15,15,14,19,10,14,22,9,17,22,13,8,25,11,9,22,18,18,16,16,19,16,20,11
Gene110,3,1,0,2,4,2,2,0,1,1,1,1,0,0,0,1,1,1,1,0,0,0,1,1,0,1,1,2,4,1,2,0,0,2,2,1,1,0,0,0,2,0,3,0,0,2,3,1,2,0,1,2,2,0,0,0,1,3,0,1,0,1,0,0,1,0,0,1,2,0,0,0,1,0,1,0,2,1,1,4,2,1,0,0,0,0,1,1,2,0,1,2,1,1,2,2,0,1,0,1,2,1,1,1,0,1,1,0,0,1,0,2,0,0,1,1,1,1,2,0,1,0,2,1,3,1,1,0,2,0,2,3,2,1,1,0,0,1,0,0,0,1,0,1,0,1,0,0,1,1,0,3,1,0,2,2,0,1,2,1,1,0,3,0,1,1,1,2,1,2,0,2,0,1,0,2,1,0,1,4,1,1,0,3,0,1,1,0,0,1,0,2,2,1,0,0,3,0,2,2,14,22,16,12,14,14,10,10,17,13,15,9,15,28,14,16,29,24,15,16,19,20,21,16,15,11,13,18,14,16,16,13,17,22,10,21,14,20,11,14,16,9,14,12,18,9,14,16,17,8,10,14,18,15,17,21,14,18,13,20,12,22,23,18,19,17,12,17,13,14,20,12,15,16,15,12,13,9,10,22,14,21,19,20,12,12,25,12,14,23,20,18,23,19,17,16,18,15,17,16
Gene111,1,0,0,1,1,1,0,0,1,2,3,1,2,0,1,0,0,1,3,0,1,1,0,3,0,0,0,0,0,0,0,0,1,1,0,0,0,0,1,1,1,1,1,1,3,1,2,2,0,0,0,2,1,1,0,1,0,0,0,0,0,4,0,1,0,1,1,0,1,0,1,2,1,1,1,0,0,2,2,1,1,0,0,0,3,3,0,1,2,1,2,1,0,1,4,0,0,1,0,2,1,0,2,0,1,1,0,0,1,3,1,0,4,1,0,2,0,3,2,3,1,1,1,1,0,0,0,1,1,1,0,0,2,0,0,0,3,0,0,1,1,0,0,2,1,0,2,1,3,1,2,1,2,0,4,4,1,0,2,1,1,2,1,0,0,2,0,2,1,0,1,0,0,2,2,3,0,1,3,0,3,2,2,1,2,2,0,0,1,0,0,0,1,1,0,1,1,1,0,0,18,19,11,11,11,17,16,17,19,18,13,16,14,25,24,15,14,16,17,10,19,23,14,15,18,20,10,14,19,19,13,13,14,20,13,21,20,26,19,17,15,14,18,14,20,22,8,22,16,16,24,20,14,13,19,12,17,14,9,11,17,16,16,7,22,15,14,21,13,14,21,18,16,14,16,12,13,15,20,17,16,12,14,16,20,17,10,12,17,15,13,12,13,11,21,15,21,18,16,8
Gene112,1,2,2,0,1,0,0,1,1,0,1,0,0,1,2,0,1,3,0,2,1,3,8,1,2,1,2,3,2,0,1,0,2,1,2,0,0,2,0,0,0,1,0,0,0,1,2,1,3,1,1,1,0,1,0,1,1,2,0,1,0,0,1,2,2,2,0,1,1,2,2,1,1,1,1,0,1,1,2,1,3,0,0,2,0,0,0,0,0,2,1,1,0,0,1,0,1,0,1,1,1,0,3,1,0,1,2,1,1,0,0,0,0,1,1,1,2,1,1,0,0,0,5,1,1,4,1,0,0,2,0,2,0,1,0,2,0,0,1,0,1,0,2,0,0,1,1,1,2,0,1,2,1,3,2,0,1,2,2,1,2,0,1,1,1,1,1,0,1,0,0,3,0,4,3,2,2,1,1,2,1,1,1,1,3,2,0,1,2,2,0,0,2,0,0,1,2,2,0,0,17,24,15,10,19,12,14,18,13,19,13,13,17,12,7,16,20,19,11,24,11,14,16,19,22,13,16,12,16,17,13,19,10,15,19,19,20,5,20,14,14,8,23,19,18,15,13,20,25,16,23,18,23,17,19,16,12,19,12,14,14,18,19,15,15,19,15,14,12,15,19,18,19,16,22,17,18,20,17,14,19,17,16,16,11,16,16,24,16,19,11,18,16,15,20,11,20,18,21,22
Gene113,4,0,1,0,0,2,2,0,1,0,0,4,2,2,3,1,1,0,4,1,0,2,0,0,0,2,0,1,0,0,0,0,2,0,1,2,1,1,0,0,1,2,1,0,2,1,2,2,4,2,2,0,0,2,0,1,1,2,1,3,0,0,5,1,3,1,0,1,1,0,0,2,0,1,2,2,1,0,0,0,1,6,1,1,1,1,3,1,3,2,0,2,1,1,3,0,2,0,1,0,3,1,0,1,3,0,1,0,3,0,2,1,0,1,0,0,0,2,2,1,1,0,0,3,3,0,1,0,2,0,2,0,0,0,1,3,1,1,0,0,1,1,0,3,0,1,2,1,1,1,0,1,0,1,4,2,1,1,2,2,0,0,0,0,1,0,0,0,0,0,1,1,2,0,2,1,2,1,0,1,0,0,3,3,2,0,0,1,1,1,0,0,0,2,2,0,0,0,0,0,16,20,19,21,14,9,10,14,22,15,14,16,13,14,21,12,20,11,16,13,22,19,15,21,15,8,20,13,16,10,15,14,20,10,18,19,15,12,14,11,19,9,14,18,11,17,20,20,15,16,11,13,15,14,16,14,15,17,20,12,16,12,14,19,11,11,20,12,9,18,13,16,15,12,18,22,14,16,11,26,17,17,19,18,16,17,14,17,11,14,14,13,7,24,18,15,18,15,16,23
Gene114,0,0,0,2,1,2,3,2,0,2,0,1,2,0,0,0,1,1,1,3,1,2,0,2,1,2,1,3,1,0,2,1,1,0,0,2,0,2,0,0,1,1,2,0,4,2,0,1,1,0,1,2,0,5,3,0,1,0,0,2,0,0,1,0,1,0,1,1,1,0,0,2,1,0,1,1,1,0,0,1,1,0,1,1,0,2,1,1,0,3,1,0,1,0,2,1,1,0,1,1,4,0,3,1,2,1,0,1,0,2,0,1,2,1,1,1,0,3,0,3,0,2,2,0,0,0,0,1,0,0,0,1,0,4,0,0,0,2,1,0,1,0,1,0,0,2,0,0,1,1,1,1,0,2,1,1,0,2,1,1,1,2,0,1,1,1,2,0,1,1,1,2,1,0,1,1,1,3,0,1,2,0,1,0,0,1,1,0,0,0,1,1,3,0,3,0,1,1,2,2,15,20,14,15,13,15,16,6,10,18,16,14,17,24,17,13,19,19,8,23,18,24,20,18,9,16,12,17,17,9,9,12,14,20,20,13,15,13,21,13,11,25,16,16,21,9,14,19,11,11,14,15,16,24,15,11,10,20,25,14,11,19,12,15,17,14,12,13,16,15,15,13,15,19,20,14,21,17,10,16,16,17,21,9,22,11,13,24,12,23,15,14,13,21,14,15,15,17,16,11
Gene115,1,3,0,1,0,0,2,1,1,2,3,0,0,1,0,2,2,0,1,0,1,1,0,2,1,1,1,0,2,1,0,0,0,0,0,1,0,2,0,1,1,1,2,1,3,1,1,1,1,2,2,1,0,1,0,0,1,0,0,1,1,0,0,3,2,0,3,0,2,1,0,0,0,1,1,0,0,3,1,1,1,0,1,0,1,0,0,1,2,2,0,0,2,0,2,2,0,0,2,1,0,1,1,1,1,2,1,0,0,0,1,1,2,1,1,0,2,1,0,1,0,3,2,0,3,1,2,3,0,2,2,0,1,0,0,0,3,2,0,2,0,0,0,0,0,0,0,0,1,1,0,0,5,1,1,1,2,1,1,3,0,0,0,4,1,0,0,0,0,1,1,0,0,1,3,1,2,0,0,0,0,0,0,1,3,0,0,3,1,1,1,1,0,1,1,0,0,0,0,0,10,19,23,12,16,19,17,17,13,22,11,20,13,19,17,15,13,15,18,16,18,19,11,8,20,11,20,15,12,22,12,15,16,21,13,19,15,19,18,18,14,16,13,21,12,14,17,20,13,11,17,17,23,14,21,19,14,11,22,18,17,15,15,11,16,21,16,7,14,17,20,15,14,19,9,22,15,18,20,10,17,17,18,13,13,23,24,21,20,15,16,18,12,13,18,14,18,13,11,20
Gene116,1,1,1,3,2,0,1,2,0,2,0,2,2,2,3,1,1,0,1,0,2,3,2,1,2,2,0,2,2,2,0,1,1,0,1,0,0,1,0,1,0,2,1,0,1,0,1,0,0,1,0,2,2,2,2,2,1,4,0,0,1,2,0,1,1,1,1,4,1,0,1,0,0,1,0,1,2,0,1,0,2,2,2,1,0,2,1,0,1,1,0,0,2,1,1,0,1,2,2,2,0,1,2,3,1,1,0,1,1,2,1,2,1,1,0,2,1,0,1,0,2,1,1,1,1,1,1,0,0,0,0,2,0,1,0,0,1,0,0,3,1,0,2,0,0,0,1,2,0,1,1,0,1,0,1,0,1,2,1,3,2,1,3,1,2,1,0,1,1,1,1,0,0,1,0,0,0,0,1,1,1,1,2,4,2,1,0,1,1,1,0,1,0,2,0,1,0,0,0,0,19,20,16,15,15,11,15,16,13,18,11,9,13,23,16,17,13,20,10,16,18,18,9,24,19,16,18,14,17,15,17,17,16,19,14,17,21,24,13,14,12,21,20,11,25,13,20,15,19,16,18,22,14,15,13,16,19,11,8,8,14,21,15,17,24,24,12,15,10,15,13,18,8,23,18,11,7,20,17,16,16,18,11,14,10,16,20,12,14,18,20,19,22,15,24,12,13,22,16,19
Gene117,1,3,0,0,1,2,0,2,2,0,0,1,1,0,0,3,1,1,1,2,0,1,0,0,1,2,0,1,0,1,5,1,1,2,0,1,2,2,3,1,1,0,0,0,3,0,2,0,1,1,0,1,1,1,1,1,1,1,1,0,2,1,2,0,0,0,1,1,0,1,1,1,3,0,2,3,0,1,0,1,3,1,1,0,0,0,0,1,1,0,2,1,3,1,1,0,0,1,2,0,0,0,0,0,0,3,0,5,1,1,1,1,0,1,2,2,0,0,1,0,1,2,3,0,0,2,0,0,1,1,2,1,0,0,0,0,3,0,0,1,2,2,0,0,1,2,0,1,0,2,0,1,0,2,1,0,1,0,0,1,1,1,1,1,1,1,0,1,2,0,0,4,0,1,1,2,1,2,2,1,1,1,1,5,2,1,2,0,1,0,2,1,0,0,0,0,0,2,0,0,18,18,12,13,19,16,14,18,20,27,14,17,9,18,22,10,14,17,25,16,10,21,12,14,15,8,16,18,21,16,11,10,15,11,10,13,18,17,16,16,18,22,14,16,17,11,20,15,17,17,12,15,11,20,16,12,18,14,16,17,21,16,18,12,13,16,16,19,12,12,14,19,14,21,17,14,12,17,7,8,18,14,18,18,19,12,17,16,16,20,12,14,18,16,14,23,12,21,17,13
Gene118,0,0,0,3,4,2,0,0,2,0,2,2,2,0,3,0,2,3,3,1,0,1,3,0,2,0,3,3,1,0,1,2,0,1,1,0,0,0,0,0,2,0,0,1,2,1,2,3,0,1,4,0,0,1,1,0,0,0,3,0,0,0,0,0,0,0,3,2,1,2,0,0,0,3,1,1,2,1,2,0,0,2,1,0,2,0,0,0,1,2,1,0,1,1,3,0,0,1,1,1,0,1,1,2,3,1,2,1,1,0,1,0,1,2,1,2,1,2,1,0,2,1,1,1,2,0,2,1,0,2,1,0,3,2,1,0,0,2,1,1,0,2,0,1,1,0,0,0,3,1,2,0,3,0,0,0,0,0,1,0,0,0,1,0,2,0,1,1,1,3,4,0,0,2,1,1,0,0,2,3,0,0,4,0,1,1,1,1,0,0,0,1,1,1,1,2,2,0,2,2,24,20,17,22,15,14,16,18,15,23,15,14,25,18,16,14,11,13,23,19,13,14,15,19,14,20,17,21,19,8,11,10,17,18,15,14,20,16,19,16,13,12,13,10,17,21,20,16,19,11,12,21,17,12,19,15,13,13,17,14,8,19,15,12,17,17,13,19,14,12,15,17,19,14,16,11,12,12,13,27,16,15,13,23,14,20,12,17,17,11,19,12,16,16,11,4,14,17,16,18
Gene119,0,1,0,1,0,0,2,2,1,3,0,2,0,3,2,1,2,1,1,1,2,2,1,4,0,0,2,1,1,0,0,1,1,0,1,0,2,1,1,1,0,3,1,1,1,1,1,0,0,0,2,4,1,0,0,1,2,0,0,0,1,0,0,2,3,2,0,0,1,1,2,1,0,0,2,0,1,1,0,0,1,0,0,0,1,1,3,0,4,0,0,2,0,2,0,2,1,1,2,1,1,1,4,0,2,1,0,1,0,0,0,0,1,0,3,0,1,0,1,0,1,1,1,0,2,1,1,1,0,1,1,0,0,2,3,0,2,0,0,2,1,3,0,0,1,1,0,1,2,1,0,0,0,2,0,0,0,1,2,1,1,0,0,0,3,1,0,1,2,0,1,1,1,0,1,0,2,2,2,0,1,2,0,0,0,4,0,0,1,0,0,2,1,1,0,1,2,1,1,0,11,15,16,14,15,20,8,17,13,12,16,16,17,22,21,15,15,19,11,13,17,14,18,11,8,14,18,16,14,21,15,6,24,18,22,19,16,15,15,19,15,20,19,15,18,12,16,20,16,13,14,16,10,20,22,15,11,17,20,23,17,23,20,11,16,14,16,13,17,9,17,16,11,16,15,16,14,22,18,14,18,19,19,18,18,18,12,13,13,14,11,21,16,14,27,12,13,15,20,14
Gene120,1,1,1,3,1,1,1,0,2,1,0,0,1,2,2,2,0,1,1,1,1,2,1,2,0,2,1,2,1,3,0,1,0,0,1,0,1,0,0,2,2,0,0,1,2,2,1,0,1,2,0,1,0,2,1,3,1,4,0,0,3,2,1,0,2,0,1,3,1,2,3,0,1,0,0,1,3,1,1,0,0,0,1,2,2,0,1,0,1,1,1,1,0,4,0,0,0,1,0,1,6,0,1,2,1,0,0,0,0,0,0,0,2,0,0,0,1,2,0,2,0,2,0,2,2,3,3,1,1,2,0,1,1,0,2,1,0,0,2,2,1,2,1,1,0,1,0,2,0,0,1,2,1,1,1,1,0,1,2,1,1,1,0,0,0,0,0,3,0,0,0,0,0,0,1,4,0,0,1,0,1,1,2,0,2,0,0,0,0,0,2,0,2,0,1,1,1,2,0,0,18,12,13,20,11,19,17,14,15,16,23,22,16,12,17,6,17,15,20,20,17,20,17,18,18,13,22,22,16,15,22,19,11,12,12,15,13,4,18,12,22,11,18,10,20,11,16,12,17,17,12,7,14,18,13,21,21,17,17,18,17,8,17,14,18,18,17,18,17,14,14,17,15,14,15,13,19,20,27,3,9,21,12,12,19,22,16,6,16,17,15,23,16,18,19,16,17,11,12,15
Gene121,2,1,0,2,0,0,0,0,2,0,4,1,0,0,1,2,1,1,0,0,1,1,1,1,1,2,1,1,1,0,2,0,1,0,2,0,1,2,1,1,3,3,2,1,1,0,0,0,3,5,0,0,2,1,1,1,1,2,1,5,1,0,1,2,2,1,1,1,0,1,1,1,0,0,1,1,2,0,1,1,0,1,0,1,1,2,1,2,0,3,2,1,0,3,1,1,0,1,0,0,3,0,4,0,0,1,1,0,1,2,1,1,3,0,1,1,1,0,1,1,0,0,3,2,0,1,0,0,2,0,1,0,1,1,1,0,1,0,1,1,1,1,1,0,0,1,0,1,1,2,0,2,1,3,0,2,0,0,2,1,0,0,0,1,2,4,1,0,0,1,2,2,0,1,0,1,1,0,0,1,3,3,0,1,3,0,0,1,1,2,2,1,0,1,1,2,2,1,3,0,0,2,1,0,2,1,1,0,2,0,0,1,1,0,0,0,1,1,0,2,2,1,1,0,0,1,0,3,1,1,1,0,1,1,2,1,0,1,2,1,0,0,2,0,0,1,2,0,0,1,1,2,1,0,1,0,0,0,1,3,1,2,2,0,1,1,0,0,0,2,1,0,1,0,1,1,2,1,4,1,2,0,2,0,1,0,3,1,0,3,1,1,0,0,0,2,0,1,1,0
Gene122,0,1,4,1,5,1,1,1,0,0,0,0,1,2,0,2,1,1,0,2,2,0,0,1,4,2,2,0,1,1,1,2,0,0,1,1,1,1,0,0,2,0,1,1,0,3,2,0,0,0,1,1,1,1,1,2,2,0,0,2,4,1,1,0,0,0,0,1,0,0,2,1,2,0,1,1,0,1,0,0,1,1,1,0,1,0,0,1,0,1,0,1,1,1,0,2,2,2,0,0,3,2,0,3,2,0,1,0,0,1,3,0,0,0,2,2,1,0,1,1,1,2,0,0,1,1,0,2,0,1,2,2,1,0,1,0,0,3,0,0,1,1,1,0,0,2,1,2,0,0,1,1,1,1,3,1,0,0,1,1,0,1,0,2,1,0,2,2,0,1,1,1,2,0,3,0,0,0,3,0,1,2,2,2,1,0,5,2,0,2,2,1,1,5,1,0,3,2,0,2,1,3,0,1,2,0,2,0,2,1,2,2,0,1,0,0,1,1,0,0,4,1,0,0,0,3,2,1,2,1,0,1,3,2,1,3,0,3,0,0,0,0,0,1,0,1,0,1,1,0,4,1,1,2,0,1,0,1,0,1,1,2,1,0,0,2,1,2,0,2,0,5,1,0,1,1,0,2,0,0,2,0,3,0,0,2,0,1,1,0,0,0,0,0,0,1,0,0,0,1
Gene123,1,0,1,0,0,0,2,1,0,2,0,2,1,0,2,1,0,0,1,0,2,0,0,0,1,0,0,1,1,1,0,1,1,0,1,0,1,1,0,3,2,2,1,2,0,1,0,0,1,0,0,1,0,2,0,3,0,2,1,1,3,0,1,1,1,2,1,1,1,0,0,2,4,0,3,1,1,1,1,0,1,0,0,1,0,4,0,1,3,0,2,0,1,0,2,0,0,1,1,1,2,0,1,0,0,1,1,1,2,0,1,3,2,0,3,3,0,2,0,0,1,1,0,1,1,1,2,0,0,0,1,1,1,2,1,1,0,2,0,2,1,0,1,2,0,1,0,3,0,3,2,1,2,2,1,0,1,0,1,2,1,3,0,0,0,1,0,0,1,0,2,0,1,0,0,1,3,0,2,2,0,0,2,0,1,2,1,0,1,1,0,1,0,0,2,0,2,3,1,0,0,1,0,1,1,0,0,1,0,1,2,1,1,2,1,1,1,1,0,0,0,1,0,0,0,1,0,1,0,0,0,2,1,2,1,1,0,0,0,2,2,0,0,0,1,4,1,2,0,3,0,3,1,2,0,1,2,2,1,2,0,0,0,0,0,2,1,3,0,2,4,1,0,2,0,1,1,1,0,1,0,1,2,2,1,0,0,0,1,1,1,1,1,1,0,3,0,3,2,1
Gene124,0,0,1,1,0,2,0,0,2,1,2,0,0,1,0,1,2,3,1,2,1,3,0,0,0,2,2,1,2,1,3,2,0,4,2,0,1,1,0,1,0,2,0,2,0,0,2,1,2,1,0,0,0,1,2,0,1,1,0,3,3,1,1,3,0,0,0,1,0,0,1,0,1,0,0,0,1,0,0,1,2,3,0,3,1,1,0,1,3,0,3,0,1,0,0,1,0,0,0,1,0,1,0,3,0,0,1,1,2,0,0,0,0,3,0,0,0,2,0,1,0,1,2,0,1,1,1,2,1,0,1,0,0,1,0,2,3,0,2,1,0,1,1,0,0,0,1,0,0,2,2,2,2,2,1,0,1,4,0,2,1,2,1,3,1,1,0,1,1,0,0,2,0,1,1,0,1,1,0,1,1,1,1,2,2,0,1,0,2,3,1,0,1,2,2,2,2,1,3,0,6,0,1,2,1,1,1,2,2,2,1,1,1,0,1,1,2,3,2,2,2,1,2,0,1,0,0,1,0,1,0,1,2,2,0,0,0,2,0,1,2,1,1,0,0,0,2,2,0,0,0,2,1,0,0,2,1,2,3,1,3,2,1,1,0,2,1,1,1,2,4,1,2,2,1,1,3,1,0,0,2,0,0,0,2,0,0,1,1,0,0,3,0,1,2,0,1,0,0,1
Gene125,1,1,1,0,1,0,0,2,1,3,0,1,0,0,1,0,1,1,0,1,1,0,0,1,1,1,1,2,4,2,0,1,0,0,1,1,2,2,1,1,3,1,1,2,4,1,0,1,0,1,1,0,1,0,2,0,0,1,1,4,0,0,1,0,1,1,0,3,1,3,3,2,2,2,1,0,3,1,0,1,1,0,0,0,0,1,1,0,1,1,1,0,0,0,1,2,1,4,1,1,0,1,3,1,2,1,0,1,1,0,3,1,0,1,1,1,1,1,1,0,1,2,0,0,0,2,0,1,2,1,1,0,2,0,2,0,1,1,2,1,0,0,0,1,1,0,3,0,2,2,0,2,0,1,0,0,1,3,0,1,1,2,2,1,1,0,0,2,2,1,1,2,0,2,0,0,3,0,1,2,1,1,0,1,1,1,1,1,1,0,1,3,3,1,0,0,2,0,0,3,0,1,2,0,1,1,3,3,4,2,2,2,0,0,2,0,0,2,1,1,1,2,0,2,2,2,1,3,1,2,0,0,1,3,1,2,3,1,1,1,1,2,2,1,1,1,2,1,1,1,0,0,3,1,1,2,2,2,1,1,1,0,1,0,0,0,1,1,0,0,1,3,1,1,1,0,0,0,1,1,0,0,2,0,1,1,0,2,1,2,1,0,0,1,1,0,1,1,1,1
Gene126,1,0,1,1,3,1,0,2,2,2,1,1,3,1,1,1,3,2,1,2,1,1,1,0,3,1,0,2,0,4,1,2,2,1,1,2,2,1,2,1,0,0,1,2,1,1,1,0,1,0,2,4,0,1,1,0,2,0,1,1,0,1,0,3,1,1,0,3,0,0,1,3,1,0,0,0,1,0,3,0,0,2,3,1,2,0,0,1,0,0,2,0,2,1,2,1,0,2,1,0,1,1,1,4,1,0,2,1,1,0,2,2,0,0,1,0,1,1,2,0,0,1,2,0,1,2,0,4,2,1,1,1,0,0,1,1,2,1,1,1,2,0,0,3,1,1,0,5,0,0,0,0,0,1,0,0,0,0,0,2,0,0,2,1,1,4,1,1,1,2,1,1,0,1,1,1,1,0,0,2,2,0,1,1,0,3,0,3,3,1,0,1,0,0,1,1,2,1,1,2,1,1,2,0,0,2,0,1,1,1,0,1,1,2,3,1,1,2,0,1,1,1,0,0,0,1,0,0,0,2,2,1,1,2,1,0,0,1,1,0,0,2,1,0,0,1,0,3,0,3,1,2,1,0,1,2,0,2,0,0,1,1,3,5,2,1,1,3,0,1,2,0,0,1,1,0,0,2,3,0,0,0,0,0,1,0,1,1,1,1,0,2,0,1,0,1,1,1,1,0
Gene127,1,2,1,2,0,0,1,1,1,0,3,1,4,1,2,3,0,2,2,2,0,1,0,1,0,2,0,2,1,1,1,1,0,0,0,1,3,0,0,1,1,6,1,1,0,1,3,2,0,6,0,2,1,0,0,0,1,1,1,0,0,0,0,1,1,0,1,1,1,0,0,2,1,2,5,2,0,1,0,0,0,2,2,1,0,0,0,0,0,1,0,0,1,1,0,0,1,0,1,2,2,0,0,1,1,0,0,1,1,2,0,0,0,1,0,1,1,1,2,0,1,3,1,1,1,1,1,0,1,0,0,2,1,1,0,0,0,2,0,1,1,0,1,1,1,3,0,0,0,0,0,1,1,1,0,1,0,1,2,2,2,0,1,0,2,0,2,2,0,0,2,0,2,2,0,2,2,0,2,2,2,0,0,0,0,0,0,0,0,0,2,0,2,0,2,2,0,2,1,1,0,1,1,1,1,0,0,1,2,1,2,1,0,3,2,0,0,0,1,0,1,3,0,2,3,2,0,0,0,1,1,1,0,0,0,1,1,0,0,4,0,1,0,1,2,1,0,1,2,0,1,1,2,1,1,2,1,1,0,2,0,2,0,0,1,0,3,2,1,1,0,4,0,0,1,2,1,1,2,0,1,1,2,2,1,2,0,1,1,2,1,0,2,2,0,1,0,0,1,2
Gene128,2,0,0,0,1,2,1,0,0,1,1,0,1,1,1,2,0,2,1,0,1,1,0,1,0,2,0,2,2,0,1,0,1,3,2,2,2,1,1,0,3,0,3,1,0,0,2,2,1,0,1,3,0,2,1,4,3,0,0,0,3,2,0,0,1,1,1,1,0,1,1,0,2,1,2,1,1,1,1,1,0,0,1,1,2,2,0,1,0,1,2,1,1,2,3,0,0,2,0,0,1,1,0,1,0,1,0,1,0,1,1,1,3,1,0,3,3,3,1,1,2,0,2,1,1,0,0,1,1,1,1,2,0,0,0,0,2,1,0,2,2,2,1,1,1,0,2,0,1,1,0,1,2,6,1,0,2,0,0,0,1,1,1,1,0,2,2,1,1,1,1,0,3,1,0,2,1,0,0,3,1,0,2,0,1,0,0,0,1,1,2,1,3,2,1,0,3,0,1,0,1,0,1,2,0,0,0,1,0,0,3,0,2,0,0,2,1,0,2,2,0,1,0,1,3,2,0,5,2,0,2,3,1,0,0,0,2,2,1,2,0,1,2,1,2,0,0,0,0,2,5,0,0,0,0,0,1,2,1,1,2,0,0,3,2,1,0,4,2,3,0,1,0,0,0,0,1,1,1,1,0,2,1,0,0,1,2,3,2,1,0,0,0,0,2,3,4,1,0,2
Gene129,4,1,2,1,4,0,2,4,3,0,1,1,2,2,1,0,2,1,0,1,2,0,1,1,0,1,0,1,1,2,0,3,1,3,0,2,1,0,0,1,1,1,1,1,1,0,3,0,1,0,0,2,1,1,2,1,2,2,2,2,0,0,2,1,0,1,1,1,1,0,0,2,1,0,1,1,0,0,1,3,1,1,0,1,1,1,1,4,1,2,4,2,2,2,0,0,1,1,0,1,0,2,2,1,0,3,0,0,0,1,1,1,0,0,1,3,0,0,1,1,0,1,1,1,0,1,1,2,2,0,0,1,3,3,1,0,0,0,2,0,2,2,0,3,0,4,0,0,3,1,1,0,1,1,1,1,0,1,0,0,1,2,0,0,2,0,0,0,0,2,0,3,1,1,0,1,2,0,0,0,0,0,1,3,0,2,1,1,1,1,2,2,2,1,1,0,0,0,0,1,1,1,0,2,5,1,2,0,0,2,1,0,0,1,0,1,0,2,0,1,1,1,1,1,0,2,0,1,1,1,0,2,4,0,0,1,1,0,0,2,0,0,1,1,2,2,2,3,0,1,1,0,0,2,1,2,0,1,1,1,1,1,0,1,0,1,2,3,1,1,0,1,4,1,2,0,1,1,1,1,2,1,1,2,1,0,1,0,1,1,0,3,0,5,0,1,3,4,2,3
Gene130,0,3,0,3,2,2,1,0,1,1,2,0,0,2,2,0,3,2,1,1,1,0,1,1,2,0,1,0,1,2,0,1,1,1,0,0,1,0,0,0,1,0,3,3,0,1,2,2,0,1,1,0,2,2,2,1,2,1,0,1,1,1,2,1,0,0,1,0,0,1,1,4,2,0,2,3,0,0,6,0,2,0,1,3,1,1,2,4,0,0,2,2,0,0,0,0,1,4,2,1,0,2,2,0,1,0,1,4,1,1,2,3,1,0,0,1,1,0,1,2,0,1,3,0,2,1,1,3,1,0,1,1,0,2,2,1,1,0,1,1,1,1,1,2,1,2,1,0,0,0,2,0,0,1,2,2,1,1,0,2,0,0,0,1,2,3,0,1,1,1,0,1,1,1,0,1,0,0,1,1,3,1,3,0,1,1,1,0,3,2,1,0,0,0,1,1,1,1,0,1,1,0,0,2,3,2,0,3,0,2,0,0,1,0,0,1,0,2,0,1,0,1,2,1,0,2,0,1,1,1,1,0,0,0,0,1,1,2,0,0,0,1,0,1,2,0,1,2,0,0,1,0,1,1,1,1,1,1,0,0,0,1,2,1,2,1,2,1,1,0,0,2,1,0,0,1,1,2,0,0,0,1,3,2,1,1,1,0,0,2,1,3,2,2,2,0,2,1,1,0
Gene131,0,0,0,0,0,0,2,2,0,2,1,1,1,0,1,0,2,1,0,4,1,2,0,2,0,0,1,1,0,0,0,1,1,0,1,0,1,0,2,1,1,2,1,1,0,1,0,1,0,2,0,1,0,0,0,5,1,0,2,1,1,0,1,1,0,3,2,1,1,0,1,0,1,2,0,2,0,1,5,0,1,1,2,3,1,3,2,1,1,0,2,0,1,2,1,0,3,2,1,1,0,0,3,1,0,1,1,1,0,2,0,3,1,0,0,2,0,1,2,1,0,0,2,2,2,0,1,2,1,1,0,1,1,0,1,0,0,0,2,1,1,1,1,0,1,0,0,1,1,3,0,0,1,4,0,0,1,3,2,1,0,0,2,1,2,1,0,1,1,1,0,1,2,0,1,0,0,2,1,3,1,0,2,2,0,0,0,0,3,3,2,0,0,2,0,2,0,2,0,2,3,1,2,3,2,2,2,2,1,0,1,1,1,2,1,0,1,2,2,0,2,0,2,0,0,1,1,3,1,1,2,1,1,0,0,0,0,2,0,0,0,2,0,0,2,2,0,0,2,2,0,1,3,0,0,1,2,1,2,0,1,0,0,0,2,1,2,0,0,1,1,2,1,0,1,0,2,0,4,2,0,0,0,0,3,2,1,1,2,3,1,0,2,1,4,1,1,2,0,0
Gene132,2,1,0,2,1,1,2,1,2,1,3,0,2,1,1,0,0,0,0,0,0,1,0,2,0,1,0,2,1,1,1,1,1,1,1,2,1,0,2,1,1,0,1,0,0,0,0,1,0,3,1,2,0,1,0,1,0,0,0,1,0,1,3,0,0,1,3,1,1,1,1,1,0,2,1,2,1,2,2,1,2,1,1,0,0,3,0,1,0,0,2,0,1,1,0,2,2,0,2,2,1,1,2,1,0,2,1,1,2,0,1,0,0,2,1,1,0,1,0,0,1,2,2,2,0,1,2,1,0,2,0,0,0,1,0,0,0,1,2,0,2,3,0,1,0,1,0,2,1,3,2,1,1,0,1,3,1,2,2,1,0,0,2,2,1,0,0,2,2,0,1,0,1,3,2,1,0,0,1,3,0,0,3,0,1,1,0,1,0,0,1,0,2,1,3,0,3,1,0,1,0,0,1,0,0,3,1,2,1,0,3,0,0,4,1,0,2,0,0,2,1,0,1,0,1,3,1,0,2,1,3,1,1,2,0,2,1,1,1,2,1,1,0,1,2,0,1,3,0,1,0,2,1,1,1,2,0,2,0,3,2,0,1,4,1,2,1,1,0,0,1,1,1,2,1,1,1,0,4,0,2,0,4,0,0,0,2,0,4,1,0,0,1,1,1,0,0,0,0,2
Gene133,0,3,2,1,2,3,1,0,2,1,0,0,0,0,0,0,1,0,2,0,0,0,2,0,1,0,1,0,2,1,0,1,1,0,1,1,1,0,1,0,0,2,0,1,0,0,2,0,1,1,4,0,0,1,0,0,1,0,1,1,2,1,2,1,1,0,0,0,3,0,1,1,1,2,1,1,2,1,1,2,1,0,1,1,1,1,1,0,1,1,3,0,0,0,0,0,0,1,1,0,1,3,0,0,0,0,0,0,0,0,0,2,1,0,0,0,3,1,1,0,0,2,0,0,0,2,2,1,3,0,0,2,1,0,1,1,0,1,1,0,2,1,3,1,0,1,0,1,1,0,0,1,3,2,0,1,1,1,0,0,1,1,0,1,0,2,2,1,0,2,2,1,1,0,0,3,2,1,1,1,0,0,1,1,3,1,0,1,0,1,0,1,1,2,0,0,0,0,0,1,0,1,2,3,2,3,2,3,0,0,1,1,0,2,0,1,1,1,0,1,1,0,0,0,0,0,2,0,1,1,0,1,0,1,1,1,2,1,0,0,1,2,2,0,2,0,1,2,0,2,2,0,2,4,3,0,1,0,0,1,0,1,1,1,0,0,3,1,1,2,0,1,1,1,1,0,0,0,0,2,1,0,0,1,2,3,1,0,0,1,1,1,0,0,2,0,0,1,3,1
Gene134,4,0,1,2,1,0,2,0,0,1,1,0,2,0,1,1,0,1,3,0,0,1,1,2,2,2,1,1,0,1,2,0,0,1,1,1,3,0,1,1,1,1,1,1,1,0,0,0,1,0,0,1,1,1,1,1,0,0,2,0,0,1,1,1,0,0,1,3,0,3,2,0,0,0,1,0,0,0,1,0,1,1,1,2,2,3,0,1,2,1,2,0,3,0,1,0,1,0,3,2,0,1,0,0,1,1,2,1,1,0,1,0,3,1,1,1,1,1,0,0,2,3,1,1,3,2,3,1,1,0,1,1,0,0,0,0,0,3,0,1,1,0,1,1,0,2,1,0,1,1,2,3,1,1,2,0,0,0,0,0,1,0,2,1,2,0,1,2,3,0,0,0,0,2,0,0,3,1,0,1,1,0,0,2,1,0,1,2,2,1,0,1,0,2,1,2,1,1,1,1,0,0,0,0,0,2,1,1,1,2,0,1,4,1,1,4,1,1,3,0,1,1,1,0,3,2,1,2,2,1,0,1,1,1,1,1,1,2,1,2,0,0,0,3,0,2,1,2,1,2,1,0,2,1,1,0,0,1,1,3,0,2,0,1,0,3,3,0,3,0,2,2,2,3,0,1,0,3,2,2,1,1,4,2,0,0,1,1,1,0,1,0,0,1,5,0,0,1,1,1
Gene135,0,0,0,1,0,0,3,0,2,2,0,1,1,1,0,0,1,2,2,0,0,1,1,1,0,0,1,2,0,1,2,2,1,1,1,3,2,1,0,2,1,2,0,2,0,0,0,0,2,0,2,0,0,2,0,0,2,1,1,5,2,0,3,0,0,1,0,0,6,1,1,3,1,1,1,2,0,0,2,1,4,1,2,3,0,1,1,3,1,0,1,0,0,1,2,3,3,0,1,2,0,1,1,0,1,1,3,0,1,1,0,0,3,0,1,0,0,1,2,0,0,3,1,1,0,2,0,0,1,1,1,0,3,2,0,1,0,0,1,1,1,4,2,2,2,0,0,2,0,0,1,1,2,1,2,0,1,1,1,1,1,0,0,0,2,0,1,1,1,2,1,2,2,2,1,2,0,2,0,0,0,0,1,3,2,0,1,0,2,7,1,1,2,0,2,1,1,1,2,2,0,1,2,2,0,0,1,1,2,5,2,1,0,2,1,2,0,3,1,1,3,1,1,2,2,1,0,0,1,1,1,1,0,1,0,0,0,0,0,0,0,0,0,0,1,2,1,0,0,1,1,0,1,1,0,2,2,1,0,0,0,2,0,1,0,1,1,0,1,0,0,0,0,0,0,1,1,2,3,1,2,2,0,1,1,0,1,1,0,1,0,0,1,0,1,2,0,0,1,1
Gene136,2,2,1,1,1,1,1,0,1,1,0,1,1,0,1,0,0,1,2,2,0,2,2,0,1,0,2,3,0,0,2,2,0,0,1,0,1,0,2,3,1,1,0,1,1,4,1,1,0,1,0,0,0,1,1,1,0,2,1,0,2,0,0,2,2,1,2,1,2,1,0,0,2,1,0,0,0,0,1,2,1,1,0,0,0,3,0,2,0,3,1,2,0,1,0,0,2,1,3,1,0,0,2,0,1,1,1,0,1,2,4,1,2,0,0,1,0,0,1,0,1,1,1,1,1,2,0,0,1,1,0,1,1,0,1,1,2,0,0,1,2,0,1,0,0,2,2,0,0,3,0,0,2,0,1,4,1,2,2,0,0,0,2,3,0,1,0,3,1,1,0,2,0,2,0,2,1,1,0,2,0,1,4,1,2,0,1,2,2,3,0,1,1,1,1,2,1,1,1,2,1,1,0,0,0,0,1,1,1,1,1,0,0,1,1,1,2,1,1,1,2,2,1,1,0,0,0,0,1,2,1,0,1,0,1,0,1,0,1,0,0,2,0,0,0,1,1,1,2,2,1,0,0,1,1,1,2,2,1,0,0,1,1,2,1,1,1,2,2,2,0,0,1,3,0,2,0,0,1,2,1,0,2,0,0,2,0,1,0,1,2,3,0,1,1,1,1,0,1,1
Gene137,1,1,0,1,0,2,2,0,4,1,2,1,2,2,1,1,2,0,0,1,1,1,0,0,1,1,0,1,1,1,3,1,1,0,0,0,0,1,2,2,1,1,1,2,0,2,1,1,0,1,1,1,0,0,1,1,1,1,2,1,2,0,1,0,0,2,1,2,0,0,0,0,0,1,1,1,2,2,1,0,1,0,0,1,2,1,0,2,2,1,1,0,1,2,2,0,0,1,0,0,0,0,0,3,1,3,0,0,3,1,0,1,4,0,0,0,1,1,2,0,1,2,0,1,1,1,1,0,0,0,2,0,1,0,2,3,1,0,1,1,1,0,0,2,2,2,4,2,0,2,0,0,1,2,2,2,1,0,0,2,1,2,3,0,0,3,1,0,1,1,3,2,1,1,1,1,0,2,1,2,2,0,1,1,1,1,0,1,2,0,0,0,1,1,1,0,0,2,2,1,1,2,4,0,0,1,1,3,1,2,2,0,1,1,3,1,0,0,1,0,1,2,2,1,1,0,3,1,3,0,3,0,1,1,0,0,1,0,0,4,1,1,0,2,0,3,0,1,3,2,0,0,0,1,4,2,1,1,1,0,1,1,0,2,2,2,2,1,1,1,0,2,0,1,1,0,2,2,0,1,0,0,1,1,0,0,1,0,1,3,0,0,2,0,0,0,0,2,2,0
Gene138,1,0,1,1,1,1,0,1,0,1,1,1,2,0,1,1,3,2,4,2,3,0,0,2,1,0,0,0,3,0,0,2,0,1,0,0,4,1,1,0,1,1,0,0,1,2,1,0,0,1,2,0,0,3,1,1,1,1,0,1,1,2,1,0,1,1,1,2,0,1,1,1,0,0,0,0,1,0,1,1,1,2,2,1,2,0,0,2,1,1,0,1,1,1,2,0,1,0,0,0,0,1,1,0,2,1,0,1,1,0,1,0,0,0,0,1,1,0,1,2,2,1,0,3,1,2,1,1,1,4,2,3,1,0,0,0,2,0,0,2,0,2,0,2,0,1,0,2,0,1,1,0,0,1,0,2,1,0,1,0,0,0,0,0,2,1,1,0,3,0,1,0,1,0,2,0,2,2,1,0,1,3,6,0,0,0,0,3,1,3,1,0,0,1,0,2,0,0,1,0,1,1,1,4,2,1,2,1,1,1,1,3,0,1,1,1,4,2,2,0,0,1,1,1,0,1,1,1,2,0,2,3,2,1,0,1,2,0,0,3,1,1,0,0,0,1,0,1,4,3,3,0,2,1,1,3,2,1,0,0,1,0,2,0,1,2,3,1,0,0,1,1,0,0,1,0,1,0,1,0,1,0,0,4,2,1,0,1,1,1,0,1,0,2,1,1,0,2,0,2
Gene139,1,1,0,1,2,0,2,2,2,0,0,1,0,1,0,1,2,1,2,1,0,3,1,0,1,0,1,3,0,1,2,0,2,1,1,1,0,3,1,1,1,2,0,1,0,0,1,2,1,0,3,2,2,1,1,0,0,0,1,3,1,1,0,2,0,2,1,2,1,1,2,0,1,0,1,1,2,2,1,0,1,3,0,0,2,2,2,1,1,0,0,1,2,0,0,0,3,2,1,2,0,1,1,1,1,3,1,1,3,4,0,1,1,2,0,1,1,1,2,2,1,1,0,2,0,2,1,1,0,0,3,0,0,2,1,4,1,0,0,0,1,1,4,1,1,1,2,1,0,2,1,0,2,0,5,1,0,0,0,1,1,0,0,0,2,1,1,1,0,3,1,2,1,0,1,2,0,0,0,0,2,1,0,3,1,0,3,1,2,1,0,1,1,0,0,1,1,0,2,1,1,0,2,0,2,2,0,0,0,0,0,0,0,0,2,1,0,0,0,0,2,3,0,1,3,3,1,0,2,2,3,1,1,1,2,1,1,2,1,1,0,0,1,0,0,1,0,2,1,1,1,0,0,0,0,1,2,1,1,2,1,2,1,2,1,0,1,0,2,1,2,1,1,3,0,1,1,0,1,3,3,1,1,0,0,0,0,0,2,0,2,2,3,1,1,0,1,0,0,1
Gene140,2,1,1,2,2,1,1,1,3,0,2,0,0,1,1,1,2,1,2,1,1,2,1,1,1,0,2,2,3,1,1,1,4,0,2,2,0,0,0,2,2,0,0,1,2,2,2,1,2,1,1,1,1,3,2,1,1,1,1,2,1,0,1,1,0,0,1,3,1,1,1,0,0,0,0,0,0,0,0,0,3,2,1,0,0,0,1,0,3,0,2,0,1,2,0,2,0,0,1,0,0,2,1,1,1,1,1,1,0,1,2,1,0,0,4,1,0,0,3,0,0,0,1,1,0,4,1,3,0,2,3,0,0,0,1,2,2,2,0,2,2,0,1,0,1,0,3,2,3,2,2,0,1,1,1,0,0,2,0,0,1,0,2,1,2,0,2,0,2,0,3,6,0,3,0,1,1,1,1,0,1,0,1,4,2,0,0,0,0,0,2,1,1,2,3,0,2,4,0,0,2,3,3,0,5,0,0,1,1,3,0,0,0,0,1,0,0,3,2,2,0,0,2,1,0,1,3,0,0,1,0,3,1,1,2,1,0,1,1,2,2,0,2,1,1,1,0,3,2,2,1,0,3,3,1,0,0,3,2,1,1,2,0,3,3,2,1,0,0,1,2,0,1,2,0,1,2,0,2,1,3,1,0,3,1,3,1,0,0,0,1,1,0,2,3,0,1,0,0,1
Gene141,1,0,1,1,2,0,0,5,0,0,1,1,1,3,1,0,1,0,0,0,2,0,1,0,1,1,1,0,0,0,2,2,0,0,0,0,2,1,2,0,1,2,3,1,0,0,2,3,1,1,2,0,0,1,2,1,0,2,1,1,1,0,2,2,2,1,0,1,2,0,1,2,0,0,1,0,1,0,0,1,1,2,2,1,2,2,1,1,3,1,0,2,1,1,1,2,1,2,3,1,1,1,3,1,1,2,1,1,0,0,0,3,2,1,0,1,0,1,1,1,1,0,0,2,1,0,4,0,1,0,1,1,2,0,3,0,1,0,2,1,2,2,1,1,1,0,0,0,0,2,0,1,0,0,0,0,1,1,1,2,1,2,1,1,1,1,0,0,0,0,2,0,1,0,0,1,1,1,0,0,0,1,1,0,2,2,3,2,1,0,3,0,0,0,3,0,1,1,1,1,1,1,2,1,1,1,2,0,2,1,1,0,2,2,3,0,1,0,2,1,0,0,2,0,2,1,3,1,1,2,0,1,1,0,1,0,3,1,1,0,0,1,0,2,0,1,1,0,0,0,2,1,1,1,3,1,0,1,0,2,2,2,0,2,1,3,1,0,1,1,1,1,0,3,3,1,0,1,1,0,1,1,0,1,1,0,3,2,0,2,1,0,0,0,2,0,0,1,1,2
Gene142,0,2,1,0,3,0,0,0,0,0,1,1,0,2,1,1,0,0,1,5,1,2,0,4,0,0,2,1,1,1,0,3,1,1,0,2,0,1,1,0,1,0,2,0,3,0,1,0,0,0,1,0,0,1,0,0,1,0,1,0,1,2,0,0,1,1,1,2,1,3,2,1,1,1,0,0,0,1,1,1,0,2,1,3,0,0,1,3,3,0,2,2,0,1,2,2,1,1,4,0,0,0,0,2,0,1,3,1,1,0,0,2,3,1,1,2,0,0,0,2,1,1,2,2,1,2,1,1,0,1,0,1,0,3,0,1,0,0,1,0,1,1,0,1,0,2,0,1,0,0,1,0,0,3,4,0,0,0,0,1,2,0,1,0,3,1,3,0,0,0,1,0,5,0,0,0,2,1,0,1,0,0,0,1,2,2,2,2,0,1,3,1,2,0,1,1,2,2,0,2,2,1,1,4,1,1,1,0,0,3,2,0,1,0,2,2,1,1,0,1,0,0,2,2,0,1,1,2,2,1,1,2,3,3,1,0,0,1,1,2,0,2,0,1,1,2,0,0,1,0,4,0,5,1,0,2,1,2,1,2,3,1,1,1,2,2,3,1,1,2,2,1,1,1,1,1,0,1,2,3,3,0,1,1,1,1,2,0,3,1,1,2,1,0,1,1,1,2,1,1
Gene143,1,0,1,0,0,0,1,2,0,1,2,1,1,0,1,1,2,1,1,0,1,0,1,0,1,1,0,3,2,1,2,0,0,0,0,3,2,0,1,0,0,0,0,2,1,0,0,0,2,0,0,0,1,1,1,2,1,2,1,0,0,1,1,1,0,0,2,1,1,4,0,2,1,1,1,2,3,0,2,0,0,2,1,1,1,1,0,3,1,0,5,2,1,0,0,0,2,0,1,1,1,1,0,0,2,1,2,2,1,1,0,2,1,1,3,2,0,0,1,1,2,1,3,0,0,3,1,1,3,2,3,1,2,1,2,0,0,0,0,2,2,1,1,0,1,1,1,2,2,1,1,2,2,2,0,0,0,1,0,1,1,2,1,0,0,2,1,1,2,1,1,1,1,0,0,1,1,0,2,3,1,2,0,0,0,1,1,1,2,2,1,0,0,0,0,2,0,1,2,0,1,0,1,1,2,0,2,0,0,1,0,1,0,1,0,0,1,1,0,1,0,0,0,0,0,1,1,1,1,1,3,0,2,1,1,1,3,0,0,3,0,0,1,2,0,0,2,2,0,2,1,0,2,3,1,0,0,1,0,1,1,3,1,1,0,1,0,0,0,2,0,0,4,2,1,0,1,1,1,1,2,1,0,0,1,0,2,0,0,0,3,1,0,1,1,3,0,0,1,1
Gene144,0,0,0,1,0,2,2,0,0,4,0,2,2,0,2,1,0,2,0,5,1,1,3,0,1,0,4,1,1,0,2,2,1,0,0,1,0,0,1,3,3,0,1,0,0,2,0,1,1,3,2,0,2,1,0,0,2,2,1,3,0,2,1,2,0,0,1,0,1,1,2,1,0,2,0,1,1,0,1,1,1,1,2,0,1,2,0,0,4,1,3,1,2,2,1,0,2,2,0,1,1,0,0,0,1,0,0,0,1,1,0,0,2,0,0,1,1,0,2,0,0,0,0,1,1,1,0,0,1,1,1,0,0,1,0,0,1,1,2,0,0,1,1,3,0,1,0,1,1,1,2,0,2,1,0,1,2,2,0,0,1,1,0,0,0,0,2,0,2,1,0,2,0,0,0,0,0,1,1,3,4,2,1,0,3,1,2,0,0,2,0,1,0,0,0,2,2,0,1,0,1,0,1,0,1,1,0,1,3,0,0,2,1,1,0,2,0,2,3,0,0,0,1,0,1,0,0,0,0,1,0,3,2,1,1,1,0,1,2,0,1,2,0,0,0,4,2,1,2,0,2,1,0,1,0,0,2,1,1,0,1,1,1,0,1,0,1,1,2,2,1,2,1,0,0,0,0,3,0,1,1,0,0,1,2,2,1,1,1,2,0,0,2,3,0,1,1,2,1,1
Gene145,1,1,2,3,5,3,2,1,1,1,2,0,0,2,1,3,1,1,0,0,0,1,0,1,2,0,1,2,0,0,2,0,2,0,2,0,2,0,1,2,3,1,0,1,3,1,0,2,0,0,1,1,3,1,0,1,2,0,1,1,0,2,1,2,0,2,0,0,2,0,1,0,0,0,4,0,1,0,2,3,2,0,0,0,1,2,1,1,0,0,0,1,1,3,1,1,0,1,1,0,1,0,1,0,1,0,0,2,2,1,0,0,1,1,3,1,0,0,1,2,1,2,1,0,0,2,0,0,0,1,0,1,0,2,2,0,1,1,0,1,0,6,2,0,1,3,2,1,0,0,0,1,1,1,2,0,3,1,2,0,0,0,1,1,1,0,0,2,4,1,0,0,0,0,0,0,1,3,1,0,0,1,0,0,1,1,1,2,2,1,0,0,2,2,2,1,0,0,1,2,0,0,0,0,1,0,1,0,0,4,2,0,0,2,0,1,1,0,1,2,1,1,1,0,1,2,0,1,0,0,2,1,3,1,0,2,1,0,1,1,0,0,0,3,1,1,2,0,1,0,1,0,0,1,1,2,1,2,3,2,0,1,1,0,1,1,1,0,1,1,1,1,0,1,3,1,0,4,2,1,3,1,0,1,0,1,1,1,2,1,0,0,0,1,1,2,0,1,1,1
Gene146,3,1,0,1,0,1,0,0,1,2,0,0,2,0,1,0,0,4,1,1,1,0,1,0,0,0,1,2,0,0,0,3,2,0,2,0,1,1,3,1,2,0,2,0,0,3,2,0,2,5,2,1,0,1,1,1,0,2,0,1,1,0,4,0,0,0,0,1,1,0,2,1,1,1,1,1,0,0,2,0,2,3,1,2,2,2,1,1,1,2,2,0,2,2,0,1,0,0,1,1,2,0,0,0,0,0,0,1,0,2,0,0,2,3,0,1,0,1,1,1,1,0,0,0,2,0,1,2,0,1,0,2,2,2,1,1,0,0,0,0,0,2,2,1,0,3,3,1,1,2,1,0,3,1,1,2,2,1,2,0,0,0,1,0,0,2,1,0,1,1,0,0,1,1,0,0,0,0,1,1,1,4,1,2,2,1,2,1,2,0,1,2,1,1,2,1,0,3,0,0,2,0,0,1,0,0,1,0,3,0,1,1,0,1,0,0,3,0,0,0,2,1,1,0,3,0,3,1,0,0,1,1,0,1,0,1,2,0,1,2,1,1,1,2,2,1,1,1,1,2,1,4,3,1,1,0,0,0,1,0,5,0,2,0,1,0,1,4,2,0,1,0,0,2,2,1,1,0,0,0,1,3,1,0,0,1,0,3,0,0,0,1,2,1,0,1,1,1,1,0
Gene147,1,0,0,3,2,2,1,0,2,0,2,0,0,0,2,1,1,0,0,0,1,2,0,2,2,1,0,2,0,2,0,2,1,2,0,2,0,0,3,3,2,0,1,0,1,1,1,3,2,2,1,2,0,1,1,1,0,4,2,0,1,1,1,2,0,0,1,0,0,1,1,0,0,1,0,1,1,2,1,2,0,4,1,1,2,1,0,0,0,1,1,0,1,5,1,2,1,0,3,1,2,0,0,0,0,1,0,0,1,0,0,2,2,1,2,1,1,3,2,0,3,3,4,0,1,1,0,0,1,1,0,1,2,0,2,0,0,0,3,1,1,0,0,2,4,2,4,0,1,0,1,0,1,1,2,1,1,2,2,1,0,1,2,2,1,1,1,1,2,1,0,1,3,2,3,0,0,0,2,0,2,0,0,1,0,1,2,0,1,2,1,1,2,1,3,0,1,0,2,1,0,1,5,0,0,0,1,1,1,3,0,1,1,1,0,0,0,2,2,0,1,1,0,0,1,1,3,0,0,1,1,2,1,1,1,0,2,0,0,1,0,0,1,1,2,0,3,0,0,0,1,2,2,2,1,1,1,1,2,1,2,0,0,0,3,3,2,1,0,1,1,0,1,0,1,1,1,2,1,1,1,1,0,2,1,1,1,0,1,0,0,3,2,1,2,0,0,1,0,2
Gene148,1,0,0,1,0,2,1,1,0,1,1,0,1,0,1,1,0,1,0,2,0,0,2,0,1,1,2,3,5,1,2,0,0,0,0,4,4,2,1,1,1,1,1,1,1,3,0,1,2,0,3,1,0,2,1,0,1,1,1,2,1,1,1,1,1,1,1,1,1,2,1,1,1,2,0,0,1,1,1,0,1,0,3,1,0,1,1,2,2,4,0,0,1,0,0,0,2,2,1,0,2,2,1,0,0,2,1,0,2,2,0,1,1,1,1,1,0,2,2,1,1,1,0,0,0,0,1,1,0,0,0,3,1,0,1,2,0,1,2,4,3,0,1,2,0,1,0,2,1,1,1,1,3,0,1,0,0,2,1,1,0,1,0,1,0,0,0,1,0,0,3,4,2,2,0,0,0,0,2,1,2,0,1,1,0,1,1,2,0,0,1,3,0,1,0,0,1,0,2,0,0,1,0,1,1,2,2,0,1,2,0,0,4,1,0,1,2,2,0,0,1,2,0,1,1,1,2,2,1,1,1,3,0,2,1,0,0,0,2,0,0,3,1,3,2,2,3,1,0,0,3,2,2,0,1,1,1,1,2,2,0,2,0,2,1,0,2,0,1,1,0,0,0,0,0,5,2,2,1,0,0,1,4,2,1,1,2,0,1,0,1,0,2,0,0,1,2,0,0,0
Gene149,2,1,1,0,1,0,1,1,1,3,0,2,0,1,1,0,1,1,1,2,0,0,2,0,1,2,0,4,0,1,0,3,0,1,0,2,2,1,0,0,2,1,1,2,0,2,1,1,0,0,0,1,2,1,0,2,0,3,1,0,1,2,0,2,3,0,1,0,0,0,2,3,0,1,0,2,2,3,1,1,3,1,1,3,1,0,2,0,2,0,0,3,0,1,2,2,1,1,0,1,1,1,0,0,2,2,1,0,0,1,0,0,0,0,0,0,1,1,0,1,0,3,1,0,1,1,2,1,1,0,1,0,0,2,1,0,0,2,0,1,3,0,1,1,2,1,1,1,0,1,3,1,0,2,1,0,1,1,0,0,0,1,0,1,0,2,0,0,3,1,1,2,3,2,3,1,2,1,0,1,0,2,1,3,2,0,0,1,0,0,1,2,2,3,2,0,0,1,1,0,2,4,2,0,0,0,0,2,1,2,0,0,1,0,0,0,1,3,0,1,1,2,0,0,1,0,0,1,0,1,1,1,0,2,2,1,0,2,0,1,0,0,0,1,3,0,1,1,1,0,0,1,0,1,1,2,2,0,1,3,2,1,0,1,2,0,0,0,1,1,1,2,2,1,0,2,2,0,0,0,1,2,0,0,1,0,2,1,0,0,1,1,0,2,0,1,0,2,1,0
Gene150,0,0,1,1,2,1,1,1,0,0,0,1,0,1,1,1,1,1,0,1,0,1,2,2,0,1,2,0,0,1,1,3,3,1,1,0,1,2,1,0,0,0,1,3,0,0,1,1,1,0,1,1,1,0,0,1,1,0,1,3,1,3,2,2,0,2,1,1,2,0,0,2,3,0,1,2,1,0,0,1,0,1,0,0,1,1,1,1,4,2,0,0,3,1,0,1,0,1,2,4,1,0,0,1,1,1,0,0,0,2,0,2,4,1,0,1,0,2,0,1,0,3,0,1,3,1,0,2,1,1,1,2,0,1,1,2,0,0,0,1,1,0,2,0,1,4,1,1,1,1,1,4,1,1,2,0,1,0,0,0,3,0,0,2,1,0,0,0,2,2,2,0,2,4,0,1,0,1,3,2,0,2,1,1,0,2,2,2,0,2,0,1,1,0,2,0,1,0,0,3,0,2,3,1,1,2,2,0,0,1,1,0,0,2,1,1,1,1,0,0,1,1,0,1,2,2,1,0,0,0,1,0,2,1,0,0,0,0,0,0,1,1,1,3,1,0,0,1,1,0,0,0,1,2,0,1,0,3,1,0,2,2,1,0,4,2,0,1,1,0,0,0,1,0,0,3,0,0,2,4,1,1,1,1,0,1,0,2,2,1,0,4,1,0,0,0,1,3,3,2
Gene151,0,0,0,0,3,4,1,2,1,3,0,1,0,3,1,0,3,1,2,0,1,0,2,1,0,0,3,1,1,1,1,0,3,1,2,2,0,2,2,1,1,2,0,2,2,0,1,0,2,2,0,1,0,2,0,0,1,1,1,1,0,2,1,0,2,3,1,2,2,1,1,0,0,2,0,0,2,0,0,2,0,0,1,2,3,3,2,1,1,3,0,1,0,0,4,0,0,1,1,0,1,1,0,1,1,2,1,1,1,1,1,1,1,0,1,0,0,2,1,0,2,1,1,1,0,0,3,1,2,2,0,2,0,0,0,1,0,0,1,2,1,0,1,1,0,2,0,1,0,2,2,0,0,2,2,1,1,1,0,1,1,1,1,0,1,1,2,1,1,0,1,0,2,2,2,1,1,0,1,3,0,0,2,0,1,3,1,1,1,3,1,0,0,1,1,0,1,0,0,0,2,0,1,1,2,2,0,0,0,0,0,0,2,1,2,1,2,2,1,0,1,3,1,0,2,2,1,1,1,1,0,1,1,1,3,2,2,1,3,2,0,1,0,0,0,3,1,0,0,2,3,3,0,0,1,1,1,1,2,2,0,3,1,0,2,1,0,1,0,0,1,0,0,1,3,1,3,1,1,0,1,2,2,0,3,1,1,0,0,2,2,1,0,1,3,1,4,1,2,0
Gene152,2,0,0,0,2,0,1,0,3,3,1,0,0,1,1,0,3,2,2,2,0,1,5,0,1,3,1,4,0,0,4,1,0,3,0,0,1,1,0,0,0,1,0,1,1,2,3,1,1,0,2,1,0,0,1,1,2,1,0,1,0,3,3,2,2,0,1,1,1,2,0,0,2,2,1,4,0,1,1,1,0,0,1,1,0,1,3,0,1,1,0,2,2,0,3,3,0,0,0,1,2,0,2,0,0,1,2,1,2,0,2,1,1,0,1,1,2,1,2,0,1,0,0,0,1,0,0,0,2,1,1,0,2,3,0,0,0,0,0,0,1,5,0,0,1,2,0,0,1,0,1,0,0,0,0,1,0,1,1,2,1,0,0,0,0,1,0,2,1,1,0,2,2,0,0,1,2,1,0,2,1,0,0,0,1,1,1,3,2,0,1,1,0,0,2,1,0,0,1,1,0,1,3,0,1,0,1,0,3,3,0,0,0,2,1,0,2,1,2,2,2,1,1,1,2,1,0,1,1,0,3,2,0,0,1,2,3,2,1,0,1,3,0,2,0,1,1,1,1,0,1,1,2,2,2,2,2,0,1,1,2,0,1,3,3,1,2,0,1,0,1,0,1,3,1,2,2,2,1,0,0,3,0,2,1,2,3,3,0,1,0,0,3,2,0,2,1,0,1,0
Gene153,0,1,0,0,0,1,1,0,1,3,1,0,2,1,1,1,0,0,2,0,2,1,2,1,0,2,2,2,1,1,3,1,0,0,2,2,1,1,1,1,3,1,0,0,1,2,2,2,0,1,1,0,0,1,1,3,1,1,2,1,2,1,0,0,1,1,1,0,2,0,1,0,0,1,1,0,2,2,0,0,0,0,1,2,0,0,1,1,1,0,1,1,0,0,1,0,0,1,2,1,0,3,3,2,1,1,0,0,1,1,2,3,2,1,0,3,0,3,0,1,4,0,0,0,1,0,2,0,0,0,0,0,1,0,0,0,0,1,0,0,0,3,1,1,0,2,0,0,0,3,0,0,0,0,0,1,1,2,0,1,1,0,0,2,2,0,0,0,0,1,0,0,0,1,1,2,0,1,1,1,1,2,0,1,0,0,0,1,0,1,2,0,1,0,0,1,0,1,2,1,1,3,1,2,0,0,1,1,1,2,2,1,2,0,1,0,0,0,3,0,0,2,1,1,1,0,1,0,2,0,1,0,1,1,0,3,0,1,1,1,1,0,0,2,1,1,2,1,3,0,1,1,1,0,1,0,0,0,1,1,1,0,0,3,3,0,0,2,0,2,0,2,1,1,1,0,4,0,2,2,1,1,0,0,1,1,0,1,2,1,0,2,2,3,0,1,2,0,1,1
Gene154,1,3,3,0,0,1,1,0,0,1,0,1,0,1,1,2,0,2,0,4,0,0,2,0,2,1,1,0,2,0,0,0,1,3,0,1,1,0,0,2,4,1,1,2,3,0,1,1,1,3,1,2,2,3,0,3,0,2,0,0,2,0,1,1,0,0,0,0,1,0,0,2,2,2,1,0,2,0,3,0,2,0,0,2,1,1,2,1,2,0,1,0,1,1,2,2,2,2,1,1,0,0,1,1,0,1,2,0,2,4,1,4,1,0,1,1,1,0,3,0,1,1,3,0,3,0,1,3,2,2,2,3,1,3,1,4,0,1,3,1,0,2,1,0,0,1,0,0,0,2,1,0,1,1,2,0,1,2,2,3,0,0,0,0,1,1,1,1,2,2,4,2,0,2,0,1,2,0,1,1,0,0,1,1,1,4,0,1,3,0,3,1,1,0,1,1,2,2,0,0,2,1,2,0,1,0,0,1,1,0,2,2,1,2,0,0,0,0,1,1,4,0,0,1,2,2,1,2,1,1,1,2,1,0,2,0,0,1,0,1,1,4,1,1,1,1,0,1,0,1,0,1,1,1,0,2,1,0,2,0,0,0,3,1,2,0,0,1,1,0,4,0,0,1,2,2,1,1,0,2,2,1,2,1,3,0,1,0,3,2,1,3,2,0,1,1,3,1,0,0
Gene155,1,2,0,3,0,2,1,0,1,1,1,4,1,0,2,2,0,0,0,5,1,1,1,0,0,0,1,0,1,0,1,2,1,1,0,3,2,2,0,1,0,1,2,2,1,0,3,1,1,0,1,1,0,0,0,2,2,2,0,0,1,1,0,0,1,1,0,0,1,4,3,0,3,0,3,2,1,1,0,0,2,3,0,0,1,0,3,0,2,3,0,2,1,1,1,2,0,1,1,0,2,0,2,0,0,1,1,2,2,1,3,0,1,0,0,3,3,0,2,2,1,0,0,2,1,0,0,1,3,0,0,1,1,1,0,0,0,1,1,2,0,1,3,1,2,4,0,0,1,1,2,2,1,2,2,2,0,0,0,2,0,1,1,2,2,1,0,1,1,0,0,1,0,4,0,0,1,0,0,0,1,2,1,2,2,1,2,1,0,2,0,1,1,0,1,1,0,2,0,2,2,3,0,0,4,1,1,0,0,0,1,1,0,1,1,1,0,2,2,3,1,1,0,1,2,0,1,0,3,0,1,3,1,0,2,1,0,2,1,0,2,2,2,0,1,1,2,2,0,0,0,0,2,1,2,1,0,2,1,2,2,0,0,3,0,2,1,1,1,2,2,0,1,1,2,1,1,2,1,0,2,1,0,2,1,1,0,2,2,1,0,1,3,1,1,0,2,2,4,3
Gene156,1,1,1,0,0,1,1,1,1,0,2,1,0,1,2,0,2,1,0,0,0,1,0,2,4,1,0,1,1,1,2,1,1,1,1,0,1,2,1,2,4,2,1,1,1,2,1,1,0,0,4,2,0,1,1,1,0,1,0,0,2,0,0,0,1,2,0,0,0,1,1,0,3,1,1,0,0,2,0,0,2,1,1,0,2,0,3,0,1,1,0,1,2,2,2,0,1,1,2,2,1,1,2,2,1,0,0,1,0,2,4,1,1,0,2,0,0,0,1,0,2,0,1,0,1,2,1,1,1,1,0,2,3,1,0,1,0,0,1,1,1,1,0,1,3,2,1,1,0,1,0,0,1,1,1,2,1,1,1,1,0,1,1,0,2,0,0,0,1,1,0,2,2,1,1,1,0,2,0,1,1,2,0,0,0,1,1,0,1,0,1,1,0,0,1,1,3,1,0,0,1,0,0,1,0,0,1,3,2,0,0,2,0,0,0,1,1,0,0,2,0,0,0,0,0,0,0,0,1,2,1,1,1,3,1,0,0,0,1,1,4,3,0,1,1,1,3,1,0,0,1,2,1,0,1,0,1,2,1,2,0,0,0,0,1,0,1,0,1,2,0,1,1,3,0,1,0,1,1,1,0,1,1,2,1,1,1,0,5,1,1,0,0,0,1,4,0,2,1,0
Gene157,1,2,1,2,2,2,3,3,0,1,0,0,3,1,3,2,1,0,2,2,1,2,1,1,1,2,3,0,0,1,1,1,1,2,0,1,1,0,1,0,2,0,0,3,0,2,0,1,1,0,1,0,3,0,1,1,1,0,1,0,0,2,0,2,0,2,0,0,1,0,0,0,2,5,1,2,1,1,1,0,1,0,1,0,0,5,2,1,1,4,0,2,1,1,2,1,2,1,0,2,1,0,0,0,2,0,3,5,1,1,1,1,1,0,1,1,2,0,0,3,2,1,3,1,1,0,0,0,1,0,2,1,0,0,1,0,0,0,2,2,0,1,1,3,2,0,0,0,1,2,1,3,0,1,2,2,2,0,2,0,1,0,0,2,0,0,1,1,0,2,1,0,0,2,3,3,1,4,1,2,2,3,0,1,1,0,1,2,1,0,0,2,1,1,1,0,2,2,1,0,0,2,0,1,0,1,1,1,2,1,1,3,1,0,1,2,1,3,1,1,0,1,0,0,0,1,1,1,0,1,0,2,4,1,0,2,1,1,1,2,3,2,0,1,1,4,1,0,0,1,0,2,2,5,1,2,0,1,2,1,3,0,1,0,1,1,0,1,0,2,1,1,0,0,0,2,2,0,1,2,1,0,2,1,3,1,1,1,0,3,1,0,1,0,0,0,2,0,2,1
Gene158,2,0,2,0,1,1,0,0,0,0,2,0,2,3,4,1,0,0,0,0,1,0,1,1,1,0,2,3,1,1,1,0,1,3,1,1,0,2,0,2,0,1,0,1,1,0,0,3,2,0,0,1,1,2,2,1,3,1,0,1,4,1,2,2,1,2,1,1,1,2,2,1,0,1,0,0,1,1,3,1,2,2,1,1,2,1,2,0,2,0,0,0,1,1,1,2,0,1,0,0,1,0,1,1,1,2,1,1,1,0,0,1,1,0,1,0,1,4,0,0,1,0,0,0,2,1,1,1,1,0,2,0,0,0,0,0,4,1,1,1,0,2,1,4,0,1,0,1,3,0,3,2,1,1,1,2,0,1,1,1,1,0,3,0,1,3,1,0,0,1,1,3,1,1,2,2,2,0,1,1,2,3,1,2,0,1,1,1,0,3,1,1,1,0,1,0,1,0,2,0,1,0,0,3,0,1,1,2,0,0,2,0,0,2,0,2,0,2,2,1,2,2,1,0,1,2,0,0,0,1,2,2,0,1,1,0,2,1,2,1,2,0,2,1,0,1,1,2,2,0,2,1,2,1,0,1,0,0,2,0,3,0,2,0,1,1,1,0,2,1,0,0,1,2,1,1,1,2,0,0,2,1,0,1,0,3,2,2,1,2,1,1,0,2,1,0,1,3,1,0
Gene159,0,0,1,1,0,2,0,3,0,0,1,1,2,0,0,2,0,2,1,0,1,1,0,0,1,0,1,0,0,1,2,1,3,0,0,1,2,1,1,2,0,2,1,0,1,2,0,1,1,1,1,3,1,1,1,0,0,1,2,1,1,1,1,3,1,0,0,1,0,1,0,0,0,0,0,2,2,2,0,1,1,2,2,0,1,0,0,3,2,2,2,0,0,0,3,0,0,2,1,0,0,0,1,1,1,0,1,1,1,2,0,0,1,1,0,0,2,0,0,1,0,0,0,1,0,0,1,1,2,0,0,1,0,0,0,0,0,0,1,1,2,1,3,3,1,3,0,1,0,1,4,0,4,0,1,0,1,0,1,0,1,0,1,2,0,2,1,0,0,1,1,2,0,0,2,1,0,0,0,0,2,1,1,0,1,0,1,1,0,0,2,1,0,1,0,2,1,2,2,1,2,0,1,0,2,0,3,2,1,0,2,1,3,2,1,3,2,1,1,0,0,0,1,3,2,2,3,2,1,0,0,0,2,2,1,1,0,3,0,1,1,0,1,0,1,1,0,1,2,2,2,1,0,0,2,1,0,1,2,0,0,2,3,2,1,0,1,1,1,2,1,1,1,3,0,3,1,1,3,0,0,2,0,1,0,0,0,0,0,1,2,2,1,0,2,0,1,1,1,1
Gene160,1,2,0,1,1,3,0,5,1,2,0,1,1,0,3,1,1,1,2,2,0,3,3,0,1,1,1,0,0,2,1,1,2,0,2,5,3,1,0,0,3,0,2,1,0,2,0,0,0,0,2,1,1,0,1,0,0,1,2,1,1,0,0,1,3,0,1,1,1,2,1,1,2,0,2,2,0,1,1,1,0,1,0,0,1,1,1,1,2,0,2,2,0,0,1,1,2,2,0,0,1,0,0,0,0,1,1,2,2,0,0,0,1,0,0,0,0,0,0,0,1,1,2,1,1,0,1,2,1,1,1,1,1,3,2,1,2,2,0,0,1,0,1,1,1,2,2,2,2,0,0,1,0,1,2,2,2,0,1,1,0,2,0,2,2,2,3,1,0,3,1,0,0,1,0,0,0,0,1,0,0,3,0,1,0,1,1,0,2,0,2,2,0,1,0,0,0,1,1,3,1,0,1,0,1,0,0,0,1,1,0,0,1,2,3,0,0,1,0,0,1,1,1,0,1,0,2,0,3,0,0,1,1,0,1,0,4,1,1,1,0,0,2,1,0,1,3,1,0,0,0,0,0,2,0,1,0,1,1,1,2,4,0,1,1,1,2,2,0,1,1,2,1,2,1,2,0,1,0,0,0,0,0,1,3,1,0,1,1,1,1,0,0,0,1,2,0,2,0,2
Gene161,1,2,1,1,0,1,2,0,1,0,1,1,1,1,1,4,1,1,0,0,1,1,1,1,1,0,1,3,2,1,1,0,1,4,2,0,0,0,2,1,2,0,3,2,0,1,2,1,1,2,0,2,0,2,2,0,2,0,1,1,2,0,1,1,1,0,0,1,1,0,2,0,3,5,0,1,2,1,0,0,1,1,2,1,3,2,0,1,1,1,2,2,0,0,0,0,0,2,2,0,0,0,0,0,3,1,1,0,0,1,3,0,1,0,1,1,0,0,2,0,0,1,3,0,1,1,0,0,2,1,0,1,0,2,1,3,1,0,1,0,1,1,2,1,0,0,2,2,2,1,3,3,0,0,1,1,1,0,1,1,1,0,1,0,2,1,3,1,0,3,2,1,1,1,1,0,0,0,1,0,1,2,1,2,0,2,1,0,2,3,1,2,3,2,1,0,1,0,1,2,2,0,1,2,2,0,0,1,1,3,1,3,1,1,0,0,0,1,1,1,3,3,1,0,0,1,0,2,1,0,0,2,0,1,2,0,1,1,1,0,1,1,0,0,1,1,0,2,2,3,3,2,1,2,2,1,0,2,3,5,1,0,1,0,1,1,1,1,1,1,0,3,0,1,1,1,2,0,0,1,2,2,1,1,2,1,1,1,2,0,1,0,1,0,0,1,1,0,1,3
Gene162,0,2,0,1,1,0,0,0,0,2,1,1,3,1,3,3,0,1,1,1,2,2,0,1,3,2,0,1,1,0,3,1,0,1,0,2,3,0,0,1,1,0,0,0,1,0,0,1,1,0,1,3,3,0,0,0,1,0,0,0,1,2,3,1,0,1,0,2,0,0,2,2,1,2,1,2,0,1,1,0,2,0,0,1,2,0,0,0,2,0,0,1,0,0,3,0,1,3,0,2,1,1,0,3,0,0,3,1,3,4,0,1,1,1,0,3,1,0,0,1,0,1,0,0,2,0,1,0,1,0,0,1,1,0,2,2,3,1,1,3,0,1,1,1,3,1,0,1,1,0,0,1,1,1,0,0,0,3,1,1,0,0,0,1,0,0,2,1,0,2,0,1,0,2,1,0,1,1,0,0,1,1,2,0,0,0,0,0,3,0,1,1,0,0,2,2,0,0,0,0,0,0,2,1,0,0,0,0,2,2,1,2,1,4,0,2,0,1,2,0,0,0,1,0,2,3,1,0,0,0,1,2,1,1,0,2,1,0,1,0,1,0,2,2,0,1,2,2,1,1,1,0,0,3,0,1,1,2,2,0,1,0,1,0,0,1,0,1,1,1,1,1,0,0,1,1,1,2,0,1,2,0,0,0,0,0,1,0,0,0,2,1,2,1,1,0,1,2,1,1
Gene163,0,1,2,3,1,1,1,1,4,0,2,1,0,4,1,0,1,1,1,0,1,2,2,1,1,0,2,0,3,2,2,0,1,0,1,1,2,0,2,0,0,1,0,1,1,1,1,0,2,1,1,0,2,2,1,2,1,0,2,1,0,2,0,2,1,0,0,0,0,2,2,2,1,0,0,2,2,1,0,1,0,0,0,3,1,0,1,2,0,0,0,1,0,2,0,1,0,0,2,0,1,4,1,2,2,1,0,1,0,1,1,1,0,0,2,0,0,1,1,1,1,1,0,0,3,1,1,0,0,3,1,1,1,1,1,0,2,1,0,1,1,2,1,2,1,1,0,0,0,1,0,1,3,2,1,3,0,1,1,0,1,1,0,3,1,1,1,0,2,1,2,1,0,0,5,3,2,2,1,0,1,3,2,1,1,0,0,4,3,1,1,1,0,0,2,1,1,2,0,2,1,1,4,3,0,3,1,5,1,1,0,0,3,0,0,2,2,2,1,2,1,1,3,1,2,1,0,0,0,0,3,1,0,0,2,0,0,2,1,2,0,0,0,0,1,2,0,2,4,2,4,0,0,1,1,0,1,0,1,0,0,0,0,0,0,0,0,1,0,1,1,0,1,1,0,0,0,1,2,0,1,2,1,1,2,0,0,1,2,4,1,1,0,1,2,1,0,0,1,1
Gene164,0,0,0,1,1,2,0,0,1,1,0,0,0,0,0,2,0,3,0,1,2,0,0,0,0,1,1,0,1,0,1,2,1,0,1,0,2,2,0,2,1,1,1,1,1,1,2,0,1,1,2,6,5,1,1,1,2,0,1,0,0,1,4,1,1,3,1,0,1,0,0,1,2,0,0,1,2,0,0,2,1,1,2,2,3,2,0,1,1,1,2,0,1,3,0,0,3,0,2,0,1,1,3,1,1,0,0,1,0,0,2,0,0,1,0,0,0,0,1,0,0,0,0,3,0,1,4,0,0,0,0,0,2,0,1,0,1,0,0,1,1,1,1,2,1,1,0,1,2,1,2,0,1,2,2,2,2,2,0,0,3,0,2,1,2,0,2,0,5,1,1,1,3,1,0,0,0,0,2,3,2,1,0,0,1,1,1,0,1,1,1,1,0,1,2,2,0,0,4,0,0,1,1,0,0,2,2,1,0,1,1,0,2,4,0,0,1,0,1,0,0,0,1,1,2,2,2,1,1,0,1,0,0,2,0,0,0,3,0,0,1,0,2,1,1,0,1,1,0,0,0,0,2,1,0,0,0,0,0,0,0,3,2,1,0,2,3,1,2,0,2,1,0,3,1,0,1,1,2,0,3,0,0,3,1,1,1,0,0,1,1,2,0,3,0,2,0,0,0,0
Gene165,0,1,1,0,0,2,1,1,3,1,0,1,1,1,1,2,1,0,2,2,0,1,1,1,1,1,0,1,0,2,0,4,0,0,3,2,5,1,1,1,2,0,1,0,1,0,0,1,0,1,1,0,5,1,1,0,1,0,0,1,0,0,1,0,1,4,1,0,2,0,2,0,1,2,0,1,2,1,1,0,0,2,0,2,1,1,1,2,0,3,3,1,1,2,3,0,2,1,1,2,1,4,0,0,0,0,0,2,2,0,0,1,2,4,1,0,1,1,1,1,3,1,1,1,1,0,2,2,0,2,0,1,0,0,2,1,0,0,0,1,1,1,0,1,0,1,0,2,1,0,2,2,1,3,1,0,3,0,2,2,2,0,0,1,0,1,0,0,0,1,1,1,1,1,1,2,2,2,1,0,1,1,0,1,0,2,0,0,0,0,0,0,2,1,2,1,0,1,1,1,0,1,2,2,3,0,3,0,0,0,0,1,2,0,1,2,1,2,0,1,1,1,2,2,2,0,0,2,0,2,0,0,2,0,1,1,1,1,0,0,0,0,2,1,2,2,0,1,1,0,0,4,0,1,0,2,2,2,0,1,0,1,2,0,2,0,1,0,0,3,0,1,0,0,0,2,1,1,1,1,0,2,2,1,4,2,0,1,1,1,0,2,1,2,0,0,2,1,0,1
Gene166,0,0,1,1,2,0,1,1,0,2,3,0,0,0,0,1,0,0,2,1,1,0,1,1,1,2,0,1,1,0,1,1,0,2,2,1,2,0,0,0,1,2,0,0,2,0,0,2,2,0,1,3,1,2,4,3,1,1,1,1,1,1,1,1,3,0,0,1,0,1,0,2,0,2,1,1,2,0,0,0,2,0,2,0,0,1,1,1,1,4,0,1,0,1,1,1,1,1,2,2,2,0,0,3,0,1,1,0,1,0,0,2,0,1,0,1,0,0,2,1,0,1,1,1,1,4,1,0,0,1,1,0,2,2,4,0,0,2,3,0,1,1,1,0,1,0,2,5,0,0,2,1,0,0,0,0,0,1,0,0,0,2,0,2,1,0,0,0,1,0,1,2,2,0,0,1,0,0,2,0,1,2,0,0,1,0,2,1,0,0,1,0,2,1,1,1,2,0,0,1,1,2,3,1,1,0,1,0,0,2,1,3,1,1,2,2,0,2,1,2,1,2,1,2,1,2,0,2,0,0,2,1,0,0,1,1,1,0,0,0,0,0,1,2,2,3,2,1,2,0,0,1,0,4,2,1,0,0,0,0,1,0,1,3,0,2,1,1,2,2,1,0,0,2,3,0,1,2,0,0,0,1,0,1,2,2,1,3,3,0,1,1,1,0,0,1,0,1,3,1
Gene167,3,3,0,0,1,0,2,1,2,1,1,1,0,0,2,1,1,0,0,2,0,2,2,2,0,1,2,3,0,0,1,2,2,0,0,0,3,0,0,0,1,0,1,0,0,1,3,1,1,0,0,2,0,1,1,0,1,0,0,1,1,4,2,0,0,0,0,0,3,0,0,0,2,1,2,0,0,0,1,0,0,2,2,1,1,0,0,0,1,0,3,2,2,1,0,1,3,0,1,2,1,0,0,2,2,2,2,1,0,2,1,0,3,1,0,1,2,3,2,1,2,0,0,1,0,3,0,1,0,0,0,2,3,2,2,1,1,1,3,1,2,0,3,0,3,2,0,1,5,1,0,1,1,0,2,0,2,3,2,2,2,0,0,1,1,2,2,1,1,0,1,0,0,2,1,0,0,0,0,0,0,2,3,1,1,0,2,1,0,1,0,0,0,1,1,2,0,0,3,1,1,2,3,1,0,1,1,3,0,0,0,0,2,1,2,2,2,1,1,1,2,1,0,0,0,1,0,1,1,1,0,1,0,0,0,1,3,2,1,1,0,2,3,1,1,0,1,1,0,1,1,2,1,1,1,1,1,2,1,1,1,0,0,1,5,1,0,1,1,0,3,0,2,2,1,2,0,0,1,0,1,0,1,2,1,3,1,2,2,1,0,0,1,0,1,0,2,1,2,0
Gene168,4,2,1,1,0,1,1,1,1,1,0,4,0,0,1,0,0,2,2,0,0,3,1,2,1,0,4,1,3,0,1,1,2,0,1,1,0,0,1,1,2,2,1,1,1,0,3,1,2,1,0,2,0,0,0,1,0,0,0,1,0,0,1,2,1,2,1,1,1,0,0,1,2,1,1,0,3,0,0,1,2,0,1,2,3,0,3,0,2,1,1,2,1,0,0,0,1,2,3,2,0,4,0,0,0,1,2,2,1,2,2,0,1,1,0,4,1,0,1,0,1,0,2,1,3,3,2,1,2,1,1,1,1,1,1,0,1,0,0,0,1,2,1,1,1,0,0,2,1,0,1,0,0,1,2,2,3,2,1,0,2,0,1,0,1,1,2,2,4,1,0,1,0,0,2,1,2,2,0,1,1,1,0,2,0,0,1,3,0,2,0,4,1,1,3,1,0,1,0,0,0,0,1,0,0,3,0,1,0,4,2,3,3,1,3,1,2,1,1,1,0,2,1,0,1,1,2,2,2,1,1,0,0,0,0,0,1,0,1,1,2,1,2,0,2,1,1,0,0,0,1,1,4,1,0,1,4,0,0,0,1,2,2,0,0,0,0,2,1,0,1,3,2,1,0,2,1,1,0,0,2,1,0,1,1,1,2,2,1,1,0,0,0,0,2,0,1,3,2,0
Gene169,2,0,1,2,2,0,1,1,1,1,0,0,0,1,1,1,1,0,0,1,0,1,3,1,3,1,1,3,2,0,0,1,4,0,3,1,1,1,1,1,1,0,2,1,0,0,1,0,1,0,0,4,0,0,1,1,2,1,1,0,2,1,0,1,0,2,0,1,1,0,0,1,1,2,0,0,1,1,1,1,1,1,0,0,0,0,1,1,3,1,0,1,1,1,2,2,0,0,2,2,1,1,0,1,0,0,2,0,1,2,2,0,2,1,0,3,1,1,0,0,2,1,1,1,0,0,1,0,1,0,1,2,1,2,2,2,1,1,0,2,0,0,1,1,1,3,1,1,1,1,1,1,0,2,0,0,3,2,0,0,1,1,0,0,0,2,0,1,1,1,2,2,2,1,2,1,1,0,1,1,2,2,1,0,3,1,0,0,2,0,2,3,3,1,1,1,0,2,1,0,1,1,0,1,2,1,0,1,1,0,2,0,1,2,1,1,0,0,0,0,2,1,0,1,1,0,0,1,1,2,0,2,1,1,1,2,1,1,0,1,0,1,3,3,1,1,1,2,0,1,0,0,1,0,0,1,1,2,0,0,0,2,0,2,0,1,0,2,0,0,1,0,1,2,0,2,1,1,2,0,2,1,1,4,0,3,0,1,0,3,1,2,2,1,0,0,3,0,1,1
Gene170,2,0,1,0,0,3,0,2,3,1,1,1,1,1,3,0,0,3,0,0,0,1,1,1,2,2,1,2,2,2,0,2,1,1,0,1,0,1,2,0,0,1,2,1,0,0,0,2,0,0,2,1,1,2,2,0,0,1,0,1,1,1,3,1,3,1,1,0,2,0,2,0,2,1,1,1,1,2,0,0,0,2,0,1,2,1,5,1,0,2,1,1,0,1,3,0,0,2,1,0,1,0,1,1,1,2,1,1,4,2,1,0,0,0,2,1,0,2,2,1,0,1,2,1,0,0,0,1,0,5,0,2,2,0,1,3,1,1,0,1,2,0,1,0,2,1,2,1,1,1,1,4,4,1,0,0,1,3,1,0,1,1,2,1,1,3,0,0,3,1,1,2,3,0,0,0,1,0,2,0,0,1,0,4,2,3,1,1,0,2,0,1,1,1,1,0,0,0,1,1,2,2,0,0,0,0,1,1,2,0,3,1,2,0,3,1,0,1,1,0,2,1,0,2,2,1,1,1,0,1,3,1,1,1,0,0,0,3,0,0,1,0,1,1,1,1,2,2,1,0,0,1,1,2,1,0,1,2,0,2,1,0,1,2,1,1,1,0,2,2,1,0,2,0,1,2,2,0,0,3,1,1,0,1,2,3,1,0,1,0,1,1,1,1,0,0,1,1,4,3
Gene171,1,0,2,1,2,1,0,1,1,0,3,0,1,1,3,0,0,0,1,1,3,0,0,2,2,0,0,0,4,1,0,0,0,2,1,2,4,1,0,0,0,2,0,0,1,0,0,2,0,0,0,2,2,0,2,1,0,1,1,1,1,1,1,1,0,0,3,0,2,4,1,0,0,1,0,0,1,1,0,0,0,1,1,2,0,1,0,1,1,0,0,1,0,1,4,2,1,0,2,2,1,0,1,0,2,0,0,1,1,2,0,2,0,1,1,3,0,1,0,1,2,0,0,2,2,1,0,0,2,2,0,1,1,0,1,2,3,1,0,2,0,1,0,1,2,1,1,0,1,1,2,1,0,1,2,0,3,1,0,2,1,0,0,1,1,0,2,1,3,0,0,2,0,0,2,3,1,0,1,0,0,0,1,0,1,0,2,2,1,2,1,1,3,1,0,2,1,2,0,2,1,1,1,3,1,0,1,2,0,1,1,0,0,2,1,0,1,1,0,0,0,1,3,4,2,1,4,1,1,1,4,3,2,1,1,3,0,3,4,2,0,2,0,0,1,1,0,0,1,0,1,1,1,3,1,0,3,1,1,0,0,1,3,1,2,0,0,0,2,2,2,1,0,1,1,1,0,0,1,3,0,2,0,0,1,0,0,0,2,1,0,1,0,1,0,1,2,3,0,0
Gene172,1,2,1,1,1,5,1,1,1,0,0,0,0,3,2,0,0,0,2,0,1,1,0,3,0,2,1,2,1,0,2,1,1,0,0,2,0,0,2,0,0,0,1,1,0,2,3,1,1,1,1,1,0,3,1,2,0,2,3,0,0,4,0,0,1,1,0,2,1,1,0,1,0,1,0,2,0,1,1,1,1,0,1,1,0,2,3,0,1,1,1,1,3,3,0,0,0,1,0,1,1,1,1,2,0,0,2,0,0,1,0,1,2,0,1,1,0,0,0,2,2,1,0,0,0,0,0,0,1,1,1,0,2,0,0,0,1,5,2,0,1,2,1,1,0,1,0,1,2,3,0,1,0,1,0,0,0,1,1,1,2,1,1,0,2,0,1,2,3,1,0,1,2,2,4,0,3,1,0,2,2,1,0,1,1,0,0,1,2,1,0,0,0,0,1,1,1,0,3,0,0,1,1,0,3,1,1,0,2,2,1,0,1,1,2,1,2,4,1,1,1,0,0,1,1,2,1,0,2,2,0,1,2,1,1,1,1,2,1,2,1,1,0,0,2,0,1,2,0,1,0,0,0,1,0,1,2,1,0,0,2,0,2,0,4,0,2,1,2,0,2,4,0,1,2,1,1,2,1,0,0,2,1,2,2,1,0,0,1,0,1,1,4,2,1,0,0,1,0,2
Gene173,1,2,1,0,1,1,0,2,2,0,3,0,1,2,1,2,0,1,0,3,1,0,1,2,2,1,1,0,1,0,1,0,2,2,0,1,1,0,0,0,0,0,1,1,1,0,0,0,1,0,0,0,5,1,0,0,3,1,1,1,0,1,0,0,2,0,4,0,1,2,0,1,1,0,2,0,0,2,1,2,0,0,1,1,0,1,2,2,0,0,0,0,1,2,0,0,0,3,1,1,1,0,0,1,1,0,2,0,0,0,3,0,0,0,1,0,0,0,1,2,0,3,1,0,1,2,2,1,1,3,1,1,0,1,2,1,1,0,2,2,2,1,1,0,3,2,2,1,1,2,1,0,1,0,0,2,3,1,1,2,1,0,2,2,1,2,3,1,0,1,0,0,0,1,1,1,3,2,2,1,2,1,0,3,3,0,0,1,0,2,0,1,0,1,2,0,2,3,1,0,2,0,1,0,1,2,0,0,2,3,1,1,0,2,1,0,2,0,2,3,0,1,1,2,0,1,0,1,1,1,1,1,1,1,1,0,1,2,0,4,2,2,1,0,0,0,1,0,1,0,1,1,1,0,0,1,0,2,3,1,0,0,2,2,1,0,1,1,0,0,1,2,2,1,0,0,0,1,2,1,0,3,0,0,1,3,1,0,0,1,0,2,1,1,1,3,0,1,1,0
Gene174,0,2,1,3,1,1,0,1,0,1,1,0,0,1,0,1,0,3,1,0,2,0,0,0,0,2,2,1,2,0,1,0,1,0,1,1,0,1,0,2,0,1,1,1,2,2,1,0,2,1,1,0,3,1,1,1,1,3,2,1,1,0,2,0,0,1,0,1,0,1,2,1,1,2,3,1,3,0,1,1,2,0,2,0,2,1,1,1,1,0,2,1,2,1,0,2,0,1,0,0,2,0,1,0,0,1,1,2,0,1,2,0,4,2,1,1,0,0,1,0,1,1,2,0,0,0,0,0,2,2,2,1,0,0,0,2,0,0,1,1,0,5,1,2,2,1,1,0,0,1,2,2,1,0,2,1,2,1,0,2,1,0,1,1,0,0,4,1,0,3,0,0,0,1,4,2,1,1,0,0,1,1,1,0,2,2,0,1,0,1,1,2,0,0,2,3,1,1,1,1,1,3,1,1,0,1,3,0,0,1,0,1,2,3,0,3,0,1,1,1,1,0,4,1,0,1,1,0,0,0,0,1,0,1,1,0,1,1,0,0,1,1,3,1,1,0,0,1,2,0,1,2,2,1,1,0,2,0,0,1,1,2,1,1,0,1,1,0,1,2,1,1,0,2,1,0,0,1,0,0,1,0,0,1,0,0,1,1,0,1,4,0,2,3,0,1,1,0,1,0
Gene175,0,5,0,1,0,0,2,0,1,0,1,0,1,1,1,3,0,0,1,1,0,1,1,0,0,1,2,2,0,0,2,0,1,0,3,0,1,2,3,0,2,1,0,2,1,1,2,1,2,0,0,1,4,1,2,4,3,0,0,2,2,1,0,2,1,0,2,0,1,0,1,0,0,2,0,1,0,0,1,3,3,1,2,0,2,1,3,0,0,1,1,2,1,1,0,1,2,1,2,1,1,2,0,1,0,3,0,1,0,0,3,1,1,0,0,2,1,0,1,0,2,0,1,1,1,0,0,1,1,2,0,0,0,1,1,2,0,0,0,1,0,0,1,1,2,3,0,1,0,2,0,0,2,2,0,1,1,2,0,0,1,0,2,3,0,0,0,1,1,1,0,3,0,0,0,0,1,1,1,1,1,2,1,1,0,0,2,2,0,1,1,2,1,2,1,0,0,1,2,0,1,1,0,1,0,0,3,2,0,0,3,1,0,0,2,2,1,0,2,2,3,0,1,0,2,1,2,1,1,3,0,2,2,1,0,1,4,0,1,0,1,0,2,0,0,0,1,0,2,0,0,1,1,2,0,0,1,3,3,2,2,0,3,1,0,0,0,0,1,1,0,1,0,0,0,1,0,2,3,0,0,2,1,1,3,3,0,2,1,0,0,0,0,3,0,0,1,0,1,1
Gene176,3,0,0,2,0,1,2,1,0,1,1,3,2,1,2,1,2,0,2,0,0,0,0,1,2,0,2,2,0,0,0,1,1,4,2,2,1,0,0,0,0,2,0,0,1,3,2,0,1,1,2,1,2,0,1,1,1,4,2,0,2,1,1,3,0,0,3,0,0,0,3,1,2,1,0,0,0,1,0,0,1,2,1,0,3,0,1,2,0,1,1,1,2,0,2,1,1,2,1,0,1,0,1,1,1,2,0,0,0,1,0,2,2,1,0,2,1,0,3,2,1,4,4,2,1,1,1,1,0,1,0,2,1,0,0,0,0,1,2,1,0,0,2,0,1,1,1,1,0,0,1,1,1,0,0,2,0,2,1,0,0,4,1,0,1,1,1,2,1,0,0,1,4,0,1,0,2,2,1,1,0,0,0,0,0,1,0,0,4,2,2,1,1,2,2,0,0,0,0,2,0,0,1,3,1,1,4,0,2,1,2,0,1,1,0,1,0,0,0,1,0,2,2,0,1,0,1,1,0,0,1,0,0,2,1,0,2,0,0,1,1,2,1,1,0,2,0,0,0,0,0,1,0,0,2,0,0,2,0,1,0,3,2,0,0,2,1,0,0,0,1,4,3,2,2,0,1,2,2,0,0,0,1,0,1,1,0,0,1,0,1,2,1,0,2,2,3,0,2,0
Gene177,3,4,0,2,0,0,1,1,0,2,0,0,1,2,0,2,1,2,2,1,2,1,1,0,0,1,2,1,1,1,2,0,2,2,3,1,2,4,1,2,1,0,3,1,1,1,1,0,0,1,2,2,1,2,3,0,4,1,2,1,2,1,0,1,0,1,0,0,0,0,1,1,0,3,0,1,1,1,0,2,2,1,0,0,0,2,2,1,5,0,0,0,3,0,0,1,0,0,1,1,0,0,0,2,1,1,0,1,2,1,1,1,2,1,2,2,0,1,0,0,1,0,1,0,1,0,3,1,1,0,2,2,0,0,2,1,1,2,0,3,3,1,1,2,1,4,1,0,2,1,3,2,1,0,2,3,1,1,1,1,0,1,4,0,0,0,0,0,2,0,0,1,0,0,1,4,0,1,3,0,0,1,3,1,4,0,2,1,1,2,1,1,0,0,0,2,0,2,1,0,2,2,3,3,0,2,2,2,1,1,1,0,1,1,1,1,0,0,1,0,2,2,0,3,2,3,2,3,0,1,2,0,0,3,0,1,0,0,2,0,0,0,1,2,1,4,2,1,2,0,2,0,0,1,0,2,3,2,0,1,2,1,0,1,0,2,1,3,1,0,0,0,0,2,0,0,1,0,1,0,1,1,2,1,2,1,2,2,1,1,1,0,1,0,0,0,0,0,2,1
Gene178,1,0,1,1,1,1,0,1,0,1,3,2,0,0,1,1,1,0,0,1,3,2,1,0,1,2,2,4,2,0,1,0,0,2,0,3,1,1,0,3,2,4,1,3,1,1,1,1,1,3,1,1,1,2,1,1,1,1,0,0,0,2,0,1,1,0,2,0,2,0,1,1,1,0,2,1,0,0,1,0,2,1,0,1,2,2,0,1,1,0,1,2,1,2,0,0,1,2,0,3,2,0,0,1,3,0,1,0,0,1,1,1,0,2,1,4,0,4,1,0,0,0,0,1,1,0,0,1,1,1,0,1,1,1,1,0,0,0,0,0,1,0,1,2,1,3,1,0,1,1,1,0,0,0,2,1,3,0,1,0,1,1,2,1,1,0,2,0,1,1,0,1,0,3,1,2,0,1,0,0,2,2,0,1,1,0,2,1,3,1,1,0,0,0,0,1,0,0,2,1,1,1,1,2,0,2,4,0,0,1,2,0,0,0,0,1,1,0,1,2,0,2,0,1,3,1,1,0,0,1,2,1,1,0,1,1,1,0,3,2,1,2,0,2,1,1,2,2,2,3,0,0,1,2,1,1,3,3,1,0,4,0,0,2,0,0,0,1,2,0,2,0,1,0,2,1,0,2,0,0,0,1,0,1,0,1,0,0,1,1,1,0,1,3,0,1,2,1,1,2
Gene179,1,0,1,1,3,0,1,1,1,1,2,1,1,1,1,1,0,1,0,4,1,1,1,2,0,0,3,3,1,0,0,1,2,0,0,1,0,1,1,0,2,1,1,0,1,0,3,1,0,1,2,1,2,1,1,4,1,0,2,1,0,1,0,0,1,1,1,0,1,0,0,0,1,2,1,0,3,2,0,2,1,0,0,1,4,0,0,3,2,3,0,1,0,0,2,0,1,0,0,1,0,1,1,1,2,1,1,2,1,1,1,0,1,0,0,1,3,0,1,0,0,4,4,0,2,1,1,1,0,3,1,1,3,1,0,2,0,2,2,2,0,0,2,1,1,0,0,0,1,2,2,0,3,1,2,2,0,0,0,1,1,2,0,0,1,1,1,0,2,0,0,2,1,1,1,1,1,1,1,1,2,0,2,0,3,1,1,1,3,3,0,0,1,3,0,0,1,1,0,1,0,3,2,3,0,0,1,1,0,1,3,1,0,0,1,1,0,3,3,2,3,0,1,0,0,1,0,1,1,0,0,1,2,0,0,1,2,4,0,0,2,0,0,1,0,0,0,1,1,0,3,1,0,0,0,1,1,3,2,1,1,1,1,1,1,1,0,1,1,0,2,0,1,2,1,0,0,0,1,1,0,0,1,1,0,0,0,3,0,0,1,2,2,1,1,2,0,3,0,1
Gene180,3,0,0,0,1,1,1,0,0,2,0,2,0,0,1,2,2,1,1,0,2,1,1,2,0,3,0,0,2,2,1,0,4,1,1,0,1,3,1,3,1,1,1,0,1,1,1,2,3,2,3,1,4,0,2,1,1,1,0,1,0,3,1,1,2,2,3,1,1,2,1,1,0,2,0,2,1,4,0,2,0,0,0,1,0,0,0,2,2,0,0,1,5,2,1,1,1,3,2,0,1,0,1,0,1,1,1,0,1,0,1,0,1,1,2,0,1,0,1,0,3,0,1,1,0,0,3,1,0,1,2,1,0,1,0,0,1,0,0,3,2,0,0,0,1,2,0,2,2,2,0,0,0,0,1,0,0,1,4,0,0,0,2,2,3,2,3,1,1,1,2,4,3,2,0,1,1,1,0,2,1,2,2,2,1,1,2,2,1,0,0,1,1,0,1,1,0,1,0,1,2,3,1,3,0,1,0,2,0,0,1,0,0,0,2,0,0,0,2,0,1,1,1,3,4,0,2,0,2,0,1,1,0,0,2,0,1,0,1,1,1,0,2,1,0,1,4,1,2,1,1,0,1,0,0,2,0,1,0,0,1,0,2,1,3,0,1,0,1,0,1,2,1,0,4,1,2,2,1,2,1,0,0,1,1,2,1,0,1,0,0,2,1,1,1,0,2,1,0,0
Gene181,4,1,2,3,2,1,0,0,0,1,3,1,0,1,1,0,1,0,1,0,2,1,3,3,2,0,1,1,0,0,0,0,1,2,1,2,1,3,2,0,0,2,1,0,1,1,1,2,2,0,1,0,1,3,1,2,0,0,0,1,1,0,2,1,1,1,2,0,1,1,1,2,2,2,0,0,2,1,0,0,2,0,2,0,1,1,0,3,0,2,2,1,0,1,0,1,1,0,0,1,1,4,3,0,1,4,1,0,1,0,1,0,1,0,1,0,0,0,1,2,2,0,0,0,0,0,1,2,0,2,3,0,1,0,1,1,0,0,2,0,0,0,1,0,0,1,0,0,1,2,1,2,2,1,1,0,1,1,1,0,1,1,4,0,0,2,2,1,0,0,2,0,0,2,0,0,0,1,1,0,3,1,1,1,2,3,3,0,1,1,3,0,1,0,0,2,0,0,0,3,0,0,0,3,1,1,1,1,1,1,3,2,2,2,0,2,0,0,1,3,3,0,0,1,0,3,1,1,0,1,2,1,2,0,1,2,0,1,2,0,1,0,1,0,1,2,0,0,1,2,0,1,5,0,0,1,1,0,1,0,2,3,1,1,0,0,0,0,1,0,1,1,1,1,2,1,0,1,1,2,0,1,0,0,0,1,2,1,0,0,2,1,1,1,2,2,4,1,0,2
Gene182,1,1,2,0,1,1,0,0,1,0,1,2,1,1,0,3,3,2,2,1,3,0,1,0,1,0,1,0,0,1,0,2,1,0,1,0,0,1,0,0,0,2,2,1,1,2,3,0,3,1,2,0,2,1,0,0,0,1,0,1,3,2,0,2,1,1,0,0,0,0,1,2,2,1,4,4,2,1,3,0,1,1,3,1,1,3,0,2,2,2,1,1,0,1,0,3,1,2,1,0,0,2,0,1,0,0,1,1,0,1,2,0,0,0,2,2,1,1,1,1,2,0,1,1,1,3,0,3,1,1,0,2,0,0,1,1,1,2,2,1,1,3,1,1,1,1,2,1,1,3,1,0,0,0,0,1,2,0,2,1,1,1,2,2,1,0,2,1,1,2,2,0,0,1,1,1,3,0,3,1,0,0,2,1,0,0,5,0,0,1,0,1,0,1,2,0,0,1,0,2,0,1,1,0,1,2,1,3,1,2,0,1,3,2,1,0,2,0,0,1,0,2,0,0,0,1,1,1,1,0,0,0,1,1,0,2,0,0,1,0,0,0,2,0,1,0,1,3,1,3,1,2,1,2,1,2,0,0,0,1,2,3,4,2,0,3,0,1,2,0,1,1,2,1,1,0,2,2,0,1,1,3,1,2,0,0,1,1,1,1,1,1,0,1,0,0,0,2,1,2
Gene183,0,1,2,1,1,0,1,0,2,3,3,2,5,1,1,2,6,0,1,1,1,0,2,0,1,0,1,0,2,0,0,1,4,0,0,0,1,1,1,0,0,0,0,0,3,2,0,1,0,2,0,2,1,1,3,3,0,2,1,0,0,0,1,0,0,1,1,2,2,0,1,1,0,0,1,0,0,1,3,0,1,1,0,0,0,1,0,1,1,0,0,1,3,2,3,0,2,0,1,1,1,0,1,0,4,4,1,2,0,1,2,1,3,0,0,1,1,2,4,0,0,0,0,3,1,1,1,1,2,0,1,2,0,1,1,1,0,3,2,1,2,1,2,0,1,1,0,0,1,1,3,1,1,1,1,0,0,0,2,4,3,0,1,1,4,0,1,2,1,1,0,0,3,0,0,1,1,1,3,2,0,3,1,0,1,0,0,2,1,0,1,0,1,1,0,1,1,1,2,0,1,0,0,2,2,2,2,1,0,1,0,2,1,1,2,0,1,2,2,0,1,0,2,0,1,0,1,0,1,1,2,0,1,1,1,3,2,0,0,0,1,0,2,1,1,1,1,2,0,0,1,1,1,2,0,1,0,2,0,2,0,0,1,1,4,1,0,3,0,1,2,2,2,1,0,0,0,1,1,0,2,1,2,0,2,2,3,1,1,0,1,0,0,1,2,1,3,2,3,1
Gene184,1,2,0,1,0,3,2,0,1,2,1,0,0,2,2,3,1,1,2,1,4,1,1,1,0,1,1,0,1,1,0,1,0,3,0,1,2,0,1,1,2,1,0,0,1,1,0,0,0,2,0,3,1,1,1,1,0,2,1,1,3,1,0,0,0,0,3,0,0,2,1,1,0,2,1,1,0,1,1,1,2,0,0,0,0,1,1,1,2,0,1,0,0,4,1,0,1,1,4,2,0,0,0,0,1,3,4,1,3,0,3,2,1,4,0,3,3,1,1,2,1,1,1,0,1,0,0,2,2,1,2,0,0,0,1,1,1,1,0,0,1,1,1,1,0,0,1,2,1,1,2,2,0,1,1,1,1,2,1,2,1,2,1,3,0,0,1,2,2,1,0,2,1,1,1,0,0,1,2,2,0,0,2,0,1,0,1,1,0,1,0,1,2,1,3,1,1,1,0,3,1,0,0,3,2,1,1,1,1,2,0,0,3,0,0,0,0,0,1,2,1,0,1,2,1,0,1,2,3,0,2,2,1,0,0,1,0,1,1,0,0,1,1,1,2,1,2,1,0,3,0,1,2,1,0,0,1,1,3,0,1,2,2,2,2,0,1,0,0,1,2,0,0,0,0,0,2,4,0,3,1,2,2,0,2,1,1,0,0,1,2,1,2,1,0,1,0,1,1,0
Gene185,3,1,2,2,0,0,1,2,1,1,3,0,0,0,1,0,0,0,0,0,2,1,1,2,2,0,2,1,0,1,2,0,1,1,3,2,1,2,2,0,1,0,0,2,1,3,3,3,0,0,2,1,1,0,0,0,3,1,2,0,0,1,1,1,0,3,0,1,1,1,0,1,1,1,1,2,0,2,0,3,2,0,2,1,0,0,1,3,0,3,1,1,0,1,4,0,0,1,1,1,0,0,0,2,3,1,0,1,0,0,1,1,0,2,1,0,1,2,2,1,0,0,2,1,0,1,4,2,1,0,0,0,2,0,1,2,1,0,1,0,1,1,0,1,1,1,2,2,0,1,0,0,1,0,0,1,2,1,0,3,0,1,0,1,0,0,2,0,1,0,2,2,2,1,0,1,2,0,1,0,1,2,2,0,2,0,1,1,0,0,1,1,0,2,0,1,0,2,0,2,0,1,0,1,1,1,2,1,1,1,0,1,2,1,1,1,1,2,0,0,2,1,3,1,2,2,1,2,1,0,2,0,0,1,1,0,0,1,4,0,1,0,1,0,0,1,2,0,4,1,0,2,1,1,0,2,1,2,2,0,0,1,1,1,0,1,2,0,0,2,5,0,2,3,0,0,0,0,2,2,0,1,1,0,1,2,3,1,2,1,1,0,1,3,1,0,1,0,2,1
Gene186,1,1,1,0,1,1,3,4,1,1,0,2,1,0,4,2,0,3,2,1,0,2,1,0,1,0,2,0,1,1,0,1,1,2,2,0,1,1,2,0,2,0,0,2,0,1,4,3,3,1,1,2,0,0,1,1,0,0,1,0,1,0,2,0,2,0,2,1,4,1,1,1,1,2,0,0,2,2,3,0,4,0,0,2,0,0,2,0,1,0,1,1,0,0,3,1,0,1,0,1,1,2,0,0,0,1,0,1,0,1,0,1,1,2,1,1,2,2,1,2,0,2,0,1,1,0,1,0,3,3,0,1,0,1,3,1,1,1,3,1,2,2,0,0,1,2,1,1,1,0,1,2,0,0,1,1,2,3,1,1,1,0,1,1,0,1,3,1,0,1,0,3,2,0,0,0,3,1,2,0,1,1,2,2,2,2,1,1,0,0,0,1,0,1,3,1,0,1,0,0,1,0,0,0,1,2,1,0,1,0,0,1,1,0,3,0,1,0,0,2,0,1,1,0,0,2,0,0,2,0,2,2,1,1,1,0,0,0,2,2,1,0,1,3,1,1,1,2,1,0,1,2,0,0,2,2,2,2,0,2,0,1,1,1,1,0,3,2,1,1,2,1,1,0,0,0,2,1,1,0,0,0,0,1,0,0,0,0,2,3,2,3,2,1,0,2,0,1,2,1
Gene187,1,1,0,1,0,0,1,1,0,1,2,1,1,1,0,1,2,1,1,2,0,1,0,1,1,2,2,1,1,1,0,0,1,1,2,2,0,0,0,3,1,1,2,0,0,2,1,1,3,1,1,2,1,0,2,0,1,0,1,1,1,1,0,1,0,3,2,1,1,0,2,0,0,2,0,1,2,1,2,0,1,1,1,1,2,1,0,1,2,1,2,0,1,0,3,0,0,1,2,2,3,1,1,0,2,1,2,1,1,2,1,3,0,2,2,2,2,0,0,0,1,0,1,1,0,2,0,1,0,0,2,2,1,0,0,0,2,2,0,2,0,0,1,0,0,1,2,0,1,0,2,0,1,2,1,0,1,3,0,1,1,1,2,1,1,0,1,1,2,0,0,1,1,0,2,2,1,1,3,1,0,2,1,0,1,0,0,1,1,1,0,0,2,2,0,1,1,0,2,2,0,2,0,1,0,4,2,2,1,0,0,1,0,1,2,1,0,1,0,2,4,0,0,2,0,2,1,1,0,2,0,1,0,2,0,2,1,1,0,3,0,1,1,1,3,1,1,0,1,0,0,0,0,1,0,1,1,1,2,1,0,0,0,1,1,3,1,0,2,1,1,0,1,0,0,1,2,1,1,2,2,2,0,1,0,2,1,1,2,1,1,3,1,0,0,1,0,2,0,1
Gene188,1,1,1,0,2,1,0,2,0,3,1,1,1,2,2,0,2,1,0,0,1,2,1,1,2,0,0,1,1,4,1,1,1,0,0,2,1,1,1,2,0,3,1,1,2,0,0,1,1,2,0,2,0,2,1,1,1,0,1,0,3,3,0,0,3,1,2,0,1,0,1,4,0,1,0,2,0,0,0,2,1,1,1,0,2,1,1,2,0,1,0,2,2,1,0,1,1,1,1,0,2,1,3,1,3,1,0,2,1,1,0,0,0,1,1,1,1,1,0,1,1,0,3,2,1,1,0,1,1,3,0,1,0,1,1,0,1,2,0,1,1,0,1,0,2,0,0,0,2,2,1,0,0,1,0,1,0,2,1,0,1,0,3,0,0,1,0,1,3,0,0,1,0,1,0,1,1,0,2,2,1,2,0,3,0,1,3,1,1,0,1,0,1,1,4,5,2,2,0,2,2,2,0,0,1,0,4,0,1,0,1,1,2,0,3,4,1,1,2,1,0,2,2,0,3,0,3,0,1,0,0,1,2,0,1,1,1,4,0,1,3,2,0,0,1,0,1,0,1,0,0,2,0,0,1,0,1,1,0,1,2,3,4,0,0,1,2,1,3,2,1,1,0,1,3,0,1,1,1,1,0,0,0,2,1,1,0,2,0,0,0,2,0,2,2,1,0,1,1,0
Gene189,0,0,1,2,2,0,1,1,1,1,1,1,0,3,1,1,1,0,0,0,0,1,0,5,2,1,0,1,0,0,1,2,1,0,1,0,3,1,0,0,0,0,2,0,3,0,3,0,1,1,1,0,0,0,0,2,1,1,1,2,0,2,1,2,0,2,1,0,1,2,0,2,0,2,1,1,2,0,0,1,2,1,0,1,0,1,2,2,1,3,2,0,1,2,0,1,0,3,3,1,3,0,2,0,1,0,1,0,0,0,2,1,1,2,0,2,2,1,0,0,0,2,1,2,1,0,2,2,1,1,0,2,2,0,1,0,1,1,2,2,1,0,1,1,3,1,1,0,3,1,1,0,0,1,1,3,0,3,1,1,2,2,0,0,2,2,1,2,1,0,1,0,1,0,3,0,1,0,0,0,3,2,1,2,2,2,0,3,1,0,0,2,2,1,1,1,1,1,3,0,0,0,1,1,0,0,0,0,3,1,1,0,0,0,3,1,5,0,1,2,1,2,1,0,1,2,4,0,1,2,0,2,1,2,0,1,1,0,2,0,1,1,1,2,0,0,2,1,2,3,0,0,2,0,2,0,4,1,0,2,2,1,1,1,1,0,1,2,0,2,1,2,1,5,1,1,1,1,1,0,0,2,3,0,0,2,4,0,0,0,1,2,1,1,1,2,5,0,1,0
Gene190,1,2,1,3,2,4,0,1,3,1,2,0,3,2,2,0,3,1,0,0,1,1,2,0,1,2,1,1,1,2,0,1,2,2,1,0,0,1,0,1,3,1,0,1,2,2,0,0,1,2,2,1,0,1,0,0,1,1,0,0,0,1,2,1,0,0,0,0,0,0,5,0,0,2,1,2,0,0,2,0,2,1,0,1,2,1,1,1,1,0,0,1,1,0,2,0,1,1,0,0,0,1,3,1,1,0,0,0,0,0,1,1,2,1,2,1,1,4,1,0,1,1,0,1,0,1,1,0,2,2,0,0,4,0,1,0,1,0,1,0,2,1,3,1,2,1,1,0,1,1,0,0,1,1,0,1,1,0,0,1,0,1,1,0,1,0,1,0,0,1,2,2,2,0,0,3,1,1,1,3,3,0,0,1,0,0,0,0,1,0,0,3,1,3,0,4,0,1,0,0,2,1,1,2,1,0,0,1,0,0,4,2,2,1,1,2,1,2,0,1,2,0,2,1,1,1,0,1,0,3,1,2,0,2,3,1,1,0,0,0,0,4,2,0,2,2,1,2,1,2,1,1,1,0,0,2,0,1,1,3,1,0,1,3,0,1,0,1,3,3,1,0,1,1,0,2,0,0,1,3,0,2,2,3,1,1,2,1,0,0,1,0,0,0,0,1,0,2,1,1
Gene191,2,1,3,1,0,0,0,0,3,0,0,0,1,1,1,0,0,0,2,0,0,1,1,3,2,0,1,1,1,0,0,0,2,1,0,1,2,2,1,0,1,0,1,4,1,1,1,1,1,4,1,0,1,2,3,1,0,0,2,0,0,0,1,0,0,0,0,0,3,0,1,0,1,1,1,2,3,2,4,0,1,0,2,2,1,0,2,0,0,1,2,1,2,1,0,0,1,0,1,4,0,2,2,0,0,0,1,3,0,1,2,1,2,0,1,1,2,1,0,1,0,1,0,1,0,0,0,0,1,1,0,1,1,2,0,0,1,0,2,2,0,0,1,0,1,0,2,1,2,2,2,1,1,0,0,1,1,1,0,2,1,2,0,1,2,1,2,0,2,3,1,0,0,0,3,1,0,0,3,2,1,0,2,3,0,0,0,1,4,0,1,2,2,1,2,1,0,0,3,0,0,0,0,2,1,0,0,1,1,0,1,1,0,0,2,1,1,1,2,1,2,1,0,0,1,1,4,2,1,1,1,0,0,3,4,0,2,0,0,2,0,0,1,3,1,1,1,1,2,0,1,2,1,0,1,1,1,2,1,0,0,0,0,0,0,1,2,0,3,0,4,1,0,2,0,0,2,3,0,2,1,0,0,0,1,1,1,1,1,1,1,2,2,2,1,0,0,1,2,0
Gene192,2,1,1,1,0,0,3,1,2,2,0,0,2,0,0,1,1,1,0,3,2,1,0,2,2,0,1,4,1,0,3,1,0,1,2,3,3,4,0,0,0,1,1,1,2,1,0,0,3,2,0,0,4,0,3,0,1,0,3,0,1,3,2,0,0,1,3,2,3,0,0,1,1,0,0,2,0,3,0,1,1,2,2,0,0,3,5,0,0,1,1,0,1,2,1,1,2,1,0,1,0,0,0,0,1,2,1,2,1,1,3,0,1,1,0,1,3,1,2,1,0,3,2,0,2,2,2,1,1,0,1,0,0,1,2,1,2,1,1,0,0,0,1,1,0,0,0,1,0,2,0,3,1,2,2,1,0,1,2,0,1,1,3,1,2,1,0,0,1,0,2,1,2,1,0,1,0,0,2,2,0,0,0,0,2,2,1,4,1,1,2,1,3,0,5,0,0,0,6,0,0,0,2,1,1,2,2,2,1,0,0,1,2,0,0,2,1,1,0,0,0,1,4,0,1,0,0,2,0,1,0,2,2,0,1,3,0,2,0,0,3,2,0,0,3,1,1,1,0,2,1,1,0,2,2,0,0,0,4,3,1,0,0,2,1,0,1,1,1,1,2,0,1,2,0,0,3,1,3,0,1,2,2,1,0,0,1,3,1,1,4,2,1,1,0,0,0,1,0,1
Gene193,0,2,2,1,0,1,0,3,0,1,1,0,3,1,2,0,1,1,0,0,0,2,0,0,4,1,2,0,0,0,1,1,1,0,0,2,2,0,4,1,1,0,2,2,1,1,2,1,2,2,1,0,1,0,0,0,1,0,0,2,1,2,0,0,1,1,0,1,0,1,1,1,0,1,2,6,1,2,0,1,0,0,1,3,1,3,1,2,2,0,0,2,0,2,0,1,1,2,0,2,2,1,3,1,1,3,2,0,1,1,1,1,1,0,1,1,0,1,1,0,3,0,1,1,4,3,4,2,3,0,1,1,0,1,0,0,0,1,2,0,0,1,3,1,3,0,2,0,0,1,0,0,0,1,1,2,1,1,1,0,1,0,1,0,1,2,1,1,1,0,0,0,0,2,1,2,1,1,1,2,2,1,2,1,1,2,1,4,1,2,0,0,0,2,1,1,2,1,1,1,0,2,0,1,2,1,2,1,0,2,3,2,1,0,1,0,0,0,1,3,0,1,1,1,1,0,1,0,1,2,0,0,1,0,1,0,1,1,2,0,2,0,2,0,2,3,0,0,0,1,2,0,1,0,0,2,2,1,0,0,1,1,1,1,0,2,1,1,1,1,2,2,2,1,0,1,1,0,0,0,1,2,1,1,0,0,0,1,0,0,1,1,1,1,2,0,0,1,0,1
Gene194,1,0,2,2,1,0,0,3,0,0,0,0,2,3,0,2,1,1,3,0,1,1,0,1,2,1,2,0,0,3,0,2,1,1,3,0,1,2,1,0,1,0,0,1,0,0,0,0,1,2,1,0,0,1,1,2,3,2,3,1,0,2,1,1,1,1,1,1,1,1,3,2,2,0,1,0,0,1,0,2,1,1,2,0,1,1,3,0,0,1,1,1,1,0,1,1,3,0,2,3,0,0,0,1,2,1,2,3,1,0,1,0,2,2,0,0,1,0,2,0,0,0,2,1,2,0,0,0,3,0,1,0,3,3,0,1,1,3,1,2,1,1,0,1,1,1,1,4,1,2,1,2,0,1,0,0,0,0,1,3,0,3,0,1,2,0,2,0,1,0,1,0,0,1,2,1,0,1,0,2,0,1,0,0,1,3,0,0,0,0,0,1,1,1,1,2,1,1,0,1,0,2,0,0,4,3,0,0,1,3,1,0,1,3,1,3,1,1,1,1,1,0,0,0,2,2,0,0,2,2,4,1,0,1,1,1,1,1,1,1,3,1,4,0,0,0,1,1,3,1,1,1,2,2,1,2,1,1,1,2,0,1,1,1,1,0,3,1,1,0,1,0,3,2,1,0,0,2,1,2,0,0,2,2,1,2,2,0,1,1,0,0,1,1,1,0,0,0,0,0
Gene195,1,0,0,1,1,0,2,0,2,2,1,0,1,0,0,0,0,0,0,0,2,0,0,0,0,3,0,3,0,1,0,1,2,0,0,0,2,2,3,1,1,1,0,0,1,1,1,2,2,0,2,0,0,3,0,2,2,3,1,1,0,0,2,0,1,1,0,0,2,2,2,2,1,3,3,1,1,1,0,1,0,0,2,1,0,2,2,0,3,1,0,0,1,2,0,3,1,0,2,0,1,0,2,0,2,1,2,1,0,0,4,1,2,1,0,2,2,0,3,0,1,0,1,3,0,3,1,3,0,4,2,1,1,0,0,2,1,1,1,1,1,1,1,3,0,0,1,0,0,3,1,3,0,2,1,2,1,0,3,1,3,1,2,1,0,3,1,2,0,1,1,1,1,1,1,0,2,0,1,0,1,1,0,0,0,1,1,1,2,0,0,2,0,1,1,1,0,2,1,0,1,0,0,1,2,2,0,1,2,1,1,2,4,0,2,0,0,0,3,0,0,2,1,2,0,1,0,0,2,0,0,3,1,0,0,1,0,2,2,1,1,2,2,1,4,0,1,0,2,2,0,1,1,0,1,2,1,1,0,1,1,0,0,0,1,1,1,0,0,0,1,1,1,1,0,2,2,1,1,0,0,5,1,1,1,1,4,1,0,1,1,0,1,4,0,0,0,0,1,3
Gene196,0,0,3,0,1,1,0,2,1,0,0,2,1,0,0,2,3,0,0,4,0,1,2,1,1,2,2,1,0,1,1,1,1,0,1,0,0,1,1,1,1,2,1,0,0,1,1,0,1,2,2,1,2,1,0,2,1,0,0,0,0,2,1,0,3,0,2,2,0,1,2,0,1,1,1,0,0,0,1,1,0,1,1,0,1,1,1,1,1,0,0,0,3,0,0,1,0,0,1,1,1,0,0,0,4,0,0,0,0,1,0,0,5,1,1,0,0,2,0,2,2,0,0,0,1,1,0,0,1,1,1,2,1,1,1,2,2,2,1,1,0,0,0,0,0,1,0,1,3,0,0,1,0,1,1,0,0,1,1,1,2,1,2,1,0,0,1,0,1,0,1,1,1,3,1,0,1,2,1,4,3,0,0,1,0,0,2,1,2,0,1,0,3,3,3,0,2,3,0,1,3,2,2,2,1,2,0,1,1,1,2,2,1,2,1,2,3,1,0,0,1,0,0,3,2,1,0,1,3,0,3,0,1,2,1,1,0,1,0,1,3,0,2,1,0,1,2,0,1,2,1,3,0,2,1,1,1,2,1,0,0,0,2,2,1,0,0,2,0,0,2,2,1,1,2,0,0,0,1,0,1,2,2,1,1,0,2,1,1,1,0,1,2,0,3,3,1,1,0,0
Gene197,0,0,4,2,0,2,2,0,3,0,0,4,1,1,2,0,0,1,2,0,0,0,3,1,2,2,0,1,1,2,1,1,2,0,0,1,1,0,1,1,0,2,2,1,1,1,0,0,1,0,0,0,2,2,1,0,1,2,1,1,0,0,1,3,0,0,0,3,0,0,0,1,0,1,0,1,2,1,2,2,1,0,0,1,3,2,1,1,1,1,0,0,1,2,2,1,1,0,0,3,2,1,2,2,2,2,0,3,1,0,2,2,0,3,0,0,0,1,0,0,0,1,1,0,0,1,2,1,1,1,1,1,0,0,0,2,0,0,1,0,3,0,1,2,1,1,1,1,2,1,0,1,3,0,0,1,0,2,1,0,1,2,0,0,0,0,0,0,2,0,2,1,1,0,0,0,1,0,1,0,2,0,2,2,1,1,2,1,0,1,0,0,1,2,1,1,0,2,1,2,0,0,1,3,0,2,1,0,0,2,0,1,0,1,1,0,1,2,1,1,1,0,1,1,0,1,1,2,3,0,2,4,0,1,0,3,0,1,1,0,0,1,1,0,1,1,3,3,0,1,1,1,3,2,4,2,1,0,2,3,0,0,1,2,0,2,1,0,2,4,0,0,3,1,1,0,0,1,5,1,1,1,1,0,0,2,4,1,2,2,0,2,1,0,1,0,0,1,1,0
Gene198,0,0,1,1,4,1,0,2,0,1,2,0,0,0,2,1,0,1,2,1,1,2,3,1,1,1,2,0,0,1,0,0,0,2,1,0,1,1,0,1,0,0,1,1,2,1,0,0,2,1,1,1,0,1,1,3,2,0,0,1,0,0,0,0,1,0,2,1,1,0,0,3,1,0,0,1,4,0,0,0,0,0,0,1,1,1,1,3,1,1,1,2,0,1,0,1,0,1,2,1,1,2,0,2,1,1,1,2,0,0,0,0,2,2,1,0,1,3,1,0,0,3,0,2,1,2,0,2,1,0,2,1,2,0,1,1,1,0,1,2,0,0,1,1,1,3,0,1,1,0,2,2,2,0,3,1,1,0,1,1,1,0,0,0,2,0,3,0,1,0,2,0,1,0,1,2,1,0,2,0,1,0,2,2,1,2,0,2,0,2,0,2,0,0,2,1,0,1,1,0,2,1,0,1,0,1,1,2,3,1,0,0,0,1,1,1,3,3,0,1,2,1,1,0,0,0,1,1,3,2,2,1,0,0,0,0,1,0,2,1,1,0,0,1,0,2,1,0,3,1,1,4,0,0,2,3,0,2,0,0,0,0,1,0,0,2,0,0,1,1,1,1,0,0,0,1,0,0,0,1,1,2,1,1,1,0,1,1,0,1,2,3,0,1,0,1,1,1,0,1
Gene199,0,1,2,1,1,1,1,1,1,2,1,0,0,1,3,2,1,0,0,2,0,1,1,0,0,1,2,0,0,1,0,2,3,1,3,0,1,0,1,0,0,1,1,3,0,2,1,2,1,2,0,0,0,1,0,0,3,0,2,1,1,1,1,0,0,0,2,3,0,1,0,1,1,2,1,1,2,1,1,2,0,1,0,2,1,2,0,0,0,0,4,2,0,2,0,2,0,1,1,1,0,0,0,0,2,1,2,0,2,0,1,2,1,1,2,1,1,1,0,2,0,2,0,1,3,0,1,1,1,2,0,0,2,1,0,1,3,1,3,2,0,1,1,1,3,0,1,0,2,0,2,1,2,1,1,1,2,2,3,0,0,1,3,0,0,2,0,2,2,1,1,4,1,1,1,1,0,0,2,0,0,3,0,1,0,5,1,2,0,2,0,1,3,2,2,0,1,1,1,1,0,0,1,0,0,4,3,1,0,1,0,0,1,0,1,0,0,1,1,0,0,0,0,1,1,1,1,0,2,1,0,1,2,1,0,2,4,0,2,0,1,1,1,1,1,2,1,0,2,1,0,1,0,2,0,0,3,2,1,1,0,1,1,1,1,2,0,0,2,0,1,1,2,1,3,0,5,0,0,1,1,1,0,2,1,1,2,0,1,2,1,1,3,1,0,1,1,0,0,0
Gene200,2,1,0,2,1,1,0,1,2,1,0,4,2,2,1,1,1,3,0,2,3,1,1,1,2,1,2,1,4,1,1,1,2,4,0,0,4,2,0,1,0,1,2,0,0,1,1,1,1,3,0,2,1,1,0,1,0,0,0,1,1,3,1,2,0,2,1,2,0,0,0,1,1,1,2,1,0,1,0,1,0,1,0,2,0,0,2,0,1,1,1,3,1,0,2,1,2,1,0,0,1,4,0,0,0,1,0,0,1,0,2,1,1,1,2,0,0,0,2,1,1,1,2,2,1,0,0,3,0,1,2,0,0,0,0,1,0,1,0,0,2,1,0,0,1,0,2,0,0,0,0,1,1,1,0,3,1,0,2,1,1,3,2,0,1,0,0,1,0,3,0,0,0,3,1,2,2,1,2,1,2,4,1,5,1,1,0,3,2,1,0,3,0,1,1,1,1,4,3,0,0,2,2,0,0,0,0,1,1,0,0,0,1,2,0,2,0,1,2,0,2,2,0,0,1,0,2,3,1,1,1,0,0,1,0,0,0,2,1,1,0,0,2,1,1,1,1,1,1,0,2,2,0,0,2,1,1,1,2,0,0,0,2,1,2,1,4,1,2,2,2,1,2,2,2,1,0,1,3,1,1,0,2,0,3,1,2,0,2,1,1,1,1,3,1,2,0,1,1,3
Gene201,1,1,1,1,0,0,1,1,1,1,2,3,2,0,1,2,0,0,0,1,1,0,1,1,0,0,0,0,0,1,1,1,1,2,2,2,3,2,1,1,0,0,0,2,1,3,3,1,2,0,3,1,2,3,2,3,0,1,1,1,0,1,3,1,0,1,0,1,0,2,2,1,0,0,1,0,2,0,0,1,0,2,0,2,1,0,1,0,0,0,1,3,0,1,1,0,1,2,2,0,0,0,1,1,1,0,3,1,2,0,1,0,1,1,0,4,0,0,2,3,0,2,0,0,1,1,0,3,1,0,0,0,0,1,0,2,1,2,0,1,1,2,1,2,1,3,1,0,1,0,0,2,0,2,2,1,0,2,2,1,0,1,1,2,0,0,3,1,0,0,1,1,2,1,1,0,1,2,1,2,1,1,1,0,2,1,0,0,0,0,3,1,1,2,1,0,2,0,1,0,0,2,0,2,2,0,1,0,0,0,2,2,1,0,2,2,1,4,0,0,0,0,4,1,0,2,1,1,3,3,1,4,1,0,0,1,4,0,2,0,0,1,1,3,1,1,3,3,3,2,1,1,1,2,0,1,0,1,1,1,0,0,1,1,0,1,0,0,1,0,0,0,1,1,1,1,0,0,3,2,3,0,1,1,1,1,1,1,1,2,3,0,2,1,1,0,2,1,1,0
Gene202,0,0,3,1,0,2,3,2,2,1,2,1,1,2,1,0,1,0,1,1,2,2,3,1,1,3,1,1,0,0,0,0,1,0,0,2,2,0,1,0,2,0,0,1,4,2,0,1,1,0,0,1,2,1,2,0,2,0,1,2,1,1,1,2,0,0,0,1,0,1,2,0,1,1,2,2,1,1,1,0,2,1,1,2,2,0,1,2,3,0,0,1,1,0,0,2,0,1,1,0,0,1,5,1,0,1,1,1,2,0,1,0,0,0,3,0,0,0,3,1,3,0,1,0,2,1,0,1,2,2,1,0,0,2,0,1,3,0,2,0,0,1,0,0,3,1,3,0,0,1,0,0,0,0,1,0,1,0,1,1,0,0,1,1,0,1,0,0,4,2,0,0,2,2,2,1,1,1,2,2,0,0,1,1,0,2,1,3,2,1,5,3,1,0,0,1,0,1,0,0,0,1,1,1,0,2,0,1,1,2,1,2,2,0,0,0,0,1,0,1,0,2,2,1,2,0,1,0,0,2,1,1,0,2,2,4,1,1,1,0,1,2,0,1,2,1,2,1,1,1,2,0,2,1,0,0,2,2,0,3,2,0,0,0,1,1,0,0,0,2,0,1,1,0,0,1,0,1,0,1,4,1,0,1,0,2,1,3,0,0,0,2,2,0,1,2,2,0,0,1
Gene203,2,0,1,0,1,3,0,1,1,1,0,2,1,1,1,2,0,2,1,0,0,0,0,0,1,2,0,0,2,2,0,0,0,1,3,0,1,2,1,0,0,0,1,0,0,3,1,1,1,1,2,1,0,0,3,1,0,2,1,0,0,2,0,1,0,1,1,1,1,1,2,3,0,0,0,2,0,0,1,0,3,2,2,2,1,1,2,0,1,0,1,1,0,0,0,0,1,1,1,0,0,1,2,3,0,0,0,0,2,1,1,0,1,3,3,0,0,0,2,0,0,2,1,1,1,2,0,1,1,0,1,1,3,0,0,0,2,2,3,0,1,1,0,2,0,2,0,1,0,1,1,1,0,2,0,3,0,1,0,0,1,0,1,0,0,1,1,0,2,1,2,3,1,1,1,0,2,0,0,1,1,0,0,1,0,1,2,1,3,1,0,0,1,1,1,1,1,1,0,0,1,1,2,2,2,0,0,1,1,1,2,0,1,0,2,0,1,1,1,0,0,2,3,2,1,1,0,0,3,1,1,1,1,2,0,0,0,0,0,2,0,0,0,0,1,3,0,0,1,0,1,3,2,3,2,2,0,0,0,2,1,1,2,1,1,2,5,1,0,0,1,1,0,2,0,4,1,2,0,1,2,1,0,0,4,1,1,0,1,1,0,0,0,1,2,1,2,0,1,0
Gene204,0,1,2,4,1,0,0,0,0,0,2,2,3,1,0,1,0,1,2,0,0,1,1,0,2,1,0,0,1,1,1,0,1,1,4,1,2,2,0,1,1,2,0,0,0,1,0,2,3,0,2,0,1,0,1,4,2,0,0,2,2,1,1,1,2,0,1,0,1,0,2,4,1,1,1,1,0,0,1,2,0,0,1,2,0,2,1,3,0,1,0,1,1,1,1,2,1,2,0,0,0,1,1,1,1,1,2,0,0,2,3,1,3,1,1,2,1,1,1,3,0,1,0,2,0,2,0,1,0,1,4,0,2,2,0,2,1,0,1,1,1,0,1,1,2,1,0,1,0,0,1,0,2,0,2,1,2,3,0,3,0,3,1,1,2,1,1,1,4,0,2,3,4,2,3,0,2,1,1,0,3,1,0,1,2,0,0,1,1,2,3,1,0,0,1,1,2,1,1,4,1,1,1,0,2,1,1,1,1,0,0,0,1,0,2,1,0,2,1,2,0,1,0,0,2,1,3,1,1,0,0,1,2,1,2,2,2,1,1,2,0,1,0,1,0,1,0,0,0,1,0,2,0,0,1,2,2,3,3,3,1,2,1,1,1,2,0,1,0,2,0,0,3,0,2,4,1,2,2,1,1,1,0,1,2,1,2,0,2,0,0,0,2,1,2,0,1,1,0,0
Gene205,2,2,2,1,4,1,1,1,3,4,0,0,0,0,0,1,3,1,2,1,1,4,0,0,3,2,1,1,3,0,1,4,2,1,0,2,1,1,0,0,0,1,2,3,0,1,0,0,3,0,1,3,1,1,0,0,0,4,0,1,2,1,2,1,0,0,2,0,0,0,0,0,1,3,1,0,1,1,1,0,2,0,1,2,0,2,0,0,1,1,0,0,1,0,1,1,0,0,2,0,1,1,1,0,1,0,1,1,0,1,0,1,1,0,0,1,1,0,0,1,1,4,0,1,2,2,3,0,1,0,3,1,0,0,1,0,2,0,1,1,0,1,0,2,2,1,1,0,1,1,0,0,0,1,1,1,0,1,4,1,2,3,1,0,1,1,1,2,1,0,0,1,2,2,2,0,0,1,2,1,0,2,0,1,2,0,2,0,0,0,0,1,1,0,0,1,1,0,2,3,1,0,1,2,0,3,3,1,0,0,0,0,0,0,1,1,0,0,0,2,1,0,5,2,0,1,1,3,1,1,1,2,1,1,0,1,1,1,1,0,1,1,0,1,0,1,1,1,0,2,1,1,2,0,2,0,1,3,1,2,1,1,2,1,0,2,0,2,1,0,1,0,0,1,1,0,1,0,1,1,2,1,2,1,1,0,2,1,1,0,1,2,2,1,1,2,2,0,1,0
Gene206,4,1,1,1,1,2,1,2,0,0,2,0,0,1,1,1,2,2,0,0,1,1,2,1,3,0,1,1,0,1,3,2,0,2,0,3,2,2,2,0,0,1,1,0,1,1,4,0,0,2,0,0,1,0,0,1,3,0,0,0,0,0,3,1,0,2,2,1,0,2,0,1,3,0,0,1,1,0,2,0,1,0,0,1,0,0,2,1,2,0,1,1,1,0,2,1,0,0,0,0,1,1,2,2,1,1,0,1,1,0,0,0,0,1,1,0,1,2,1,1,1,2,0,2,0,0,2,2,0,2,0,1,1,1,2,0,2,0,1,0,0,1,3,2,0,2,0,1,0,2,3,1,2,1,0,1,1,0,1,0,0,1,0,0,1,1,1,1,3,1,0,0,1,3,2,1,1,1,1,0,0,0,0,1,1,2,0,1,1,1,2,1,1,0,0,0,0,1,1,2,0,2,2,0,1,1,2,1,1,0,1,1,0,1,1,1,1,2,1,0,3,0,2,1,2,1,0,1,1,2,1,2,0,1,1,1,1,1,0,0,0,1,3,0,2,3,0,2,3,3,0,0,0,0,5,0,2,0,2,2,0,0,0,0,1,3,0,2,3,0,0,1,3,4,1,1,1,1,3,1,0,0,1,1,2,4,1,0,1,2,0,1,2,0,2,2,0,2,1,1
Gene207,0,0,0,1,0,1,0,1,2,1,1,0,1,0,0,0,1,0,1,1,1,0,1,0,0,2,0,1,3,2,0,2,0,0,1,2,0,0,2,1,2,2,2,0,1,0,0,1,0,3,0,2,0,4,1,1,0,0,1,0,0,1,1,0,1,1,0,0,2,2,0,1,0,2,0,3,6,0,0,0,0,3,0,1,1,1,1,1,0,0,0,1,2,2,1,1,0,1,1,1,2,0,0,3,2,2,0,1,0,0,1,0,0,0,0,1,1,2,0,1,0,1,2,3,3,0,1,0,2,0,0,1,1,1,1,0,1,0,0,0,0,2,3,1,2,0,1,0,0,3,1,1,0,1,2,4,4,0,0,0,2,0,1,0,2,2,1,1,0,1,0,0,0,1,1,0,2,1,1,2,2,0,1,4,1,0,0,0,2,0,0,2,0,2,1,0,0,5,1,2,3,0,3,1,1,0,2,3,0,4,1,4,2,1,0,0,0,1,0,3,1,0,1,0,2,1,1,1,2,0,3,0,1,0,2,2,2,0,1,2,0,0,2,1,2,0,2,1,0,1,0,1,1,0,0,1,2,0,1,2,1,4,1,4,1,0,0,1,0,1,0,1,1,2,0,2,2,1,2,0,1,1,3,1,1,2,2,0,2,1,0,1,0,0,1,1,2,0,3,2
Gene208,0,0,3,0,0,0,0,1,2,1,1,1,1,0,0,3,0,1,1,1,2,0,0,3,1,1,0,2,0,0,3,2,0,0,1,0,2,2,4,1,1,2,2,2,2,0,0,1,0,0,3,1,0,1,1,1,3,2,0,2,1,0,1,2,1,0,0,1,1,1,1,2,1,0,0,1,1,4,0,2,0,1,3,1,1,0,2,2,1,0,0,2,0,0,3,0,0,1,2,1,1,4,0,1,0,0,0,1,2,1,0,0,1,0,0,1,1,0,0,1,0,1,1,0,1,2,0,0,1,1,1,1,2,0,1,0,0,1,1,0,0,2,0,0,0,0,2,1,1,1,1,0,2,1,1,1,4,2,1,1,1,1,0,0,0,1,0,0,1,1,0,1,1,5,0,1,0,2,0,3,1,1,0,0,1,0,3,1,1,3,1,0,0,1,1,1,0,1,0,1,0,0,0,0,0,1,2,0,1,1,0,2,1,0,0,1,5,0,2,0,0,0,1,0,2,1,1,2,1,0,1,0,3,1,1,2,0,3,0,1,3,1,0,0,0,1,0,1,1,0,1,1,1,0,1,0,0,0,1,0,1,1,1,1,3,0,1,1,1,1,2,1,3,0,0,2,0,1,0,0,0,2,2,2,2,0,0,0,1,1,0,0,0,2,3,0,0,1,1,2
Gene209,2,4,2,0,0,1,1,0,1,1,0,2,2,1,1,2,0,1,1,3,0,1,0,0,0,1,1,0,1,0,2,2,1,2,0,2,0,0,3,3,1,1,1,2,0,2,0,1,0,0,0,0,0,1,1,0,1,0,0,0,0,2,3,0,0,1,0,2,1,0,0,2,1,0,0,2,2,2,0,2,0,0,0,2,1,0,0,1,0,2,0,1,2,2,3,1,2,1,0,5,0,1,1,1,1,0,2,1,0,1,0,0,2,1,0,1,0,0,2,2,1,0,1,1,1,0,0,2,0,0,2,3,1,2,1,1,1,1,0,2,0,1,1,0,0,3,1,0,2,0,0,1,0,0,0,1,0,0,1,1,1,2,3,0,1,3,0,2,2,2,3,0,1,1,0,1,1,0,1,3,3,0,2,2,1,2,1,1,0,1,2,1,2,0,2,4,1,1,1,2,1,2,1,0,0,0,0,1,1,0,1,0,2,1,2,0,1,1,1,2,0,0,0,2,0,1,0,0,2,1,0,1,1,2,0,0,2,0,0,0,0,1,1,0,0,0,0,1,0,2,2,3,0,1,1,1,4,0,0,2,1,2,0,2,4,2,0,1,1,2,0,1,1,1,1,0,0,0,1,1,1,1,2,1,0,2,0,3,2,0,2,1,1,2,4,0,0,1,0,2
Gene210,0,0,1,2,1,3,0,2,4,0,1,0,1,0,3,0,0,0,1,1,0,0,0,1,1,1,1,1,1,0,1,1,1,0,2,0,3,0,0,2,1,1,0,3,1,0,0,2,0,1,0,0,1,0,0,2,0,2,1,1,2,1,1,0,0,0,0,0,0,1,1,1,0,1,0,0,1,0,0,4,0,1,2,0,0,0,0,1,2,0,1,0,1,2,2,3,3,0,0,1,0,1,0,1,0,1,0,0,0,1,0,1,1,0,2,1,1,1,0,1,1,2,0,0,2,1,3,2,2,2,0,2,0,2,1,5,1,1,1,0,0,1,0,0,0,1,0,0,1,2,0,2,0,1,4,1,0,1,1,0,1,1,0,2,0,3,0,2,0,2,0,1,0,1,3,0,0,1,2,0,1,1,1,0,5,0,0,0,1,1,0,4,0,1,2,1,3,0,0,2,1,2,2,2,4,0,3,0,1,1,0,2,0,2,2,1,0,1,0,0,1,1,0,0,0,1,2,1,0,2,0,2,1,0,2,0,0,0,1,0,1,0,1,1,4,0,0,1,0,3,0,0,2,1,1,0,1,0,1,1,2,1,1,0,2,2,2,0,0,5,2,3,1,0,3,2,1,1,0,1,2,1,0,1,2,0,1,0,1,2,1,1,0,0,1,0,1,0,2,0
Gene211,2,0,0,1,0,1,1,1,1,2,0,0,2,0,1,2,1,0,2,2,0,6,2,0,1,0,1,1,1,3,2,0,0,1,0,2,3,0,2,0,0,1,2,2,0,1,1,0,1,1,1,2,3,0,2,0,2,0,1,1,0,2,1,2,1,4,1,0,1,1,1,1,0,1,1,0,3,1,1,1,2,0,1,0,0,1,1,1,0,0,0,1,0,0,0,0,1,1,0,0,2,0,3,1,0,0,2,1,0,4,1,2,2,3,2,0,0,4,1,1,0,1,2,3,1,0,1,0,1,1,1,2,2,0,2,0,1,1,3,0,1,2,2,1,2,1,1,0,1,0,0,2,1,2,0,0,2,0,2,1,2,2,3,1,0,0,0,0,1,2,1,1,1,1,1,0,1,0,0,0,0,1,2,2,2,1,0,0,0,3,0,1,0,3,2,2,1,0,0,2,0,0,0,0,1,1,1,3,0,2,3,3,1,0,3,3,2,0,0,1,3,1,0,2,3,2,0,3,1,2,1,0,1,1,2,2,0,5,0,0,2,2,0,1,1,2,1,0,1,0,0,1,1,0,1,0,0,1,0,0,2,0,0,0,1,2,2,4,2,0,0,1,3,1,1,1,1,2,1,1,4,1,1,0,1,1,0,1,0,0,2,1,1,1,0,0,1,0,0,2
Gene212,3,1,1,1,2,3,0,2,1,1,0,2,1,2,0,2,0,2,1,0,1,3,0,1,1,1,0,3,0,0,0,1,2,1,1,1,1,2,1,2,1,0,1,1,1,3,1,0,1,3,0,2,0,1,2,1,0,0,1,1,0,2,0,1,0,0,1,0,0,0,2,0,1,2,1,0,1,1,0,0,1,0,1,0,0,1,1,6,0,0,1,1,1,2,1,2,0,0,0,1,2,1,3,2,1,1,2,0,0,0,2,1,1,1,0,2,0,0,2,1,0,0,0,5,2,1,3,0,0,1,0,3,1,1,1,1,1,0,2,2,0,2,0,2,0,3,0,0,0,1,1,1,1,1,0,1,1,0,4,0,2,1,2,2,3,1,2,1,0,4,1,1,2,0,0,1,2,1,1,0,2,2,0,1,5,3,1,0,0,1,1,1,0,0,1,3,1,3,0,1,1,1,0,1,0,2,1,0,1,2,1,2,1,0,2,0,0,1,0,1,0,1,1,0,1,2,1,1,3,0,1,0,0,3,1,1,0,1,1,0,1,0,0,1,1,1,2,0,1,0,0,1,1,0,1,3,2,1,1,1,0,0,0,1,0,0,2,0,0,2,0,2,1,1,2,1,3,0,1,0,2,0,0,0,1,0,0,0,0,1,0,2,1,2,2,2,2,0,3,0
Gene213,1,1,0,2,1,1,1,0,2,2,1,1,1,2,0,0,1,0,2,2,4,1,0,1,0,2,0,1,1,1,3,1,2,2,1,3,1,0,2,1,1,0,2,0,2,3,5,1,0,2,1,1,2,0,2,1,1,0,1,0,1,1,0,3,0,1,0,2,1,0,0,1,0,1,1,1,2,1,1,1,2,2,0,1,0,1,1,0,2,3,1,2,2,0,0,0,1,0,0,2,2,0,4,2,3,1,1,3,1,2,4,0,0,0,2,1,1,3,1,0,1,1,1,2,1,0,1,2,3,0,0,2,1,3,0,3,1,0,0,0,1,1,2,0,0,1,1,2,0,1,1,2,0,1,1,0,2,1,1,0,0,1,1,2,2,1,0,3,0,1,0,0,0,1,2,2,0,0,2,0,2,0,0,1,1,1,0,2,0,0,0,1,2,1,1,1,0,1,2,4,5,0,1,0,0,0,0,0,0,1,1,3,1,0,0,1,0,1,0,1,0,0,0,1,0,0,1,0,0,0,1,0,4,2,0,2,1,1,2,1,0,0,2,0,4,2,2,1,0,3,0,2,0,3,0,0,0,2,0,1,0,1,2,0,2,0,1,0,0,3,1,1,1,0,1,1,2,4,0,2,1,1,2,3,2,2,1,0,1,1,0,0,1,0,3,0,0,0,1,1
Gene214,1,0,0,2,0,1,2,0,3,0,3,1,2,0,0,2,0,2,0,1,1,0,1,0,2,2,1,2,1,2,0,1,1,2,1,3,1,0,3,2,0,1,0,0,1,3,0,0,1,1,1,2,0,0,1,0,2,0,0,1,0,3,0,0,0,0,0,2,1,1,1,2,0,0,1,1,0,0,1,0,1,1,0,0,0,0,3,0,0,1,0,1,0,2,0,1,1,2,0,4,1,1,0,2,0,1,0,1,1,2,3,1,2,0,1,1,1,0,0,0,1,0,1,1,0,1,1,3,2,0,2,0,1,2,0,2,2,0,1,2,2,1,2,2,1,0,2,2,1,0,0,2,1,2,1,2,1,0,0,0,1,1,2,1,2,2,7,1,4,0,1,4,1,1,0,0,4,2,1,0,1,0,0,4,1,1,2,1,0,0,2,2,1,1,0,2,1,1,0,2,1,1,1,1,2,0,1,1,1,1,1,0,1,1,3,1,3,2,1,1,1,1,0,1,1,1,1,0,1,0,0,1,2,1,1,2,0,1,1,1,0,0,2,1,2,0,1,1,0,1,2,1,3,0,1,1,1,3,0,1,0,0,0,1,0,1,0,1,0,1,1,1,1,1,2,1,2,1,1,0,1,0,3,1,2,1,2,1,0,1,0,1,2,1,1,1,1,0,1,0
Gene215,0,0,0,2,2,1,1,1,1,0,1,2,1,2,0,2,1,1,2,1,2,3,2,2,0,0,0,0,1,0,0,1,1,1,1,0,2,2,0,3,0,1,1,1,1,0,1,0,2,0,1,0,0,3,1,2,1,5,0,3,1,2,0,2,1,2,0,0,1,1,3,1,0,3,1,0,1,1,0,1,2,1,0,2,0,1,2,0,0,2,0,0,1,2,0,0,0,0,4,3,2,1,0,1,1,2,0,1,2,1,1,0,0,0,0,2,0,1,0,0,0,2,1,2,0,0,0,2,1,0,0,1,0,1,0,0,2,0,0,1,1,3,0,0,1,0,0,1,1,0,2,3,3,1,0,0,0,1,3,0,1,1,1,0,1,0,1,0,2,1,0,1,0,2,0,2,2,1,0,2,0,1,1,0,2,1,2,0,3,0,2,0,1,0,3,3,0,1,1,0,1,2,2,0,1,1,0,0,1,0,2,1,1,0,0,0,3,0,0,3,1,1,0,2,0,1,1,2,1,2,0,1,1,0,0,0,1,1,0,1,2,1,0,0,1,1,0,1,1,2,0,1,0,1,0,1,1,0,0,4,1,1,0,3,3,1,0,3,0,1,0,0,0,0,1,0,1,0,1,2,1,0,1,0,0,0,0,1,1,1,0,1,1,0,2,0,0,0,0,0
Gene216,2,0,1,0,1,2,1,1,0,1,1,1,0,0,2,0,1,1,1,1,1,1,1,3,1,0,0,0,4,1,2,3,2,0,1,0,0,1,0,0,0,1,0,2,0,2,2,1,0,3,4,2,0,1,3,1,0,0,2,2,0,2,1,2,1,2,2,0,1,0,0,1,1,0,1,0,1,1,0,1,0,0,0,2,2,0,1,1,0,0,0,0,0,0,0,2,1,3,0,1,2,1,0,0,0,0,1,2,1,1,2,1,0,2,2,1,1,1,1,0,0,1,0,2,3,1,2,0,0,1,1,0,0,1,3,1,0,1,1,3,0,0,2,3,2,1,1,1,0,1,2,1,2,3,1,1,0,2,2,0,2,0,1,0,2,1,3,0,1,1,3,2,1,3,2,3,3,1,1,2,1,1,2,2,0,0,2,0,3,2,0,2,1,1,1,0,0,2,6,1,0,3,1,0,1,1,0,1,0,1,2,0,3,4,0,0,2,1,1,0,0,1,0,0,2,1,0,1,5,0,0,0,2,0,1,2,0,1,2,1,2,3,1,1,2,1,0,1,0,0,2,3,2,0,1,1,1,1,1,0,0,1,0,0,0,0,2,0,2,1,0,0,1,1,0,2,1,2,0,1,2,0,2,0,0,1,1,1,0,1,0,0,1,3,1,0,0,2,2,2
Gene217,1,1,1,0,0,0,0,2,1,0,2,0,0,1,1,1,1,0,1,0,1,1,2,0,1,1,0,1,1,0,1,4,0,1,0,2,0,2,2,0,2,0,1,0,2,0,0,3,2,1,1,1,0,1,2,1,0,1,1,1,2,1,2,1,0,1,2,0,0,0,0,0,3,0,0,3,1,0,2,0,2,2,0,2,0,0,1,0,2,0,0,0,0,0,1,0,2,1,0,2,0,0,1,1,2,1,1,1,1,1,1,3,2,1,1,1,1,0,0,1,1,3,2,0,2,0,1,1,1,1,1,1,0,2,0,0,0,3,1,2,1,3,1,0,0,0,0,1,1,3,0,0,0,0,1,1,1,1,1,1,1,1,2,2,0,2,0,0,2,1,1,3,1,2,0,0,1,1,0,1,3,0,0,0,1,1,0,1,1,0,2,1,1,0,2,0,1,1,0,2,0,3,0,0,1,1,2,1,0,0,2,1,0,2,2,0,1,0,0,0,0,1,1,0,1,0,0,1,0,1,1,1,1,0,3,2,2,0,0,2,4,0,2,0,1,0,0,1,0,0,2,1,2,0,0,0,3,1,2,0,1,0,3,0,0,1,1,3,0,0,1,0,1,3,1,0,0,0,0,0,1,2,0,0,1,0,1,2,0,0,2,0,2,2,1,1,2,1,1,1
Gene218,3,2,2,1,0,0,1,1,2,0,0,1,1,3,1,2,2,0,1,1,0,1,2,0,1,1,3,0,2,3,0,3,1,0,1,0,0,2,0,1,1,0,0,1,2,2,0,2,1,0,2,2,1,2,0,2,0,3,1,0,1,1,3,1,0,2,1,0,0,1,1,3,0,0,0,1,1,3,0,2,2,1,0,0,0,0,0,1,0,1,1,0,2,1,0,0,0,2,2,1,0,2,0,1,0,1,0,0,1,0,1,0,2,0,3,0,0,3,0,0,3,1,1,0,1,1,2,1,1,1,0,0,2,2,0,2,1,2,5,1,1,3,3,2,1,1,1,1,1,4,1,2,1,1,2,0,2,1,2,1,3,0,1,3,2,1,3,1,2,0,1,1,2,1,0,2,1,1,0,1,0,2,0,1,1,0,0,0,0,1,2,0,0,1,2,1,0,0,0,1,1,2,3,1,1,1,0,1,2,3,0,0,0,0,0,0,0,2,0,1,4,1,1,1,3,0,1,5,1,0,0,1,1,1,1,2,0,0,0,2,0,1,0,2,1,0,0,1,1,0,1,2,0,1,1,1,0,0,2,1,2,0,1,1,1,1,0,1,1,0,1,1,0,2,1,2,0,0,3,1,1,2,2,1,2,1,1,2,0,1,1,1,1,0,0,2,1,0,1,1
Gene219,1,0,1,1,1,0,1,0,3,2,0,0,0,0,0,1,1,2,3,3,2,0,0,0,2,2,0,1,3,0,2,1,3,0,3,3,0,0,1,1,1,1,3,0,2,1,1,1,2,0,2,0,0,1,1,1,0,2,1,1,4,0,3,0,1,5,0,2,0,1,3,0,0,0,1,1,2,2,2,1,1,0,1,2,1,0,1,1,1,4,3,0,2,2,3,0,0,0,1,0,1,1,0,0,2,0,1,2,0,0,1,1,1,2,0,1,1,1,0,1,2,3,2,0,0,0,0,1,2,0,0,0,1,1,1,0,1,0,0,0,0,0,2,6,2,0,3,1,1,0,1,2,0,3,1,0,2,2,2,2,2,1,3,0,0,1,2,2,0,0,0,1,1,0,0,1,0,0,2,0,2,1,2,2,1,6,2,0,0,2,5,0,0,0,0,0,1,3,0,1,1,1,1,2,1,2,1,2,0,2,0,0,0,0,0,1,2,3,0,2,2,0,1,2,1,0,2,0,2,1,0,2,3,1,1,1,0,1,4,3,1,0,2,1,2,1,1,0,0,2,1,0,1,0,0,0,0,4,0,0,3,1,4,0,0,0,1,0,1,0,0,0,1,0,0,1,1,1,1,1,0,0,0,0,3,0,0,0,4,0,0,0,0,0,1,1,0,1,0,0
Gene220,1,0,0,0,1,0,1,2,3,2,2,4,0,0,0,1,4,1,1,1,0,1,2,0,3,0,2,1,1,0,0,1,1,1,2,1,0,1,1,2,0,0,4,1,0,3,4,0,1,1,2,1,0,1,0,1,0,1,0,0,0,1,0,2,2,1,0,2,1,1,3,1,0,2,4,1,2,2,0,2,1,0,1,4,2,1,1,2,0,1,1,2,1,1,1,1,2,3,1,0,0,0,0,1,1,0,2,0,0,0,2,0,0,1,0,1,3,0,1,2,0,1,0,1,2,2,0,1,3,0,0,1,3,0,0,1,2,0,2,1,1,0,0,1,0,2,1,2,1,2,1,1,1,2,3,0,0,2,2,3,1,2,0,1,2,1,0,3,0,0,2,0,1,1,1,0,0,1,1,2,0,0,0,0,2,2,1,0,1,0,1,1,0,0,0,1,1,1,1,0,2,2,2,1,3,0,0,1,0,0,0,3,1,3,2,1,2,0,2,1,1,1,0,0,0,1,2,1,3,1,1,0,1,2,0,1,0,1,1,1,1,0,1,1,1,3,2,3,0,2,0,0,2,2,0,0,0,1,0,1,1,1,1,0,2,1,0,0,1,1,3,1,0,1,1,2,3,0,0,1,1,3,1,2,1,1,1,0,1,1,3,0,2,1,1,0,2,1,2,1
Gene221,0,0,0,1,1,4,0,3,2,1,1,2,0,1,1,0,0,1,2,2,5,1,0,0,0,0,1,0,2,3,1,0,0,1,1,1,2,0,1,0,0,4,2,0,1,2,0,3,1,1,0,0,1,0,2,2,1,1,1,0,0,0,0,0,2,0,3,0,1,1,1,1,1,2,0,2,0,1,0,1,3,2,2,1,4,1,1,3,0,0,0,2,1,0,2,0,1,1,0,0,0,2,1,1,0,2,3,1,0,0,2,1,0,0,2,1,1,1,1,1,0,2,1,0,1,2,2,0,3,1,1,0,2,1,2,1,1,2,0,0,0,1,0,1,0,1,0,0,0,2,0,2,2,1,0,0,1,1,1,1,0,2,0,3,0,0,1,1,0,2,1,3,1,2,0,1,0,1,1,1,0,2,0,0,2,2,3,3,2,3,1,1,0,1,1,0,0,1,1,0,2,1,0,0,0,0,1,0,1,0,0,3,3,0,1,1,1,1,1,1,0,3,3,1,1,0,1,1,0,1,2,1,0,2,1,0,0,3,2,0,0,1,0,2,1,2,2,1,2,0,1,3,0,1,1,2,1,0,0,0,0,2,2,5,1,2,1,0,0,1,0,0,3,2,1,1,1,0,0,0,1,0,0,0,0,0,4,0,0,0,2,0,1,0,0,1,0,1,1,2
Gene222,0,2,0,0,0,1,1,0,3,3,0,0,3,1,1,0,1,0,1,3,1,0,0,1,0,2,0,1,0,3,0,1,1,0,1,3,2,0,0,1,1,3,0,1,0,0,0,1,0,2,2,0,1,2,1,1,0,0,0,2,0,2,0,0,3,2,0,1,2,2,0,1,0,1,0,1,1,1,0,3,1,1,0,1,0,0,2,1,1,1,3,0,2,1,0,1,0,0,0,1,3,2,2,1,0,1,2,0,2,0,1,0,2,0,1,0,2,3,0,0,0,1,2,2,2,0,2,3,1,0,0,0,0,1,0,1,1,3,2,0,0,1,0,1,1,1,1,2,0,0,0,0,1,1,1,0,3,2,2,0,1,5,0,1,1,2,1,3,0,3,0,0,1,1,3,2,1,1,2,1,1,1,1,2,2,1,0,2,0,2,2,3,1,0,0,0,1,0,0,1,3,2,3,2,2,0,0,0,2,2,0,0,3,0,2,2,0,0,0,2,0,0,0,1,1,2,1,2,2,1,1,1,1,3,0,2,2,2,2,1,3,1,1,1,3,0,1,4,0,0,2,2,0,0,1,1,0,1,0,3,1,1,0,2,0,2,2,0,1,0,2,0,0,1,1,1,2,1,2,1,1,1,1,2,0,0,1,0,4,2,2,0,1,1,2,0,1,1,0,1
Gene223,3,3,0,3,4,0,1,0,1,0,3,1,0,1,0,1,1,0,1,2,2,1,1,1,0,0,1,0,1,1,2,3,1,0,2,1,1,0,1,3,1,1,2,1,0,2,1,1,0,0,1,1,1,2,0,1,1,1,0,1,2,2,1,1,1,1,3,0,0,0,2,2,0,1,0,0,0,2,0,1,1,0,3,0,2,1,3,1,1,1,1,1,2,2,0,2,1,0,0,2,0,0,2,0,2,0,2,0,0,0,0,0,0,1,1,1,1,1,2,1,1,1,0,1,0,1,1,3,1,1,3,1,2,1,1,1,1,1,0,1,1,1,2,0,1,1,1,1,0,0,0,1,1,3,2,2,1,2,1,0,1,0,0,0,1,0,1,0,1,1,1,1,3,0,0,1,0,1,0,0,3,0,0,2,1,1,2,5,1,0,0,0,0,2,2,1,3,0,0,0,0,0,1,0,2,1,1,1,1,1,1,0,0,1,1,2,0,1,1,0,4,2,2,2,0,2,2,0,1,1,1,1,4,1,0,2,1,0,1,3,1,1,0,1,3,0,1,2,1,0,1,2,0,0,0,0,1,0,2,0,0,2,2,2,2,1,2,0,0,5,1,0,1,1,2,3,1,0,2,0,2,1,3,2,1,1,0,0,0,0,1,2,2,1,3,0,1,1,3,1
Gene224,0,0,0,1,2,1,2,3,0,0,0,2,3,3,1,3,2,1,1,0,1,0,3,0,2,1,0,1,0,0,1,1,2,2,2,2,0,1,0,1,0,1,0,1,0,1,0,0,0,1,2,0,3,0,1,0,0,1,1,0,1,1,0,0,1,1,1,1,0,1,1,1,0,0,4,1,2,1,1,0,1,0,1,1,1,0,1,0,2,0,0,0,2,1,1,3,2,2,0,0,0,1,0,2,1,2,2,2,0,2,1,0,0,1,3,0,0,2,1,2,1,0,3,1,0,0,0,0,1,2,1,2,0,1,1,2,2,1,1,0,4,3,1,1,1,0,1,1,0,1,1,1,0,2,2,1,3,1,0,1,1,0,1,1,1,1,2,0,0,2,0,6,1,0,0,0,1,0,2,2,0,0,1,0,0,0,2,3,2,2,0,3,0,1,1,0,2,4,1,1,2,0,1,1,1,2,1,0,0,1,1,1,2,1,1,2,0,2,0,0,0,0,0,0,0,3,0,3,0,1,0,1,1,1,1,0,1,2,0,2,2,2,0,1,1,0,3,2,0,4,1,1,2,0,0,0,0,7,0,0,1,1,3,0,3,1,2,0,0,1,1,1,0,1,2,0,1,1,1,0,0,0,0,0,0,2,2,0,1,2,1,1,0,0,1,0,2,1,1,0
Gene225,2,1,0,0,0,2,0,2,1,0,1,0,2,2,5,1,1,1,1,1,0,2,1,3,1,0,1,2,1,2,1,1,1,0,3,1,2,0,3,4,1,0,0,2,0,1,0,2,0,0,3,0,1,3,0,2,0,1,1,0,2,3,0,0,1,0,1,1,0,0,2,2,4,2,0,0,3,0,1,2,0,0,3,1,0,0,1,0,2,1,0,1,0,1,0,0,2,2,0,2,0,0,1,0,1,1,1,1,1,3,4,1,1,1,0,1,2,2,1,0,0,0,2,1,4,2,0,0,1,1,3,1,1,0,0,1,2,0,0,1,2,0,2,2,0,1,2,1,1,0,1,1,0,0,1,2,0,1,1,2,1,0,2,1,2,1,0,1,0,2,0,0,1,0,1,0,1,0,1,0,3,0,2,2,2,2,2,0,0,0,0,0,0,2,1,1,3,2,0,1,0,1,0,0,2,3,0,1,0,0,1,0,1,1,1,1,3,0,0,0,3,0,1,1,0,2,0,0,1,1,1,2,0,1,1,2,0,4,0,4,0,0,1,6,0,1,1,1,2,0,1,1,1,1,0,2,1,0,3,3,2,3,1,1,0,0,1,2,0,1,4,0,1,3,1,2,0,0,2,0,0,0,1,1,0,2,1,1,2,1,0,1,1,2,1,1,1,0,1,0
Gene226,0,0,2,0,1,0,2,0,0,1,1,2,2,3,0,2,0,1,1,0,0,0,0,2,0,2,2,1,1,0,0,1,0,1,2,0,1,0,2,0,1,0,1,2,0,2,0,1,0,0,2,0,0,0,1,1,1,0,1,2,1,2,0,0,0,0,2,0,0,1,2,1,1,1,0,1,0,0,0,4,1,2,0,0,1,1,2,0,1,1,0,1,1,1,0,1,0,2,1,2,1,0,2,0,1,0,1,1,0,0,3,4,0,1,1,1,0,1,2,2,1,0,0,1,1,0,1,2,0,1,1,1,1,2,2,1,1,0,3,0,2,1,0,1,0,2,0,0,2,1,0,0,0,3,1,2,0,2,1,0,1,0,3,0,0,1,0,2,0,1,0,1,0,1,0,0,3,0,0,1,0,3,1,1,1,1,0,1,3,0,1,3,1,1,1,1,0,1,2,2,0,1,1,0,0,0,1,0,1,0,1,1,1,1,0,4,0,1,1,1,1,1,0,0,2,2,2,2,0,1,1,4,0,0,1,0,0,0,1,1,2,1,2,1,1,0,0,0,1,1,1,2,1,2,0,0,0,1,1,0,0,0,0,2,1,2,3,3,3,0,1,0,1,0,0,2,1,0,2,4,0,0,1,1,0,0,2,3,3,0,2,1,0,0,1,2,1,1,1,0
Gene227,1,0,2,1,0,0,2,1,0,0,1,1,2,0,1,0,1,0,3,0,1,2,0,1,1,0,2,2,3,3,2,3,1,1,1,2,1,0,2,0,1,2,0,0,2,1,1,3,1,0,1,0,0,1,1,0,0,0,0,1,1,1,1,2,3,0,2,2,2,1,0,2,1,1,3,2,0,2,0,0,3,1,0,1,1,2,0,1,1,1,0,2,1,0,0,1,1,1,1,0,1,1,0,0,1,1,0,0,2,0,2,1,1,1,0,1,3,1,1,4,0,2,0,2,0,2,0,0,3,2,0,1,0,1,2,2,1,1,0,0,1,1,1,0,0,0,1,2,2,2,0,1,1,0,1,2,0,4,2,2,0,1,1,1,0,2,0,1,0,0,1,2,0,1,1,0,2,1,1,0,3,4,0,0,0,1,0,2,0,1,0,1,0,0,2,1,0,4,1,3,4,1,0,1,0,0,2,1,3,0,0,1,1,1,3,0,2,1,1,1,3,0,2,1,1,1,1,2,1,1,1,0,3,1,1,0,0,0,3,3,1,2,2,1,0,0,2,1,1,0,1,0,0,0,0,0,1,2,0,2,0,4,1,0,0,0,1,2,2,1,0,3,2,1,0,2,0,1,1,0,0,1,2,1,1,1,0,3,1,0,1,0,1,1,0,0,1,1,1,0
Gene228,0,0,0,0,2,1,0,0,1,0,1,0,0,0,0,2,2,1,1,0,1,3,3,0,0,1,0,2,2,0,2,1,1,0,1,2,0,2,2,0,2,0,1,3,0,1,2,1,1,1,2,1,2,0,1,3,1,0,2,2,3,2,3,0,0,0,0,2,0,1,0,0,3,0,0,1,0,1,1,0,3,2,0,0,0,0,1,1,2,0,0,2,2,1,1,0,1,1,2,0,1,2,1,0,1,3,0,2,0,0,1,1,0,0,0,1,0,3,2,0,2,1,2,1,0,0,1,0,2,0,3,3,0,1,1,0,1,1,2,1,1,1,0,2,0,0,2,0,0,1,2,0,0,1,1,0,1,1,2,2,2,0,1,2,3,0,0,1,2,0,3,1,3,3,1,0,0,1,0,1,1,0,0,0,3,1,1,2,0,1,0,1,2,1,1,0,1,0,0,1,1,1,0,1,0,1,1,2,2,0,1,0,1,1,2,2,0,0,1,2,0,1,3,1,1,3,1,2,2,0,0,0,0,1,2,1,3,1,1,0,1,0,1,1,3,1,0,0,0,4,2,0,1,0,1,2,0,0,2,3,0,2,0,0,0,1,1,1,1,0,0,1,0,0,1,1,0,0,2,0,1,2,2,2,0,0,2,2,2,1,2,3,0,2,0,0,0,2,3,0
Gene229,0,0,1,2,1,1,0,0,0,2,0,0,2,0,3,1,2,1,1,2,0,2,1,2,1,0,1,1,0,1,1,0,3,1,1,1,2,1,2,1,0,1,2,0,2,2,1,2,1,0,1,1,2,1,1,1,1,2,0,1,1,0,1,2,1,2,1,2,0,2,1,2,0,4,0,0,1,2,1,1,0,1,0,0,0,1,1,0,0,1,1,1,0,1,2,1,1,0,2,1,0,2,1,1,1,0,1,2,1,0,1,1,0,0,0,0,1,3,1,1,1,1,1,1,1,0,0,3,1,4,0,2,1,2,0,0,0,2,2,2,3,1,0,0,4,3,1,0,0,0,0,1,1,3,0,2,0,0,1,0,0,1,1,1,3,1,1,2,2,1,0,0,1,2,1,0,2,1,1,0,2,1,1,3,1,3,3,1,3,4,1,0,1,0,0,1,1,0,1,2,0,1,0,0,2,0,1,1,0,1,0,0,0,0,1,1,1,0,1,1,1,0,0,0,0,2,3,1,0,3,0,1,0,0,0,1,1,4,0,0,1,1,1,1,0,1,2,0,0,1,2,0,0,4,0,1,0,0,0,0,1,0,2,1,1,1,4,2,2,0,1,0,1,2,2,0,1,2,2,0,0,1,1,1,0,0,0,1,0,2,0,1,1,2,0,0,2,0,1,1
Gene230,0,1,1,0,0,1,1,1,0,0,1,3,3,0,0,0,1,1,0,4,0,1,1,1,0,2,0,1,2,0,1,1,1,0,0,1,3,0,0,2,2,0,1,1,2,1,1,1,1,2,2,2,1,1,0,1,1,1,1,2,1,2,0,0,1,1,1,1,0,1,0,0,0,2,0,2,0,2,0,2,1,1,1,3,1,3,0,0,0,2,2,1,2,3,1,0,2,0,0,0,1,1,1,2,3,1,1,3,0,2,0,1,1,0,2,1,0,2,0,1,1,1,0,1,1,2,1,2,0,1,2,0,2,0,1,0,0,3,2,2,0,1,3,2,1,1,1,3,0,0,1,2,0,1,0,2,1,1,1,1,2,2,2,5,3,2,0,4,1,2,2,0,0,1,1,3,1,0,1,1,0,0,1,1,0,1,0,2,2,1,2,0,2,0,1,0,2,0,1,1,0,1,1,2,1,0,1,1,0,2,0,0,1,1,1,0,4,3,1,1,0,2,1,1,2,3,0,0,1,1,0,0,1,1,0,0,3,0,0,0,1,1,2,1,3,1,1,2,2,0,2,1,0,0,1,1,0,1,1,3,2,1,1,0,0,2,1,1,3,2,3,0,2,1,0,2,1,1,0,0,2,0,0,1,0,1,3,1,0,3,0,0,1,1,0,1,2,2,1,0
Gene231,1,1,2,0,0,2,0,2,0,1,0,0,1,0,0,2,1,2,1,1,2,1,3,0,3,0,0,1,2,0,0,0,1,1,1,0,2,0,0,1,1,1,1,1,1,0,1,1,1,2,1,0,1,1,3,0,1,1,0,0,1,1,0,0,0,0,3,0,0,0,0,2,0,2,1,1,0,1,0,0,0,2,1,2,1,1,1,0,3,0,0,1,1,1,2,5,1,2,0,0,1,1,2,0,1,2,1,1,1,0,1,1,0,1,1,1,0,2,0,2,1,2,2,0,1,1,0,2,0,2,0,1,1,1,0,0,1,0,2,2,1,1,1,1,2,1,2,0,0,2,0,2,0,3,0,0,1,1,0,3,0,2,0,3,0,3,1,2,2,1,0,0,1,2,0,1,2,2,0,0,0,0,1,0,0,0,1,1,0,0,2,0,0,0,1,1,1,1,1,1,1,0,1,0,0,1,1,1,0,1,0,2,0,2,0,1,1,1,0,1,0,1,0,2,1,1,0,0,0,2,0,0,1,0,2,2,1,3,2,1,1,1,1,0,1,0,2,2,0,0,2,1,3,2,0,0,0,2,3,0,0,2,1,2,1,1,2,0,0,2,1,0,1,1,1,1,2,2,4,1,2,2,1,1,2,0,0,0,1,2,1,0,2,0,0,1,1,1,0,0
Gene232,2,1,3,0,2,2,2,0,2,1,1,0,2,1,2,2,3,2,1,1,1,0,1,1,2,1,0,0,2,0,1,1,1,0,0,2,1,2,1,1,2,0,1,1,1,3,1,1,1,0,0,1,2,2,1,4,0,1,1,1,2,0,0,3,2,2,2,2,4,1,3,4,0,1,2,5,0,0,0,0,1,1,0,0,0,0,1,0,2,0,2,0,0,0,0,2,0,2,1,3,1,0,0,2,1,2,1,0,0,0,1,0,1,1,1,1,0,1,0,0,3,1,2,1,0,0,1,0,0,1,2,2,1,0,0,4,0,1,2,1,0,1,0,0,0,0,1,0,1,0,1,1,1,0,0,2,1,1,3,2,0,1,1,1,0,1,0,2,1,1,2,1,0,1,1,2,1,1,2,5,0,2,1,2,0,2,0,1,0,1,2,0,2,1,0,2,0,2,1,2,1,0,1,0,2,2,0,0,1,0,2,2,0,0,1,0,3,0,0,1,0,0,2,0,1,1,3,1,2,0,1,0,0,0,0,1,3,0,1,2,0,0,2,1,1,1,1,0,0,2,1,0,1,0,0,1,1,0,3,1,1,0,0,1,0,0,1,0,2,0,0,2,0,1,2,2,0,3,2,1,1,0,2,0,0,1,0,1,1,1,2,2,2,0,0,2,0,1,2,1
Gene233,0,1,2,2,0,1,0,1,2,2,0,0,1,0,2,1,2,1,0,1,1,0,2,0,0,1,0,2,0,0,1,3,0,1,0,2,1,0,2,0,0,1,1,0,1,2,1,2,0,1,0,2,1,0,1,2,0,1,1,1,1,2,2,0,0,0,2,0,1,0,4,2,2,4,0,2,0,2,0,1,0,0,1,1,0,3,0,2,1,1,1,1,1,1,0,2,1,2,1,1,1,1,1,1,2,2,1,0,1,3,0,2,0,0,1,0,1,0,0,0,0,0,1,1,3,2,2,1,1,2,0,1,1,0,0,2,0,2,1,2,3,1,2,0,0,1,0,1,0,0,0,2,1,0,0,0,0,0,0,1,1,3,1,0,2,1,3,0,0,2,0,0,4,3,0,4,1,1,0,1,2,1,2,1,0,1,2,0,1,1,0,2,1,0,1,1,4,2,0,2,1,3,1,0,1,0,2,1,2,1,0,2,2,1,1,1,1,0,0,0,0,0,2,1,0,1,3,2,0,1,1,2,0,2,0,2,1,0,2,1,3,1,0,2,1,1,0,0,3,0,0,1,2,1,2,1,0,1,0,0,1,2,2,1,1,0,2,0,1,1,0,0,2,1,2,1,0,0,0,1,0,1,0,1,1,1,0,2,1,1,0,0,1,0,0,2,1,1,0,2
Gene234,0,2,3,1,2,3,0,0,2,2,2,1,1,0,1,0,1,2,0,1,2,2,2,3,1,1,0,0,2,0,0,1,2,0,1,2,2,0,1,1,1,0,0,0,0,0,0,0,1,0,1,1,1,0,2,1,2,3,1,1,0,0,1,2,5,0,2,0,4,0,0,1,1,1,0,2,1,0,2,0,2,1,1,1,1,1,2,1,0,1,1,1,1,3,0,1,0,2,2,2,1,1,2,3,0,0,0,3,0,0,0,0,0,0,0,3,1,1,1,0,0,2,0,1,0,2,1,0,0,1,1,2,4,0,0,1,0,2,1,0,1,2,2,0,2,2,1,0,0,0,0,2,0,1,0,0,2,0,0,0,0,1,1,0,1,1,0,0,1,1,1,0,0,1,1,1,1,1,1,2,1,0,0,2,0,1,0,1,0,2,0,1,1,0,0,4,0,0,0,1,2,0,1,0,1,2,0,0,0,0,2,1,1,2,1,0,1,2,2,2,2,2,1,0,0,0,1,0,0,0,1,0,0,0,1,0,0,0,2,1,0,1,2,2,2,1,1,3,1,0,2,0,0,1,1,1,3,4,3,1,0,3,0,1,1,0,1,3,2,0,0,3,1,2,2,0,0,0,1,3,1,0,1,1,1,0,1,1,2,2,3,0,0,1,1,0,0,1,2,0
Gene235,2,0,1,1,1,1,0,1,0,2,1,3,3,0,1,1,0,1,2,2,1,0,0,0,0,1,1,2,1,2,2,0,0,2,0,0,1,3,2,1,3,0,1,1,0,1,2,0,0,1,1,1,1,0,1,1,0,0,2,0,1,1,1,0,0,1,2,0,2,2,0,0,0,1,2,1,0,2,0,1,1,1,3,4,1,0,1,3,0,0,1,1,1,2,1,0,1,1,0,1,1,1,1,1,0,0,2,2,1,0,1,0,0,0,1,0,2,2,1,3,1,1,2,1,1,1,2,2,0,1,1,1,0,0,2,2,2,1,2,2,2,1,1,0,2,2,1,1,1,2,0,0,1,0,0,0,2,1,3,2,1,0,0,0,2,1,2,2,1,1,0,1,1,0,1,0,1,0,1,2,1,0,1,0,0,2,1,1,2,1,1,0,2,1,4,1,0,2,2,1,0,3,1,0,0,0,1,0,0,1,1,0,0,0,4,1,2,1,3,2,2,0,0,1,0,1,4,1,3,0,0,5,2,2,1,1,2,0,1,2,0,0,1,1,2,1,0,1,2,1,0,1,0,3,0,1,0,1,2,1,2,0,1,1,0,2,0,1,0,0,0,0,0,0,3,1,0,0,0,1,1,1,1,1,0,0,4,3,0,0,1,1,0,3,1,1,0,0,3,0
Gene236,0,0,0,0,1,1,1,1,1,2,1,3,0,1,1,1,0,1,0,1,0,1,0,0,0,2,0,0,1,0,1,0,0,0,0,0,2,3,1,1,3,1,1,2,0,2,1,3,1,2,1,1,2,2,1,1,2,0,4,0,2,2,1,1,0,0,1,2,0,2,2,2,0,1,0,1,1,0,0,0,1,2,1,0,0,1,1,0,3,0,1,0,0,1,1,2,2,1,2,2,2,1,0,0,1,0,2,1,0,3,1,1,0,2,2,1,0,0,3,3,1,2,3,0,0,0,1,0,0,0,0,2,2,0,1,0,1,1,2,1,2,1,0,2,0,3,1,3,1,0,4,0,2,3,3,1,1,0,1,0,1,2,0,2,1,1,2,0,1,0,1,1,2,1,0,1,1,1,2,1,0,1,0,3,0,0,0,1,1,0,1,0,0,1,0,0,1,2,0,2,1,1,2,1,0,0,1,0,2,0,1,1,1,2,0,1,1,1,0,1,0,2,0,0,1,0,0,3,2,2,1,2,1,0,2,1,0,0,1,2,1,1,2,0,1,3,0,2,1,1,0,0,1,1,1,1,0,2,1,2,3,0,0,0,0,2,2,1,2,0,0,0,0,1,0,1,0,1,2,0,2,1,1,3,2,1,0,1,0,2,0,2,2,0,1,2,3,0,1,1
Gene237,1,1,0,0,0,0,0,0,0,0,1,2,1,1,1,0,1,3,2,1,2,1,1,3,1,1,1,0,3,1,1,0,1,1,0,1,3,2,1,0,4,1,3,1,2,0,4,1,4,0,1,1,1,3,1,0,0,1,1,1,3,4,4,1,0,1,0,2,0,1,1,1,1,0,1,3,2,0,0,1,0,1,2,0,2,0,2,3,0,2,1,0,1,2,1,2,2,1,1,3,0,3,3,1,0,1,1,0,0,1,1,2,1,0,1,1,0,2,0,0,1,0,0,1,1,0,0,3,1,1,0,0,0,3,1,2,0,0,0,1,0,0,1,2,2,3,0,1,2,1,2,0,2,0,1,1,1,2,1,2,0,1,0,1,0,4,1,0,1,3,0,2,1,1,1,1,1,1,0,0,0,0,0,0,1,1,0,0,1,4,1,0,1,0,1,2,1,1,0,1,2,1,4,2,0,0,1,0,2,1,1,1,1,1,1,0,2,0,0,0,0,2,2,0,1,1,2,0,0,0,2,2,1,1,1,0,2,0,2,0,3,0,2,0,1,1,2,1,0,1,0,1,1,0,0,1,4,0,0,2,0,1,1,1,2,0,0,1,0,3,1,1,0,0,2,2,3,1,2,2,1,2,2,3,2,1,3,1,0,1,0,3,1,0,0,4,0,1,2,2
Gene238,0,1,0,0,1,3,3,0,0,0,2,1,2,2,1,1,1,2,0,0,1,2,0,1,0,3,2,0,2,0,2,0,0,0,1,4,0,3,0,1,0,1,0,1,1,0,2,2,1,0,0,2,0,1,1,2,0,0,1,1,2,1,1,0,2,2,1,1,3,2,1,0,3,0,0,1,0,1,1,0,1,0,1,1,1,0,1,1,1,2,0,1,0,0,0,1,0,1,1,1,0,3,0,1,4,2,1,1,0,1,2,2,0,1,3,2,0,2,2,2,1,3,2,1,1,1,0,0,1,0,2,2,2,0,0,1,0,2,1,1,1,3,1,0,0,0,2,0,0,1,1,0,3,1,1,0,1,1,1,1,0,0,0,2,2,3,3,0,3,3,1,1,3,1,2,2,1,0,1,1,0,1,0,1,3,1,2,0,0,2,2,0,1,1,2,0,0,1,3,1,0,0,3,1,1,0,0,2,0,1,0,2,2,1,0,2,2,0,1,0,0,0,2,2,1,3,0,1,3,0,4,0,0,0,0,2,5,0,1,0,2,0,2,0,3,1,0,2,0,1,1,2,4,4,0,0,1,2,1,0,1,1,1,1,0,0,0,2,2,1,2,3,3,0,1,2,0,4,1,3,1,0,3,1,3,0,0,1,2,2,2,1,1,1,1,2,1,1,1,1
Gene239,1,1,2,1,0,1,0,0,1,0,1,2,1,1,3,4,1,0,1,1,0,2,1,1,1,0,1,1,1,3,2,0,0,0,1,3,1,0,1,1,1,0,1,0,0,1,0,1,1,1,0,0,0,2,4,0,0,0,1,2,0,2,1,0,3,1,0,0,2,1,0,2,0,1,0,0,1,1,3,0,1,0,3,3,1,2,2,1,1,1,1,1,2,0,1,1,0,1,1,2,2,1,1,0,0,1,0,0,2,0,1,0,0,0,2,1,2,2,0,1,2,0,0,2,2,1,1,1,1,2,2,0,0,0,2,2,1,2,2,1,0,3,3,2,0,3,1,0,1,0,1,2,0,1,4,0,2,1,2,1,1,2,1,1,3,0,1,0,0,4,2,2,3,0,1,1,2,1,2,0,0,0,1,0,3,2,0,1,2,0,2,0,0,3,1,2,1,1,1,1,0,0,2,0,1,2,0,1,1,1,1,2,1,0,1,1,2,3,5,3,1,0,1,0,0,1,3,2,1,1,0,1,1,1,0,1,0,3,1,0,1,4,0,1,1,2,3,1,0,1,1,1,3,1,2,1,0,0,1,2,1,0,0,2,2,3,0,0,0,0,0,2,3,0,0,1,1,0,2,0,3,1,2,0,2,0,1,0,1,2,3,1,1,1,0,0,2,1,1,1
Gene240,1,1,1,2,1,0,2,0,0,0,3,1,1,3,5,1,3,1,1,2,0,3,1,1,1,0,1,2,1,1,1,1,0,1,0,0,1,1,0,0,1,0,1,1,3,2,1,2,1,0,2,3,2,1,1,1,2,1,1,3,2,2,1,3,2,0,4,0,0,3,1,1,2,0,1,0,0,1,1,2,3,1,1,1,0,2,0,1,1,1,1,0,1,1,0,0,0,2,3,2,2,0,6,1,1,1,2,0,0,0,0,0,0,0,0,1,2,1,0,0,2,1,1,2,0,2,2,1,2,1,0,0,0,1,2,2,1,1,1,4,1,1,2,0,1,3,0,1,2,2,0,0,0,0,0,1,1,1,1,0,1,0,3,1,3,1,1,1,0,0,1,2,2,1,0,0,0,0,3,2,0,2,0,2,1,1,0,3,0,0,2,2,2,3,0,0,1,0,0,1,1,0,2,2,1,0,0,0,0,2,0,0,2,0,1,0,1,1,0,0,2,1,2,2,0,1,1,0,0,0,0,1,0,1,0,1,3,2,2,1,1,0,1,0,3,0,0,1,2,1,1,1,1,2,3,1,0,1,1,2,2,1,1,1,0,2,2,1,2,0,0,1,1,1,3,0,1,1,2,2,2,0,0,2,0,1,1,1,0,1,0,1,0,1,0,0,2,2,2,2
Gene241,3,1,1,1,1,0,0,0,0,2,3,2,3,1,0,0,0,1,0,3,0,2,1,5,0,0,3,2,2,0,1,0,0,2,1,0,0,0,0,0,1,1,4,1,0,0,1,1,1,1,1,2,0,1,1,2,0,1,1,2,1,1,1,0,1,1,1,2,0,2,1,0,1,1,1,1,0,0,0,2,0,0,4,2,2,0,0,1,2,0,1,0,1,2,1,1,2,0,1,0,3,0,0,0,0,0,3,0,0,3,0,0,1,1,1,3,3,1,1,1,0,2,0,2,0,3,2,1,0,0,0,1,3,1,1,1,1,2,0,0,1,2,0,0,0,1,0,0,1,1,0,3,0,0,1,1,2,2,1,1,1,0,1,2,3,2,0,1,2,1,1,0,0,1,0,1,1,0,0,1,0,2,0,0,1,0,1,0,1,0,2,1,0,1,0,1,1,2,2,2,1,1,0,1,0,0,1,1,1,1,0,1,3,0,1,1,2,2,1,0,0,1,0,2,1,0,2,1,1,1,1,2,0,0,1,0,0,2,0,2,2,2,1,2,1,1,2,1,2,0,0,2,0,2,1,2,1,1,1,0,0,4,2,2,0,2,2,2,0,2,0,0,4,0,1,1,0,3,2,1,4,0,1,1,3,1,0,0,0,1,0,1,0,0,0,0,1,2,1,2
Gene242,3,1,3,2,3,0,1,0,1,0,3,0,2,3,1,2,0,1,2,1,0,0,1,4,1,0,1,0,2,1,0,1,1,1,1,0,0,1,3,1,2,1,0,2,1,1,0,1,1,0,1,1,0,2,0,0,0,1,0,0,0,0,2,0,2,0,0,1,1,0,1,3,2,2,1,1,2,1,0,0,1,2,2,0,0,1,1,0,0,0,0,1,1,1,2,1,0,1,0,1,3,0,1,2,1,1,1,1,1,0,1,3,1,1,2,2,0,0,0,3,2,1,0,0,3,0,4,0,2,1,0,1,2,1,1,0,0,2,1,1,0,0,1,3,0,0,0,1,2,1,1,1,0,1,2,0,1,0,0,0,0,2,0,1,2,1,0,0,0,0,1,1,0,0,2,0,1,2,0,0,2,0,1,0,0,3,1,0,1,0,2,1,3,1,0,0,0,1,1,1,3,0,2,0,0,1,2,0,1,1,0,2,2,1,0,1,0,0,1,2,3,1,1,0,1,2,1,1,0,0,1,0,0,0,3,0,1,0,0,5,2,1,4,2,3,0,1,0,4,0,1,1,1,2,0,1,0,1,2,3,3,0,2,0,2,2,0,0,1,0,0,1,0,1,1,1,1,2,2,1,2,1,2,0,1,0,0,1,1,0,3,0,1,0,2,0,2,1,0,1
Gene243,1,1,2,1,1,1,0,2,0,0,1,1,0,1,1,1,2,0,0,1,1,0,2,0,2,1,1,0,1,0,1,0,2,1,2,1,1,0,0,0,2,2,1,1,1,1,1,0,1,0,0,0,2,1,1,0,2,1,5,0,0,0,1,1,0,2,3,3,0,3,1,1,1,1,1,0,0,0,2,2,1,2,0,2,0,0,2,1,1,2,2,1,0,0,4,1,2,5,1,0,1,3,1,2,2,1,1,2,1,0,1,2,1,1,0,3,1,1,0,1,1,2,0,0,2,1,1,1,2,0,0,0,3,1,1,1,1,1,0,1,2,0,1,1,1,2,2,0,0,0,1,1,1,1,0,2,1,1,1,0,1,1,0,0,1,1,3,2,3,1,0,1,1,0,0,1,1,0,2,1,1,2,0,1,1,2,2,0,1,4,1,2,1,0,0,0,3,1,2,2,2,0,0,0,3,0,2,3,0,3,1,2,1,5,0,1,1,1,1,2,3,0,1,0,1,2,1,1,1,0,0,1,0,1,0,0,1,0,3,0,1,2,1,1,1,0,2,1,4,2,0,0,2,2,0,1,2,1,3,0,2,3,0,2,1,1,1,2,1,2,0,3,1,1,1,3,1,0,3,1,1,1,0,2,1,0,0,1,1,2,1,2,0,3,0,1,2,0,1,1
Gene244,0,1,0,2,0,1,1,1,0,0,0,0,2,3,0,1,1,1,1,3,1,0,4,3,0,0,0,0,3,1,0,1,3,1,3,3,4,1,4,1,2,3,0,1,2,1,1,1,1,2,0,4,4,0,1,2,1,1,3,2,2,1,3,0,0,0,1,1,3,0,0,0,1,1,0,0,1,0,1,0,3,0,3,4,0,0,1,1,2,1,2,0,1,1,2,2,2,0,1,1,3,3,0,1,1,3,1,1,1,0,0,0,0,1,0,1,1,1,0,0,1,1,0,1,1,0,3,1,0,0,0,0,0,0,0,2,0,0,1,3,0,1,1,3,2,1,2,1,0,0,2,2,2,1,1,0,0,1,1,0,1,1,1,0,0,2,0,1,1,0,0,1,2,1,1,0,1,0,0,1,1,0,3,2,1,2,0,2,0,0,1,1,0,0,2,1,0,0,0,2,0,0,1,1,1,2,0,0,0,1,2,1,0,1,3,1,2,2,0,0,1,3,1,2,1,3,0,2,3,0,0,1,0,0,2,2,1,3,1,1,2,1,0,2,0,1,1,0,0,1,0,4,1,1,0,2,1,2,0,1,0,0,0,3,2,3,0,0,0,1,0,3,1,0,0,4,0,2,2,1,1,1,3,1,1,0,0,0,1,0,0,0,2,2,2,0,0,1,0,1
Gene245,3,0,1,0,1,1,0,5,2,2,2,1,1,2,1,2,1,1,1,1,1,1,0,1,1,0,4,0,2,0,1,1,1,1,0,3,0,0,3,0,1,1,2,0,1,2,0,0,1,2,0,0,0,1,1,1,1,2,2,0,1,0,3,1,0,0,0,1,0,1,0,1,0,1,0,0,0,3,1,2,0,1,1,1,2,0,1,1,0,1,0,2,3,1,2,1,4,0,1,5,1,3,2,1,0,1,0,1,2,0,2,3,1,3,1,1,4,1,2,2,0,0,1,0,0,0,0,0,1,0,1,2,1,0,0,0,1,1,2,2,2,2,2,0,1,1,1,1,0,2,1,0,2,3,1,0,0,1,2,2,1,0,3,0,0,1,0,1,2,2,0,0,0,1,0,1,2,0,0,4,1,0,1,1,1,2,3,2,0,1,1,3,0,1,1,1,0,0,1,0,3,0,2,0,0,2,0,0,0,0,0,0,1,1,0,1,0,0,2,1,2,3,1,1,0,2,3,0,0,0,0,1,2,2,3,0,1,0,0,1,1,1,2,4,1,1,1,2,2,1,0,0,1,1,0,1,1,1,1,2,0,4,1,2,1,0,0,0,0,2,1,0,0,0,0,0,0,2,1,1,2,0,0,1,1,0,0,0,0,3,0,0,4,2,2,1,0,1,1,3
Gene246,3,0,1,0,0,2,0,1,3,0,1,1,0,1,1,2,0,2,1,1,1,2,2,1,2,2,3,0,3,2,0,0,2,0,1,0,0,1,1,1,1,0,1,1,2,1,2,1,0,1,1,1,0,1,2,0,1,0,0,0,1,0,0,3,2,2,0,0,1,4,1,3,2,2,1,1,1,1,0,0,1,1,0,2,1,1,0,1,1,0,2,1,2,0,2,1,1,0,4,2,2,0,2,1,0,1,3,0,0,2,3,2,0,0,1,0,1,2,2,0,0,0,1,1,2,0,0,2,1,0,4,2,0,1,3,2,0,1,0,1,1,2,1,0,1,1,2,2,3,0,2,0,3,2,1,3,3,0,1,0,1,1,1,2,0,3,2,2,1,1,1,3,0,0,1,0,0,0,0,2,2,5,0,1,1,1,2,2,2,1,3,0,0,2,3,2,0,2,2,0,1,2,2,2,0,0,0,0,1,0,0,1,0,2,2,1,0,0,0,1,0,2,0,1,2,0,2,0,1,1,2,2,0,0,3,0,3,1,0,1,2,0,1,1,0,1,1,0,0,0,0,2,1,1,1,0,0,1,1,0,1,1,1,3,0,2,1,1,0,0,0,0,0,2,0,0,2,1,2,0,2,1,1,1,1,2,1,1,1,2,1,2,2,1,2,2,1,1,2,0
Gene247,2,0,2,0,0,1,1,2,1,0,1,2,0,0,0,1,1,2,4,1,0,2,1,1,2,1,2,0,0,1,0,2,0,1,0,1,0,0,1,0,1,0,1,0,1,0,3,0,1,1,1,2,2,0,2,3,3,0,0,2,0,0,1,0,2,0,1,0,1,2,1,2,1,2,1,0,0,1,2,1,5,1,1,2,2,0,1,0,1,0,2,1,0,0,0,1,1,0,1,0,1,1,3,0,1,1,0,3,2,3,1,2,0,2,0,1,0,1,1,0,2,2,1,0,3,2,0,0,2,0,2,2,0,0,0,0,0,1,2,0,0,1,2,2,1,0,3,1,0,3,2,0,1,0,2,2,2,1,1,1,1,3,1,0,1,0,2,1,2,0,1,0,2,2,1,0,2,3,1,0,3,1,2,3,0,0,0,2,1,1,1,1,2,0,1,0,1,0,0,1,0,0,1,1,1,1,0,2,1,1,3,1,2,2,1,1,3,0,1,4,2,1,2,0,1,0,1,1,0,1,1,0,0,1,3,1,1,0,1,2,2,1,0,1,1,0,1,0,0,4,1,2,5,0,1,1,3,0,0,1,1,0,0,2,2,1,1,2,0,1,0,2,2,0,1,2,0,1,2,1,1,1,1,0,0,2,0,1,2,1,0,0,2,2,1,1,3,0,1,1
Gene248,0,0,2,0,1,0,0,3,0,3,2,5,1,2,2,1,1,1,0,3,0,1,2,1,0,0,0,3,1,2,1,0,0,1,1,0,1,0,1,0,1,0,0,1,0,2,3,0,2,4,2,1,0,0,1,2,0,0,0,0,1,1,1,0,1,1,0,0,1,1,1,0,1,0,0,1,2,1,1,2,3,0,1,1,2,1,0,1,1,1,0,0,3,1,2,1,0,0,1,0,0,2,2,0,3,0,1,2,2,0,0,0,0,0,1,2,1,1,0,2,0,1,1,3,0,0,3,1,1,2,2,1,0,1,1,2,0,0,0,0,0,3,1,1,0,0,1,4,2,1,0,1,1,5,2,1,0,3,1,1,1,0,1,1,0,0,0,1,0,0,1,0,2,1,3,2,3,1,0,0,0,0,4,2,0,2,1,0,1,1,1,0,5,2,1,1,2,0,1,2,0,2,3,0,1,1,1,0,0,1,0,0,0,0,0,2,1,0,1,1,5,1,0,1,0,1,0,0,2,1,0,2,1,1,3,2,1,0,0,0,1,0,0,2,0,1,2,1,0,1,3,0,0,2,1,1,2,0,2,0,2,0,1,1,1,1,0,0,1,1,2,2,1,2,2,2,0,2,0,2,0,0,0,0,1,0,1,2,1,1,0,0,1,1,1,1,3,1,3,0
Gene249,1,1,1,1,4,0,0,0,0,1,1,0,2,1,0,3,0,1,0,1,0,0,0,2,1,3,2,1,0,1,0,0,1,1,3,0,3,0,2,1,0,1,1,0,1,1,0,3,2,0,1,0,1,0,3,0,0,1,2,1,0,0,0,2,2,0,1,0,2,1,1,1,3,0,1,0,1,2,2,2,0,1,1,0,0,0,0,0,1,0,1,2,0,1,0,3,2,0,0,0,0,0,0,1,0,0,2,1,1,5,3,0,2,0,3,2,2,0,1,1,1,1,2,0,2,2,0,0,0,3,0,1,0,0,0,1,0,1,0,1,2,4,0,0,0,1,1,1,1,3,3,2,2,0,2,1,2,3,2,0,1,3,0,0,2,0,1,3,2,0,1,1,1,1,2,0,2,3,0,0,0,0,2,1,0,0,2,0,1,0,0,2,3,3,2,1,2,2,0,3,0,0,2,0,1,1,0,1,0,0,0,1,0,0,1,2,2,0,2,1,1,0,2,2,1,1,4,0,1,0,0,1,0,0,1,2,1,2,0,0,0,2,1,1,0,0,0,0,1,1,1,1,1,1,3,1,1,1,1,1,1,2,1,1,1,1,2,0,2,2,0,1,3,4,0,0,4,3,2,0,2,0,0,2,0,0,0,1,3,1,0,2,1,0,0,1,1,0,0,3
Gene250,1,0,2,0,2,1,0,0,2,3,1,2,0,0,1,1,1,0,1,0,0,2,0,0,1,2,1,1,0,1,1,0,1,0,3,1,1,0,1,3,1,1,0,0,1,1,1,5,0,1,1,0,1,0,1,1,2,3,1,0,1,0,1,0,0,0,3,2,1,1,0,0,2,2,1,1,0,2,1,0,1,2,1,0,1,0,1,2,2,1,1,1,0,2,1,2,2,2,2,1,2,0,1,1,1,4,2,0,0,0,1,0,0,2,0,2,0,0,1,1,1,2,1,1,2,1,2,1,0,1,1,3,1,0,3,0,0,1,0,1,1,0,2,0,1,0,1,3,1,0,0,1,0,1,1,0,0,1,0,1,2,2,2,2,1,1,0,0,0,2,1,1,1,0,2,2,0,1,0,0,2,1,3,1,2,4,0,0,0,1,2,2,0,0,1,2,1,2,0,0,0,0,3,1,0,1,0,1,2,0,2,1,0,3,1,0,2,2,1,2,0,0,0,2,0,1,1,2,0,1,2,1,0,0,0,2,0,0,1,2,0,0,1,1,0,2,0,2,3,0,2,2,1,0,0,0,2,2,1,1,3,1,1,0,0,1,2,0,1,2,1,0,0,0,1,2,1,1,0,1,0,1,1,0,1,1,1,1,0,3,2,0,1,1,1,1,1,1,1,1
Gene251,1,0,0,4,2,0,0,1,0,1,1,1,1,1,0,0,1,1,1,3,2,1,0,2,0,0,1,0,1,2,0,0,0,0,0,2,1,0,1,1,1,1,1,0,3,2,1,0,1,1,1,1,1,1,0,0,1,1,2,1,1,1,1,1,0,0,0,1,3,2,3,3,0,1,1,0,0,1,2,2,2,0,1,0,1,1,1,3,3,2,1,1,1,0,2,4,2,0,0,2,0,2,1,0,0,1,2,1,2,1,0,1,0,2,3,2,1,1,0,0,0,0,0,2,1,0,1,2,1,3,1,0,0,1,1,0,0,0,0,1,3,0,0,0,1,4,0,1,2,0,0,0,3,1,0,0,0,0,1,1,1,2,0,0,1,0,0,0,2,2,2,2,0,1,1,0,0,2,1,1,0,0,2,1,3,1,0,1,1,3,0,2,0,0,2,1,2,1,0,2,0,1,2,1,2,2,2,0,0,0,1,0,1,2,0,2,0,1,1,2,2,0,0,2,2,1,0,3,0,4,2,0,0,1,1,1,3,1,1,2,0,4,1,2,0,1,3,1,2,0,0,1,1,0,0,0,2,1,1,2,0,1,1,1,0,1,2,2,0,2,3,0,1,4,0,1,1,2,1,0,0,0,0,1,2,4,1,2,1,2,0,2,1,0,0,2,0,0,1,1
Gene252,0,0,0,1,0,0,1,0,0,4,1,0,3,1,3,2,1,3,0,1,2,0,2,2,1,2,2,1,0,1,1,0,1,0,0,0,1,0,0,0,1,1,1,1,2,2,0,1,1,0,2,0,1,1,0,0,0,1,1,1,0,1,1,1,1,0,1,0,0,4,0,4,1,0,0,2,0,1,0,1,0,1,2,1,0,1,1,1,0,0,1,4,1,1,2,2,1,1,1,1,0,0,1,0,1,2,0,2,0,4,2,0,0,2,1,1,3,0,1,2,1,3,1,1,1,2,0,0,2,0,2,0,1,0,1,1,0,2,2,0,0,0,2,0,0,1,0,2,0,2,2,1,1,0,0,0,1,0,0,0,1,0,0,0,3,0,0,1,0,1,1,0,1,3,1,1,0,1,1,0,3,1,1,1,0,0,1,2,1,1,2,4,1,3,0,1,2,1,1,2,1,0,0,1,0,1,0,0,1,0,0,1,0,1,1,1,1,2,0,1,0,0,1,1,1,2,2,2,1,3,2,1,1,0,0,0,1,2,2,3,1,2,1,2,3,1,0,1,0,2,1,1,1,1,0,2,1,0,1,0,3,2,0,1,0,3,0,0,0,0,0,4,1,1,1,0,0,2,1,1,1,0,0,4,3,1,1,1,2,1,1,1,1,0,2,0,2,1,1,1
Gene253,0,1,0,1,1,2,0,1,0,1,1,1,3,0,1,0,1,1,1,0,1,0,1,2,0,2,1,0,1,2,2,0,2,0,0,0,0,1,0,1,0,1,3,0,4,0,1,0,3,2,0,2,0,2,0,1,0,3,1,4,0,0,0,1,0,1,0,0,0,1,1,0,0,1,1,0,1,0,2,0,2,2,0,0,1,4,1,1,2,1,1,2,2,1,1,2,0,2,0,0,0,0,1,1,3,1,1,4,3,0,0,0,1,1,1,2,1,2,0,1,2,0,0,1,1,0,0,1,0,2,1,1,0,0,1,1,1,2,0,0,1,0,3,0,1,2,2,1,1,0,2,3,0,2,0,2,1,0,1,0,3,2,1,1,2,2,3,0,0,0,1,1,1,0,1,3,0,2,0,0,2,1,2,3,0,1,1,1,2,0,2,1,0,0,0,0,3,1,2,0,1,0,0,0,2,0,0,1,2,0,0,0,0,0,1,1,2,0,1,0,2,1,1,0,2,1,0,2,0,2,2,1,0,0,0,1,0,1,2,0,0,1,1,2,1,1,1,1,1,1,3,2,0,0,0,3,1,1,3,1,0,0,2,0,0,0,1,2,2,1,1,0,2,0,0,2,1,1,1,2,2,1,3,5,0,1,1,0,2,3,0,0,1,1,1,0,1,1,1,0
Gene254,1,2,0,0,1,3,2,0,0,0,2,0,4,0,0,1,0,3,0,1,0,1,2,0,0,3,1,1,1,2,1,1,0,3,0,1,1,1,1,3,1,0,0,3,1,1,0,2,0,0,2,2,0,0,1,2,1,0,2,3,1,3,0,2,1,1,0,2,1,1,0,0,1,2,1,1,1,0,1,1,2,2,0,3,2,1,0,2,0,0,4,4,1,0,2,0,0,0,4,0,1,0,2,1,1,0,0,3,1,1,1,1,3,1,3,1,1,2,1,0,0,1,0,0,1,0,1,0,1,5,0,2,1,0,2,1,2,1,0,2,2,3,0,2,0,3,0,0,1,2,2,0,0,0,0,0,0,1,1,1,1,2,1,1,2,1,0,0,0,2,2,2,3,0,1,1,2,2,1,0,3,0,0,0,0,0,0,0,0,1,0,1,1,1,2,0,0,1,2,1,1,0,1,3,1,1,2,0,1,1,2,1,0,0,0,3,0,2,1,2,2,1,0,0,1,0,2,1,0,0,3,2,3,1,3,3,3,1,2,1,0,1,0,1,1,0,1,3,0,2,0,1,0,2,1,4,3,0,0,0,1,0,0,1,2,0,1,4,1,1,1,0,1,2,2,1,2,0,0,0,0,1,0,1,2,3,1,2,0,1,2,1,0,1,1,0,1,3,0,1
Gene255,0,2,1,0,1,1,0,1,0,0,0,1,0,0,1,2,1,0,0,0,0,2,0,0,2,2,1,0,0,2,0,3,1,0,0,0,1,1,2,0,1,0,1,0,0,1,0,2,0,1,1,1,5,4,1,0,0,1,0,0,2,0,0,2,2,2,0,0,0,1,0,2,0,2,1,0,0,1,2,0,3,1,0,0,1,0,1,1,2,0,1,1,1,0,0,2,1,1,0,1,1,1,0,1,0,0,0,1,2,0,1,1,0,0,2,1,2,0,1,2,3,3,3,1,3,2,0,2,1,2,2,0,1,0,0,0,1,0,2,0,1,0,1,1,1,1,0,2,1,2,1,1,1,2,2,0,1,1,2,2,1,1,0,0,2,2,3,0,0,0,0,0,1,1,2,1,2,1,2,0,3,2,1,1,1,2,2,0,3,2,3,0,2,1,1,0,2,2,1,1,3,2,0,3,2,2,1,1,1,1,4,2,2,0,1,1,0,0,3,0,1,2,0,0,1,1,0,0,0,2,1,2,0,5,1,1,0,1,2,3,3,2,0,0,0,2,2,0,3,1,1,0,0,0,0,2,0,1,0,0,0,1,0,1,0,1,2,1,2,1,0,1,1,0,1,1,2,2,2,2,1,0,1,2,1,1,0,1,0,4,1,1,2,1,0,0,2,0,2,1
Gene256,2,3,0,1,0,1,3,2,1,0,1,1,1,0,0,2,0,0,1,3,0,2,0,0,1,2,2,2,1,0,2,1,0,1,0,2,0,1,5,0,0,2,0,2,0,1,0,3,1,0,0,1,1,1,2,1,1,1,0,0,1,0,2,0,3,0,0,0,0,2,2,1,0,0,2,1,0,5,2,1,1,1,0,1,0,0,3,0,1,2,0,1,1,3,0,1,1,1,2,0,2,0,1,0,3,1,2,0,1,0,1,0,1,1,0,1,0,0,0,1,1,0,0,1,0,2,1,3,3,1,3,1,1,1,1,2,1,1,1,4,2,0,2,2,1,1,1,0,0,0,0,2,0,0,0,1,2,1,0,2,1,1,0,0,0,2,0,2,0,1,1,1,1,0,1,2,0,0,2,1,1,0,3,2,1,0,1,3,2,0,4,2,0,2,2,2,3,1,2,0,1,1,1,0,4,1,0,1,0,1,1,1,1,1,1,2,3,3,0,0,0,0,0,1,1,2,1,0,1,0,2,1,2,0,0,0,0,1,0,0,1,3,0,1,2,0,1,0,0,0,3,0,1,2,1,3,0,4,1,1,0,0,0,0,1,1,0,0,2,0,1,0,2,0,1,1,0,0,0,2,1,3,2,0,1,1,3,0,1,0,2,1,1,0,0,0,1,2,2,2
Gene257,1,1,0,2,0,1,0,0,0,1,0,2,0,1,2,1,0,1,0,1,1,1,0,0,1,1,3,0,0,1,0,2,0,1,2,3,1,0,1,2,1,1,1,0,2,0,4,1,1,1,1,1,1,2,0,0,1,1,0,0,0,0,1,0,3,2,2,2,1,0,1,2,0,3,1,0,0,2,0,2,1,1,3,0,0,1,0,3,1,0,1,0,0,1,1,1,0,0,0,1,0,2,1,1,2,0,1,2,1,1,1,0,1,0,2,1,0,0,0,1,0,0,0,3,2,0,0,1,2,1,1,1,1,3,3,0,1,0,0,2,1,0,0,0,1,0,2,1,2,0,0,1,0,1,1,0,1,1,0,1,2,1,2,3,0,3,0,0,1,2,1,2,5,0,2,0,0,0,1,1,0,3,0,0,0,0,2,1,0,1,0,1,1,0,0,0,1,0,1,0,0,4,0,0,0,3,0,1,0,0,1,3,1,3,1,0,0,0,1,0,2,1,2,2,1,1,0,0,0,1,0,1,1,1,1,3,0,1,0,1,0,0,3,0,0,0,2,1,1,0,2,1,0,0,1,1,2,0,1,4,1,0,0,4,0,2,0,1,1,1,0,0,2,1,1,0,1,1,0,0,0,1,2,0,1,1,1,2,0,0,0,1,0,2,1,2,0,1,2,2
Gene258,0,1,1,2,2,0,1,1,2,1,0,1,0,2,1,0,0,2,1,3,1,0,0,0,1,2,0,1,1,1,1,2,1,1,2,2,2,1,2,3,2,2,1,0,0,2,0,2,1,0,2,1,0,3,2,1,0,2,0,0,2,2,0,1,1,0,3,0,2,2,2,0,2,3,2,1,2,2,1,0,0,1,1,0,2,1,2,0,2,1,0,1,0,1,1,1,2,2,0,0,1,2,0,1,1,2,0,1,2,2,1,1,1,0,2,1,2,0,0,3,0,1,2,0,1,1,0,1,1,0,0,1,2,1,1,1,2,2,0,1,1,3,2,3,0,0,1,1,0,1,1,0,0,0,2,3,0,0,2,1,3,2,1,1,0,0,1,0,0,1,1,1,2,1,1,0,1,0,3,0,0,1,0,2,1,3,1,1,1,0,0,0,0,0,4,3,0,1,2,2,3,1,0,1,0,1,0,1,1,1,3,0,0,1,2,0,0,0,0,2,2,1,0,2,0,2,2,1,0,1,0,0,0,2,1,1,0,1,2,0,3,2,2,1,1,1,0,0,2,0,2,0,0,2,0,2,0,1,0,0,1,1,1,1,2,0,2,0,0,1,2,0,2,0,2,1,1,2,2,1,2,2,0,1,1,0,0,0,3,0,4,1,1,1,1,1,1,1,1,0
Gene259,0,0,0,0,2,0,1,1,3,1,0,2,0,1,0,3,0,1,1,2,0,0,2,4,1,1,2,0,1,1,0,1,0,0,0,2,1,2,2,1,2,1,0,0,1,1,2,2,3,2,1,4,1,1,2,0,1,1,1,1,0,0,0,2,0,1,0,2,0,1,0,3,1,0,0,1,0,1,0,3,0,4,1,3,1,0,2,0,1,1,1,1,1,2,1,1,2,0,1,1,1,1,1,0,0,1,2,1,2,1,1,1,2,0,1,1,1,2,2,0,1,2,1,0,0,3,2,0,1,0,1,0,1,2,2,0,1,1,1,2,0,0,0,1,0,0,0,1,1,2,2,1,2,1,1,2,0,2,0,1,3,0,1,0,1,2,1,1,0,1,0,1,4,1,1,1,0,1,1,0,1,1,2,3,1,1,2,1,2,0,4,3,1,0,1,1,0,0,0,0,1,2,1,1,1,1,0,3,1,1,1,0,3,1,1,0,1,1,1,0,2,1,0,1,0,2,1,1,1,1,2,0,1,0,0,0,3,2,1,0,0,0,0,0,0,1,0,1,0,4,2,1,0,0,2,1,1,2,0,0,2,1,0,2,0,1,0,0,4,1,0,1,1,2,0,0,1,1,1,1,2,0,2,0,1,1,3,0,0,3,3,1,1,2,0,5,1,2,1,0
Gene260,1,1,0,1,3,3,3,0,0,0,1,1,0,1,0,1,1,2,0,2,1,0,0,0,2,2,0,0,1,0,2,1,0,1,0,0,1,1,0,0,0,0,1,1,1,5,1,1,2,3,0,0,0,0,2,1,2,0,0,2,1,1,3,1,1,1,0,1,0,0,0,2,1,1,0,1,0,4,0,0,0,0,0,0,0,0,1,0,2,2,1,3,2,1,0,1,1,1,0,1,1,1,1,0,0,0,1,0,0,4,0,2,0,1,3,0,1,4,0,0,1,1,2,0,1,1,0,1,0,0,0,0,1,0,0,1,2,2,1,0,1,0,0,0,0,0,1,1,2,1,0,3,4,1,0,2,1,0,0,1,0,1,0,0,3,0,2,0,3,1,0,0,1,0,0,2,0,1,1,1,0,3,0,0,0,2,4,0,0,0,1,1,3,1,0,2,0,0,1,0,1,0,0,0,1,1,0,0,2,0,1,0,2,0,3,0,1,0,1,2,2,0,1,1,2,3,1,0,2,1,2,1,1,2,1,1,1,4,1,2,1,0,1,1,1,0,0,4,3,0,1,1,1,3,1,0,1,1,0,1,1,1,0,1,1,0,2,2,1,2,1,0,3,1,0,2,8,1,0,3,0,2,0,3,1,2,1,1,0,2,1,1,0,1,0,0,0,0,1,0
Gene261,0,1,2,0,0,0,1,0,1,0,0,1,1,0,5,2,2,1,0,0,1,1,0,1,0,0,0,0,1,2,0,1,0,0,1,1,1,1,0,1,0,1,1,1,1,0,0,0,1,0,1,1,2,0,1,0,1,1,1,0,2,2,1,0,1,0,2,2,1,2,3,0,2,0,2,0,1,0,2,1,0,0,1,2,1,1,0,1,0,2,1,0,0,0,1,2,0,0,0,1,1,1,0,0,0,2,1,2,1,2,0,2,2,0,2,3,2,1,2,2,3,1,2,1,1,2,1,2,1,0,1,0,2,2,0,1,1,1,0,3,1,1,3,1,0,0,1,0,2,1,0,2,0,0,0,3,2,1,2,2,2,0,0,0,1,2,0,1,0,1,0,0,4,0,1,0,0,1,1,1,2,1,1,2,1,0,0,2,1,1,2,1,2,0,0,0,1,0,1,0,0,1,1,1,1,1,1,1,2,1,2,0,1,0,1,0,1,2,1,0,0,0,1,0,0,0,0,0,0,1,2,0,2,1,3,0,2,0,3,2,1,0,1,2,0,2,2,0,0,1,0,1,0,1,1,0,2,2,1,0,1,1,1,1,3,1,2,1,1,0,0,1,1,1,1,0,0,2,0,0,0,2,3,2,1,0,1,0,0,0,0,0,1,1,0,1,2,0,1,0
Gene262,0,0,0,3,2,1,1,1,2,1,1,1,1,2,3,1,0,0,2,1,0,1,2,2,1,1,3,0,1,1,1,2,0,1,0,3,2,2,2,2,2,2,1,1,0,3,1,1,0,2,1,0,2,1,2,0,2,2,3,0,1,2,0,2,1,2,0,0,0,1,2,3,2,1,0,0,3,0,2,1,1,3,2,0,1,2,0,3,0,2,1,1,2,0,0,4,0,1,2,1,1,0,0,1,2,1,0,0,1,1,2,1,2,1,0,1,0,0,1,0,2,1,2,0,1,1,0,1,1,1,3,0,0,2,0,2,0,1,1,1,0,1,0,1,2,2,0,0,0,0,3,1,0,0,0,0,0,0,3,1,4,1,0,2,0,0,2,1,1,1,0,0,1,0,2,3,0,1,1,1,0,0,0,1,1,1,1,1,2,0,1,1,1,1,0,2,2,0,1,0,1,0,1,0,2,3,1,1,1,2,1,1,0,1,0,2,1,1,2,0,1,1,3,0,4,1,2,0,2,0,0,2,2,1,1,0,1,3,0,0,2,0,3,2,0,1,2,0,1,3,1,0,0,0,2,0,0,0,1,2,0,1,0,0,0,2,2,0,0,1,2,3,0,0,1,3,1,2,2,1,1,2,0,0,0,1,0,2,0,0,1,0,1,1,1,1,5,2,2,1
Gene263,1,2,0,1,1,3,0,0,0,2,1,2,0,1,2,0,2,0,1,0,1,1,1,0,2,2,2,0,0,1,3,0,0,0,0,2,1,0,1,3,0,0,1,0,1,1,1,1,1,1,1,0,0,1,2,2,1,2,2,1,1,0,0,0,1,0,1,2,0,0,0,1,0,0,1,2,1,1,3,0,3,3,0,1,0,0,3,1,3,1,0,2,3,2,2,2,3,3,3,0,3,1,0,1,2,0,0,1,0,1,0,0,2,0,0,1,1,1,1,2,0,2,0,0,0,1,1,0,2,0,0,2,0,0,0,1,2,1,3,0,0,0,1,0,0,2,1,0,1,0,2,0,2,1,1,3,1,1,0,4,3,1,2,0,1,1,0,1,0,0,1,0,2,1,0,0,2,3,4,0,1,0,2,0,0,1,0,1,1,0,0,0,1,1,0,0,2,0,1,0,2,0,1,0,4,0,1,1,0,2,0,1,1,0,2,3,1,5,0,1,1,0,0,1,1,2,2,3,0,0,1,0,1,0,0,2,0,0,4,3,0,2,1,1,1,0,0,0,2,0,0,1,4,3,0,1,2,1,0,0,0,3,0,2,2,2,0,2,2,2,3,0,0,0,0,1,1,3,1,1,1,0,2,0,1,1,2,2,0,1,2,0,2,2,1,0,1,0,3,1
Gene264,2,2,0,1,1,0,1,0,2,1,1,0,0,1,1,0,4,0,3,0,2,1,2,1,0,1,0,2,3,1,1,0,0,0,2,0,1,1,0,2,2,2,1,0,1,0,2,2,1,2,0,0,2,1,1,0,1,0,0,3,1,3,3,4,0,0,0,1,0,1,0,0,0,1,0,2,2,1,1,1,2,0,1,1,2,0,2,4,1,4,0,1,2,0,1,2,0,0,2,3,0,1,0,1,3,3,1,0,2,2,2,1,1,2,0,3,1,1,0,2,1,3,0,1,1,0,2,1,1,1,2,0,0,0,2,1,1,1,2,1,1,3,0,1,1,1,0,6,1,0,1,1,1,1,2,1,0,0,0,2,1,3,0,1,2,0,1,2,1,2,4,3,1,1,2,1,2,2,2,1,1,1,1,3,0,2,0,0,0,1,1,0,0,0,0,1,0,2,1,1,0,1,2,1,1,1,1,2,1,2,3,1,1,0,1,0,0,0,1,1,2,1,3,1,0,0,1,0,0,2,2,2,0,2,2,0,1,1,1,1,1,1,1,0,3,1,0,1,0,0,2,2,2,2,1,1,0,1,2,0,1,2,2,1,2,0,0,2,5,1,1,2,0,0,1,1,2,3,1,1,0,3,1,1,1,0,4,1,0,2,1,1,1,2,4,1,1,0,2,1
Gene265,3,3,1,1,1,1,0,2,0,1,4,3,1,2,0,1,2,1,1,1,1,1,1,3,3,2,3,1,0,1,1,3,1,3,1,0,0,0,1,1,0,2,0,2,1,0,0,1,3,2,0,0,0,0,1,1,0,3,2,1,0,1,3,1,1,1,0,0,0,1,1,1,2,2,0,2,1,1,0,0,0,0,1,3,0,3,0,1,1,1,0,1,3,0,2,1,0,1,0,3,4,5,0,2,0,1,1,1,1,1,2,0,2,1,0,1,0,2,0,1,1,0,0,1,2,0,2,1,1,0,0,1,2,1,2,1,1,1,0,1,1,1,1,1,2,0,1,0,2,0,1,0,0,0,3,0,0,1,1,1,1,0,0,0,2,2,1,0,0,2,2,3,2,1,0,0,2,0,0,1,2,1,0,1,1,2,0,1,0,1,2,0,1,0,2,1,1,1,0,0,2,2,0,1,0,2,1,0,0,0,3,2,0,0,2,2,0,1,3,1,0,0,0,1,1,0,0,0,1,1,0,0,2,0,0,1,0,0,3,2,0,1,2,2,0,1,0,1,0,1,3,1,0,0,1,2,0,0,0,0,3,3,1,0,1,0,2,1,0,0,0,1,1,0,0,2,3,0,0,0,1,0,0,1,1,0,0,0,0,1,1,1,0,2,1,1,0,2,1,0
Gene266,2,0,1,1,1,1,0,1,0,1,0,1,0,2,1,2,0,0,0,0,1,0,0,1,0,0,0,0,0,0,1,0,0,1,0,0,2,0,1,1,3,0,2,0,2,0,1,0,2,3,3,0,2,1,0,1,0,1,1,2,0,2,0,0,2,3,1,0,0,0,0,2,0,1,0,1,1,1,1,0,3,1,0,1,1,0,2,0,0,1,1,1,1,2,1,0,1,1,2,0,0,0,0,0,2,0,0,0,0,0,0,0,0,0,1,4,0,3,0,2,1,0,0,0,2,3,0,1,1,1,1,0,0,0,0,2,0,0,1,0,3,2,2,0,0,1,0,2,0,0,0,1,1,1,3,1,2,1,2,1,1,2,1,0,2,1,0,0,0,1,3,1,1,0,1,0,1,3,2,1,0,1,0,2,1,1,2,0,0,1,0,2,1,1,1,1,0,0,0,1,0,1,1,0,0,1,2,2,0,1,0,2,0,1,1,0,2,1,2,1,1,1,0,0,2,1,0,1,1,0,1,1,2,0,0,0,0,2,1,0,1,0,0,0,0,3,0,0,2,1,0,1,0,0,0,1,0,2,0,1,3,0,1,1,1,1,0,1,2,0,1,2,0,1,0,1,1,1,1,0,3,1,1,2,1,0,4,0,0,1,1,1,4,0,0,0,0,2,2,0
Gene267,3,2,1,3,0,3,1,3,1,0,2,0,1,2,2,4,1,1,1,2,2,1,1,1,0,1,3,1,1,1,0,1,2,0,2,1,1,1,0,0,1,0,0,1,1,0,0,1,2,2,0,1,0,1,1,2,2,1,0,0,2,0,0,0,1,1,1,3,1,0,0,2,0,0,0,0,4,0,2,3,1,1,1,0,3,1,5,0,0,1,2,1,1,1,1,2,2,1,1,1,0,1,0,3,1,1,2,1,0,0,1,0,2,0,0,1,0,0,0,3,3,3,1,1,0,2,0,1,1,1,1,1,0,0,1,0,2,0,2,2,1,0,3,1,2,1,0,0,0,0,3,1,3,1,3,2,0,1,1,2,1,1,2,0,1,0,0,1,1,0,0,1,2,0,1,1,3,0,2,1,0,1,1,0,2,2,1,0,0,1,1,0,1,2,1,1,0,0,1,1,1,2,0,2,0,3,1,1,0,0,0,1,0,1,3,1,2,2,2,2,2,0,0,1,1,2,3,1,0,2,0,0,0,0,1,1,0,2,2,0,0,2,0,1,0,1,1,0,3,2,1,2,0,0,0,2,1,1,1,2,0,3,0,0,1,2,0,1,0,0,3,1,1,0,2,2,1,1,3,1,0,0,1,2,0,0,0,0,2,0,0,0,1,3,3,0,2,2,1,1
Gene268,1,2,1,3,1,1,3,0,2,1,3,1,0,2,2,0,1,0,1,2,2,0,0,0,1,0,1,0,1,0,0,1,2,0,0,0,2,0,2,0,1,2,1,1,0,2,0,0,1,0,0,1,1,2,0,1,2,1,0,1,3,1,1,0,2,1,0,0,1,3,2,1,2,2,3,0,0,0,1,2,0,2,0,0,0,0,1,0,1,3,1,0,0,0,1,0,0,0,0,1,3,1,2,0,1,1,1,1,0,1,2,1,2,1,1,0,2,0,1,2,2,0,0,2,0,0,0,2,3,1,0,1,1,0,0,0,0,1,0,0,2,0,1,0,1,0,1,0,1,2,0,1,1,0,3,1,0,3,0,0,0,1,1,1,1,0,1,1,1,0,0,0,0,1,1,0,0,2,0,0,1,3,0,1,2,0,0,0,2,0,0,1,1,0,3,1,0,1,0,0,1,1,0,1,0,2,1,3,2,0,2,1,0,1,1,1,0,2,3,4,2,0,2,2,0,3,3,0,1,0,1,0,0,4,1,0,0,4,0,1,0,0,1,2,0,2,2,1,1,1,3,0,0,1,2,1,0,2,1,4,0,0,0,1,2,1,1,0,2,2,2,2,0,0,1,1,0,0,2,1,1,1,1,0,2,1,2,1,3,0,0,0,2,1,0,1,1,2,1,2
Gene269,1,1,0,0,2,1,0,0,0,1,0,1,2,0,0,1,0,1,0,1,1,0,0,0,0,2,2,1,1,2,1,1,4,0,1,1,2,1,2,2,0,1,0,1,1,1,2,4,1,2,1,0,1,1,0,1,2,2,3,1,0,0,1,3,1,0,3,0,2,0,1,0,1,2,0,1,1,1,0,1,2,2,0,0,1,3,1,3,0,0,0,0,2,2,1,1,0,1,1,2,1,0,1,0,0,0,0,0,1,0,2,1,0,0,0,0,0,1,2,2,1,1,2,1,2,0,2,0,1,1,0,0,0,0,1,1,2,1,0,0,2,1,0,0,3,1,1,0,2,0,2,1,0,0,2,2,0,0,2,0,0,2,0,1,3,2,3,2,2,0,1,0,3,2,1,2,3,0,0,2,0,0,2,2,1,0,0,1,1,1,1,0,0,0,1,0,1,0,0,2,1,2,1,1,4,3,1,1,0,3,2,2,0,1,1,1,2,2,1,0,1,1,2,0,3,1,0,0,0,2,0,0,1,0,0,0,4,2,0,2,1,1,1,2,1,0,0,3,0,1,1,1,3,1,1,1,1,0,1,1,1,1,0,0,1,1,1,0,1,3,0,1,2,1,1,1,1,0,1,1,0,0,1,1,1,2,2,0,2,1,3,1,0,0,4,1,0,0,0,0
Gene270,0,1,1,2,1,0,1,1,1,0,1,1,1,0,0,1,2,1,2,1,0,3,0,2,2,0,0,2,2,0,1,0,1,1,3,1,4,2,0,0,2,2,1,4,1,2,1,0,0,3,1,1,0,1,1,0,1,1,2,1,1,2,0,1,2,1,0,0,1,0,0,0,1,0,3,2,1,1,2,1,2,0,2,0,2,1,0,0,4,1,1,1,0,2,1,1,0,2,3,1,0,0,0,0,2,0,1,0,1,0,1,2,1,0,0,0,1,0,2,0,1,1,0,1,1,2,0,2,0,0,1,1,1,0,2,1,0,1,1,2,2,0,0,2,0,0,0,2,1,1,3,1,1,1,1,0,0,2,1,1,1,3,0,2,1,0,2,0,0,1,0,1,2,3,2,3,1,1,2,1,2,1,1,1,1,1,2,0,0,3,2,0,0,1,0,1,3,2,0,1,0,1,1,1,1,0,2,1,3,1,1,0,1,2,0,0,1,2,1,0,0,0,0,1,1,3,0,0,5,0,0,0,0,1,1,1,1,0,1,2,2,0,4,0,1,1,1,1,1,1,0,0,1,3,0,2,3,1,0,1,3,2,1,1,1,2,1,1,1,0,1,0,1,0,1,2,2,1,2,2,1,2,0,1,1,1,4,1,0,2,4,4,1,2,2,0,1,3,0,1
Gene271,1,3,1,1,1,1,0,0,0,1,1,1,0,1,1,1,0,0,0,0,1,1,0,1,0,1,0,1,3,1,0,0,0,2,1,1,1,1,2,2,1,2,0,1,0,1,1,2,0,1,3,0,2,2,0,2,2,2,0,1,0,2,4,1,0,3,2,0,1,1,0,0,3,2,1,3,1,0,1,0,0,0,1,2,1,2,1,2,0,1,0,0,0,2,1,2,1,0,0,1,1,3,2,1,1,1,0,1,1,2,0,0,0,2,0,2,0,2,0,0,1,0,0,0,0,1,1,1,0,1,2,0,1,1,0,0,0,2,2,1,1,0,1,2,0,2,0,2,3,0,0,1,0,1,0,1,1,0,1,1,4,1,1,1,0,1,3,0,1,1,1,2,2,1,0,3,1,1,1,0,1,0,0,1,1,0,0,2,0,2,4,2,0,3,0,1,1,2,1,1,2,0,0,1,0,1,1,1,1,1,2,2,1,1,3,1,1,0,0,0,0,0,4,1,1,1,0,0,1,2,1,1,2,3,1,2,1,1,1,2,2,1,0,0,2,1,0,0,0,1,0,0,1,0,1,1,2,0,1,1,0,3,0,1,0,1,0,0,0,2,1,1,0,0,3,3,3,1,1,0,1,0,0,2,1,0,2,0,0,2,2,0,1,0,1,2,0,2,0,0
Gene272,1,2,1,1,1,2,0,0,0,1,1,2,1,2,0,5,0,0,1,2,4,1,1,1,1,0,2,2,1,2,1,1,1,3,0,1,0,1,1,1,0,1,1,0,1,2,1,0,0,0,0,0,1,2,1,0,1,1,0,1,1,0,0,0,1,0,1,0,0,0,0,1,1,0,2,1,0,1,1,0,2,2,1,1,2,0,0,2,1,0,0,0,2,0,0,2,1,1,0,1,1,0,1,1,0,1,1,2,3,0,3,1,1,0,0,1,0,0,1,0,1,0,1,3,1,1,2,0,0,1,0,2,1,1,2,1,1,0,0,0,1,1,0,3,0,1,0,1,0,0,1,3,2,2,1,3,0,0,0,0,0,0,3,0,0,1,2,0,0,0,2,2,1,0,1,0,2,0,0,2,0,1,0,3,1,1,1,2,3,0,2,0,2,0,0,1,2,0,1,1,0,1,1,1,2,0,0,1,2,1,2,1,1,2,2,0,2,1,0,1,1,0,0,3,0,0,1,2,1,0,3,2,3,0,1,1,1,1,1,4,2,2,1,1,0,0,5,1,3,0,0,1,0,0,1,1,0,1,1,1,1,0,2,0,1,0,1,1,0,1,3,2,0,1,0,1,3,0,2,3,0,4,0,3,3,0,2,1,0,0,3,1,1,0,2,1,2,0,0,0
Gene273,0,3,1,1,1,0,0,2,2,2,0,2,2,0,2,0,1,1,1,0,2,2,2,0,0,0,3,3,0,2,2,1,1,0,0,2,3,0,2,0,0,2,0,0,1,3,0,1,0,0,1,2,2,0,1,0,1,0,0,0,3,3,1,1,1,0,2,0,2,0,2,1,0,0,1,0,2,0,1,0,1,2,1,1,1,1,1,2,0,1,1,1,1,0,0,1,2,5,2,1,0,1,2,3,2,1,0,2,0,0,0,0,1,1,0,0,1,3,0,1,0,0,0,0,1,1,0,2,1,3,0,1,0,1,0,1,1,0,2,2,0,2,3,0,0,1,2,1,1,1,0,2,0,1,0,1,0,2,0,0,1,0,1,0,2,1,1,2,1,1,0,1,0,2,2,3,1,2,1,0,3,1,2,0,2,0,1,0,0,2,0,1,1,3,1,2,3,2,0,0,0,0,2,2,2,2,0,0,0,0,1,1,2,0,1,1,1,1,1,0,0,1,1,1,0,2,1,2,0,2,3,2,1,1,3,1,2,2,2,1,1,1,0,1,0,0,3,2,1,1,1,2,1,0,0,2,1,1,1,1,0,2,0,0,1,1,0,2,2,3,0,0,1,0,0,1,2,1,1,2,2,0,1,2,1,2,0,0,2,0,0,1,0,1,2,1,1,3,0,1
Gene274,5,0,2,0,2,1,0,1,0,0,1,1,2,1,1,0,3,0,1,0,1,2,1,1,3,1,0,2,1,0,3,1,1,2,2,0,4,2,3,2,3,1,1,0,0,0,1,1,2,0,2,0,3,2,0,2,2,0,0,2,1,0,2,1,0,1,0,1,2,2,0,2,0,3,1,1,2,0,0,0,0,0,2,1,1,2,0,2,1,0,2,0,1,5,1,1,1,2,0,3,0,1,1,5,0,0,2,0,1,1,0,1,0,0,0,0,0,1,1,1,2,1,1,1,1,0,2,0,2,0,1,2,1,0,2,3,0,2,1,0,0,2,0,2,2,2,3,4,0,0,0,2,1,1,0,1,1,0,2,0,2,0,0,2,0,0,0,0,0,1,2,1,2,2,0,2,1,1,0,1,0,1,0,1,2,1,1,1,0,0,1,1,0,0,1,1,1,2,0,0,0,3,3,0,0,0,0,1,2,2,1,1,4,1,3,1,2,1,1,1,2,0,0,0,2,1,0,1,2,0,1,1,1,1,2,0,1,4,1,2,2,1,3,0,0,0,1,0,1,1,0,1,0,0,1,1,3,0,0,0,0,1,1,2,3,0,0,2,0,1,1,3,1,0,2,1,1,1,2,2,3,1,2,1,2,0,1,1,3,0,2,0,1,1,0,0,1,2,2,1
Gene275,0,1,1,2,1,0,0,0,2,1,2,0,1,0,1,0,1,1,3,3,0,2,1,3,0,2,1,2,1,1,1,0,0,1,1,1,5,2,3,1,1,3,1,0,0,0,1,2,0,2,3,1,0,1,1,0,0,3,1,1,2,1,0,0,0,2,1,2,3,0,2,4,0,1,0,0,2,1,0,0,0,2,0,1,1,0,1,2,1,2,1,1,1,0,2,0,0,1,0,2,1,0,1,0,0,3,1,2,2,3,2,2,2,3,0,2,1,0,2,2,2,1,1,1,1,0,0,0,0,0,1,0,1,0,4,1,3,0,2,2,2,3,3,3,0,0,2,1,0,0,1,1,3,0,0,1,2,2,1,1,0,1,3,1,1,2,1,0,2,0,0,2,0,2,1,3,1,0,2,0,0,0,0,1,0,1,1,1,0,1,1,0,0,1,2,2,2,2,3,2,2,1,1,1,1,0,2,1,1,3,0,1,0,0,0,2,1,2,3,0,2,1,0,1,1,2,1,0,0,0,1,0,0,1,0,3,2,4,0,1,1,3,1,0,0,0,0,1,0,1,2,0,2,2,0,2,2,4,2,1,1,0,1,0,1,0,1,2,0,0,1,2,0,1,2,0,1,0,2,1,1,1,1,0,1,1,0,3,2,0,1,1,0,0,0,3,0,0,2,1
Gene276,2,0,1,0,2,0,3,2,2,1,0,2,0,1,0,0,0,1,0,0,0,0,1,1,2,2,1,0,2,1,0,1,1,0,0,0,2,0,0,1,0,1,4,1,5,1,1,3,0,0,0,0,0,0,2,0,0,1,1,1,1,1,1,0,0,0,1,1,0,0,0,0,2,0,1,0,2,2,3,1,3,1,1,1,3,1,1,1,2,1,3,2,0,1,2,2,1,1,1,1,0,2,1,2,0,1,1,1,0,0,0,2,1,0,0,1,0,2,1,3,0,1,1,0,1,1,3,2,1,0,2,0,0,1,1,5,4,2,2,0,3,3,2,1,4,0,0,0,1,1,2,2,0,2,0,1,2,0,4,1,1,1,1,5,2,1,1,1,3,1,1,4,0,2,1,1,2,2,4,4,0,2,3,0,1,0,1,1,0,1,0,4,0,1,0,0,1,1,2,2,0,0,1,1,1,2,0,0,0,0,1,0,1,1,1,2,0,1,1,0,2,2,1,1,1,0,2,0,0,2,1,0,0,2,1,1,0,2,1,1,2,1,1,2,3,1,1,1,1,4,1,1,1,2,2,2,0,2,2,0,2,2,2,1,0,0,0,1,0,3,4,1,3,1,0,1,3,1,1,0,4,0,1,2,0,0,3,0,1,1,2,1,2,1,1,1,1,1,0,0
Gene277,0,0,2,2,0,0,0,2,2,2,0,0,2,1,1,1,0,0,1,0,1,0,2,0,3,2,1,2,2,1,3,2,2,2,1,1,1,2,2,0,1,0,1,0,3,1,0,0,1,2,3,0,1,2,2,1,1,1,0,2,3,0,2,1,1,1,2,1,0,0,2,1,0,1,4,2,1,1,0,0,2,2,1,1,1,3,2,1,0,1,0,2,1,0,0,1,1,0,0,0,0,0,1,1,0,2,0,5,1,1,2,1,1,3,0,1,2,1,1,1,0,0,3,2,3,0,1,0,1,0,0,3,1,2,2,0,1,0,1,0,1,1,1,0,0,2,2,0,0,1,0,0,1,0,0,1,0,0,0,0,0,0,0,2,3,0,3,2,1,0,1,0,1,1,0,0,3,0,0,2,3,0,1,2,3,0,0,0,0,1,2,1,2,1,0,0,0,1,0,0,0,0,1,0,0,0,0,1,0,5,1,0,2,2,1,2,0,0,0,0,1,1,3,1,1,1,1,1,0,1,1,1,0,2,0,2,2,0,0,3,1,0,1,0,1,1,1,1,1,1,0,3,1,0,0,0,1,2,1,0,0,2,1,1,0,1,1,0,1,0,0,2,0,0,2,1,1,1,0,2,2,0,1,2,0,0,1,0,1,0,4,0,0,1,1,0,2,2,1,1
Gene278,1,1,1,1,0,0,2,0,1,0,1,0,2,1,1,2,0,0,1,1,2,1,1,0,3,0,0,1,1,1,2,0,2,1,0,2,1,0,3,2,1,0,0,0,1,0,1,0,2,3,1,0,0,2,0,1,0,0,2,1,1,1,0,0,0,0,2,1,1,0,2,0,3,0,1,0,2,2,0,0,3,1,2,3,0,1,3,2,0,0,0,2,2,3,2,0,0,0,0,1,0,1,2,0,2,2,1,2,1,0,3,0,0,0,1,2,1,1,1,3,1,2,1,0,0,1,1,0,0,0,1,1,0,0,0,1,0,0,1,0,1,0,1,2,0,0,1,1,1,2,0,1,1,1,0,1,0,1,0,2,2,3,0,0,1,2,0,0,0,1,1,0,0,1,1,1,2,1,1,1,2,0,2,1,1,4,0,0,1,0,4,4,1,1,1,0,2,1,3,1,4,0,1,2,3,1,3,2,1,1,1,0,2,1,1,3,1,1,3,1,0,1,1,0,1,1,1,2,1,1,0,0,0,1,3,0,1,3,1,1,0,1,0,2,1,0,1,1,1,2,1,1,1,0,1,1,1,2,1,2,1,1,0,0,1,2,3,0,3,2,0,1,3,0,1,2,2,0,1,1,0,0,1,1,1,0,0,1,2,1,1,3,1,1,0,0,2,1,1,2
Gene279,0,1,1,0,0,0,2,0,1,2,2,0,1,1,2,1,2,0,1,0,0,0,1,1,2,1,0,1,1,1,2,0,2,3,0,2,0,1,3,1,2,1,0,1,0,0,3,0,1,1,2,0,2,1,2,2,1,1,2,3,0,0,1,1,0,1,2,0,3,1,0,1,0,0,2,0,1,0,1,0,1,1,1,2,1,0,1,0,1,1,1,1,2,0,1,0,0,0,0,1,0,1,1,0,2,0,1,0,1,1,0,0,1,2,2,0,0,2,3,1,2,1,1,5,0,2,1,1,3,3,2,2,1,1,1,0,3,1,1,0,1,0,1,1,2,1,3,0,2,0,1,1,0,0,1,1,1,0,4,0,0,1,1,1,2,1,1,1,4,0,3,1,0,3,3,1,3,0,1,1,3,0,0,2,1,1,0,0,0,0,0,3,2,1,1,0,2,2,2,1,1,0,1,2,2,1,2,1,1,1,0,0,0,3,1,0,0,2,1,3,1,0,1,0,1,1,0,1,0,0,2,2,0,2,3,0,2,4,0,1,1,1,2,2,4,1,0,1,2,1,1,2,0,2,0,0,1,2,2,1,0,0,0,0,0,2,0,0,2,2,0,3,4,0,1,0,1,2,0,0,0,2,1,2,1,0,0,0,1,1,2,2,0,0,1,3,0,1,0,0
Gene280,0,0,2,2,2,0,0,0,0,1,0,1,0,3,0,1,2,1,2,1,0,1,1,0,1,0,3,1,3,0,1,0,0,0,1,0,2,0,0,1,1,2,0,2,2,0,2,1,1,1,0,1,3,1,3,4,0,0,1,2,4,1,1,0,0,1,1,0,2,1,0,0,1,3,1,1,1,2,1,0,1,0,2,1,1,3,1,2,0,1,1,1,0,0,1,1,1,2,3,2,2,0,0,4,0,0,0,0,1,2,1,1,0,1,0,1,2,0,2,0,1,0,1,0,0,1,1,1,4,0,3,0,2,0,0,0,1,1,0,0,1,0,0,3,1,5,1,0,0,3,0,0,1,0,2,0,2,2,0,1,1,2,1,2,2,0,0,0,0,1,2,1,4,0,1,2,1,1,0,1,0,0,1,0,0,0,1,0,2,0,0,1,0,1,1,1,1,0,2,1,3,1,1,0,2,1,1,1,2,1,1,2,1,0,0,1,2,1,0,2,0,2,0,0,1,0,2,0,2,1,0,0,1,1,0,1,0,0,1,0,0,1,0,0,0,0,2,1,1,2,0,1,1,1,0,3,1,2,2,0,3,3,0,0,0,1,1,1,0,2,0,0,2,1,0,2,1,0,0,1,1,1,0,2,2,2,1,1,0,2,1,1,1,2,3,1,0,0,0,1
Gene281,1,1,2,1,4,0,1,1,1,1,2,1,3,1,0,0,1,0,0,0,0,1,2,2,1,0,0,1,2,0,2,1,2,0,2,2,1,1,0,1,1,2,0,2,2,0,0,1,0,3,2,1,0,1,2,4,2,1,1,1,2,6,1,2,1,2,1,1,2,2,1,1,2,1,2,0,1,2,1,3,0,0,1,1,1,1,1,1,0,0,0,0,1,1,2,0,1,0,2,0,1,1,0,0,1,1,1,0,2,0,3,2,1,0,2,1,0,4,2,0,0,1,0,1,1,0,0,1,0,1,2,2,1,0,1,0,1,0,2,3,1,0,0,0,0,1,1,1,2,1,1,3,0,1,0,0,1,1,0,1,0,0,1,1,2,0,1,1,2,0,3,0,1,0,0,1,0,0,1,1,1,1,4,0,1,2,0,0,2,1,0,1,0,0,1,2,1,0,1,0,0,4,2,1,0,2,0,3,2,0,0,0,2,0,1,0,3,1,1,1,1,1,1,1,0,1,2,0,2,0,1,3,3,1,1,2,1,0,3,1,1,1,2,1,2,4,2,1,1,0,2,2,2,0,3,0,1,1,0,2,1,2,2,1,0,4,1,0,0,1,3,0,1,2,4,0,1,1,1,0,1,2,0,1,0,0,0,0,0,0,2,3,4,2,0,2,0,0,3,2
Gene282,0,1,3,1,2,2,1,1,0,1,1,3,2,1,2,1,2,1,0,1,1,0,1,2,2,1,2,1,1,0,2,2,1,3,0,0,1,1,2,2,0,2,2,0,0,0,1,1,2,0,0,2,1,0,0,0,1,2,1,0,0,0,2,3,1,3,0,1,0,1,2,2,1,2,0,0,2,0,0,0,4,1,1,3,0,0,2,2,0,1,0,4,2,1,3,2,2,0,1,1,0,1,1,1,1,0,0,1,1,2,1,2,1,2,1,0,0,1,1,0,3,2,2,0,0,2,2,5,1,2,1,0,1,1,0,1,1,0,1,0,2,0,0,1,1,1,2,1,3,1,1,1,0,2,3,2,2,2,0,3,0,0,2,1,0,0,0,1,1,0,3,0,2,0,0,0,1,0,0,0,1,0,1,3,0,1,2,1,1,2,0,2,2,0,0,0,1,0,1,1,0,1,0,1,1,3,1,1,1,2,1,1,0,0,0,0,1,1,0,0,3,1,5,2,2,0,2,2,0,2,1,0,0,4,3,0,3,1,3,0,1,0,2,0,1,3,0,0,0,1,2,2,1,2,1,1,1,1,1,0,1,2,2,1,0,0,1,1,1,0,2,1,0,1,2,2,2,0,2,0,2,0,1,1,1,0,0,3,0,1,1,1,2,1,1,1,0,2,1,1
Gene283,0,0,0,0,5,0,0,2,1,0,0,0,0,2,1,1,1,3,0,1,0,2,1,1,2,1,0,1,0,1,0,1,1,0,1,2,1,3,2,1,1,3,4,1,2,1,1,2,0,0,1,1,2,3,1,1,0,2,1,2,1,1,2,1,0,2,0,2,1,1,1,0,1,0,0,1,0,0,0,1,1,0,5,1,2,0,0,2,2,1,0,2,2,0,0,1,2,0,1,2,4,1,2,0,1,0,3,0,0,2,0,2,0,1,2,0,0,0,3,1,1,2,0,1,4,0,0,2,0,1,2,0,2,0,1,2,1,1,0,1,0,2,3,2,1,0,0,1,1,0,2,0,0,2,1,1,2,0,0,0,0,0,1,1,1,0,0,0,0,1,3,1,2,1,1,1,0,0,0,1,2,2,2,1,0,0,1,0,2,1,0,0,1,1,0,0,0,1,0,1,3,2,0,1,1,0,1,2,0,4,2,1,1,0,2,0,0,1,1,3,0,1,1,0,1,3,2,2,1,3,1,2,3,0,0,1,0,0,0,0,2,0,0,0,2,0,1,2,1,2,1,0,1,0,0,0,0,0,2,2,0,2,1,2,0,0,1,1,2,1,0,0,0,2,0,2,2,0,3,2,1,1,0,0,3,1,1,2,2,0,0,2,0,4,1,0,1,0,0,3
Gene284,1,1,0,2,1,5,0,1,2,1,0,0,0,0,1,0,1,1,0,1,0,0,2,0,1,2,1,1,0,1,1,1,1,1,2,0,0,0,2,2,1,1,1,2,1,1,0,2,1,1,1,1,5,1,1,1,2,0,1,1,0,1,1,0,2,0,1,1,2,1,1,0,2,0,0,3,0,3,1,1,2,1,0,0,2,0,0,0,1,1,0,2,1,1,0,3,0,1,1,3,0,0,3,1,0,2,5,1,0,0,0,1,0,0,1,1,1,1,0,1,1,0,0,2,2,1,2,1,0,0,0,3,0,2,0,1,4,2,0,2,1,0,0,0,1,0,1,1,1,1,0,0,0,2,0,2,0,1,0,3,1,2,0,1,2,1,1,0,0,1,1,3,1,1,2,1,2,0,1,2,2,1,1,0,3,1,1,2,0,1,1,0,1,0,3,0,1,3,2,0,1,1,2,1,0,1,0,0,2,2,0,1,0,1,1,1,2,2,0,1,0,2,1,2,2,3,0,1,2,0,3,0,1,0,1,4,2,3,0,2,2,0,3,2,0,0,3,0,2,2,0,0,1,3,0,4,1,0,2,2,1,0,1,1,0,0,2,0,1,2,0,1,1,1,0,0,0,0,2,1,0,2,1,1,0,1,3,0,0,0,0,3,1,2,1,1,0,1,4,0
Gene285,1,4,1,4,1,1,1,2,1,1,0,0,1,2,0,1,1,2,2,1,0,0,2,2,2,2,1,0,2,2,2,1,2,1,0,1,2,0,0,1,1,1,0,2,2,0,1,1,3,0,2,3,0,0,0,0,0,1,0,0,0,1,0,1,1,0,2,1,3,1,1,1,1,2,0,1,1,0,3,1,3,6,1,0,0,0,1,0,0,1,0,0,0,0,0,1,2,1,0,3,0,1,1,1,2,0,2,1,0,2,1,0,0,1,0,1,0,2,1,1,0,2,1,2,0,0,3,2,0,2,1,1,3,2,1,1,0,1,0,3,0,5,2,2,4,4,1,2,0,1,2,0,1,0,2,0,1,0,1,0,1,2,1,1,0,2,2,0,3,2,0,2,1,2,1,1,0,0,1,1,2,2,0,2,4,2,1,0,0,0,2,2,3,3,0,2,1,0,2,0,1,0,1,1,2,1,0,0,0,2,2,1,1,2,1,1,0,1,2,0,0,0,2,0,1,0,2,1,0,1,0,4,1,0,1,1,0,0,0,1,0,1,0,1,0,3,0,1,1,0,0,1,2,2,2,2,1,0,1,2,0,0,0,1,0,0,0,2,2,0,1,1,0,1,1,2,1,1,1,1,0,1,0,1,1,1,1,1,1,1,1,0,1,0,0,0,0,0,1,2
Gene286,2,4,1,1,1,1,0,0,1,0,1,1,1,3,2,1,1,0,0,0,0,2,2,1,3,0,0,0,0,0,0,0,2,1,0,1,0,0,1,0,0,3,1,2,1,1,0,0,1,0,0,1,0,1,1,2,1,2,4,0,2,0,0,0,2,0,1,0,2,2,0,1,1,1,2,0,0,0,0,2,0,0,0,0,0,1,1,1,0,1,1,3,0,1,3,0,0,0,3,3,3,3,0,0,0,3,0,1,2,1,0,3,0,1,0,0,0,0,1,1,2,1,1,3,2,2,0,0,1,2,1,1,1,0,0,0,0,0,1,3,2,1,2,0,1,2,3,2,3,1,0,3,0,1,0,1,3,2,2,2,0,2,0,0,3,0,1,0,1,1,0,2,1,1,3,0,1,1,1,2,1,1,0,0,2,0,1,0,0,1,0,1,3,1,1,1,1,3,1,0,0,1,0,1,0,1,0,0,0,0,1,1,0,0,1,1,0,3,1,1,2,2,0,1,0,0,1,1,0,1,1,1,0,0,2,0,1,1,1,2,1,2,1,1,1,1,1,1,2,4,1,2,0,0,0,1,1,1,0,1,2,2,3,4,2,0,0,0,2,3,2,3,1,1,3,1,1,0,1,1,1,1,2,0,0,3,1,0,3,3,2,1,2,3,0,0,1,2,1,0
Gene287,2,2,4,1,2,3,1,1,3,3,2,2,0,1,0,1,1,0,0,0,0,0,1,2,1,2,1,1,0,1,2,2,0,1,3,2,0,1,0,0,0,2,1,3,2,2,1,2,0,1,3,1,2,0,0,0,1,1,1,1,2,1,1,1,2,0,1,1,1,1,1,1,0,1,3,0,0,1,1,0,0,0,0,2,1,1,0,1,1,4,0,1,0,0,1,1,1,1,1,0,1,1,0,1,2,0,2,0,1,1,0,2,0,0,0,0,0,1,1,1,1,0,0,1,0,0,1,1,1,0,2,0,1,1,0,0,0,0,3,0,1,1,0,0,0,2,0,0,0,0,1,1,2,1,2,0,1,2,0,2,1,1,2,3,0,0,1,1,0,0,2,0,0,1,0,1,0,2,1,0,1,1,0,4,0,0,3,0,1,0,0,3,1,3,0,0,1,1,1,0,0,1,0,1,1,2,1,0,3,0,0,3,1,0,0,1,1,0,0,2,2,0,0,2,3,1,0,0,1,2,0,0,0,3,0,1,2,1,2,3,0,1,1,0,1,1,0,0,0,0,2,1,1,0,5,3,2,1,3,0,0,0,0,1,0,2,3,1,2,1,1,1,0,1,0,0,1,0,1,0,0,0,1,2,0,0,1,1,1,2,0,1,1,0,0,0,1,2,1,0
Gene288,2,0,2,2,1,2,1,1,1,1,1,0,0,1,0,0,2,0,1,0,0,0,4,0,2,0,0,4,1,0,0,2,2,0,1,2,0,0,0,0,1,1,4,1,0,3,1,0,2,0,3,1,3,1,0,2,1,1,0,0,4,0,2,3,3,2,1,1,4,1,0,0,3,1,1,1,2,1,2,1,0,2,0,1,1,0,0,0,1,0,1,0,1,0,2,1,1,1,1,0,1,4,1,0,0,4,1,1,1,1,0,0,2,2,3,0,1,3,2,1,0,1,1,1,0,0,1,0,0,1,1,1,1,2,1,2,4,0,2,1,1,1,1,0,3,0,0,2,1,1,1,2,0,1,1,2,1,2,2,1,2,2,0,1,1,0,0,1,0,0,2,3,0,1,0,0,0,2,1,3,0,2,2,2,2,0,2,0,0,1,0,3,2,0,2,1,1,3,2,0,1,2,2,2,2,2,1,0,2,1,1,0,0,0,2,1,4,2,0,0,1,0,0,4,1,0,0,2,0,0,2,1,1,0,0,1,2,2,1,2,0,0,3,1,2,2,0,3,0,4,1,0,1,1,2,2,2,1,0,0,3,0,1,3,0,0,0,0,2,1,1,0,1,1,0,1,0,2,0,0,1,0,2,2,1,0,0,0,2,2,0,1,1,1,3,3,1,0,0,0
Gene289,0,2,0,0,0,0,2,0,1,2,0,2,0,0,2,2,1,1,2,3,0,1,0,1,1,1,2,2,1,0,1,0,1,0,1,2,2,0,2,2,0,3,0,1,1,0,0,3,1,2,0,3,0,0,2,0,1,0,2,0,1,2,0,0,2,2,1,1,2,0,0,1,1,1,2,0,0,0,2,0,0,1,0,2,2,1,1,0,0,1,1,2,1,1,1,1,0,0,0,0,0,2,0,1,0,1,1,0,1,0,1,0,0,1,1,0,0,0,0,0,0,2,1,0,1,1,2,1,4,1,1,1,1,0,0,1,1,0,0,1,1,2,0,1,3,5,0,4,1,1,0,0,3,1,1,0,1,0,1,0,1,0,1,0,1,4,0,2,2,0,2,1,0,0,0,0,1,0,1,1,1,1,0,0,3,3,2,0,2,2,1,0,0,1,2,0,0,1,2,0,1,0,0,1,1,0,1,0,1,4,1,1,0,2,1,1,2,0,2,0,0,0,2,2,0,0,0,2,1,0,4,0,1,1,2,1,0,2,0,1,1,2,0,2,0,1,0,3,0,0,0,4,2,0,0,2,0,2,0,2,2,1,2,0,0,2,0,1,0,3,1,2,3,2,1,0,1,1,0,0,0,1,1,0,2,3,1,1,2,1,2,2,1,0,2,0,1,1,0,0
Gene290,1,0,1,1,2,0,1,1,0,1,0,1,1,0,1,1,0,1,1,1,0,1,0,0,0,2,0,0,2,3,2,0,1,0,1,2,1,0,1,0,2,1,0,0,1,1,0,1,2,3,3,0,2,3,0,0,0,2,0,0,1,2,1,1,3,2,0,0,2,0,2,0,3,1,1,0,2,1,1,1,1,1,0,1,0,1,2,1,1,1,1,0,0,0,0,0,1,3,1,1,2,0,0,1,0,0,2,0,1,1,2,2,0,2,0,0,1,1,3,0,0,0,2,1,0,1,1,1,2,3,0,1,1,0,0,2,1,2,3,0,2,1,0,1,3,0,1,1,1,1,0,0,2,1,1,1,2,1,1,2,0,0,1,2,1,0,0,1,0,2,2,1,0,0,2,2,0,1,1,0,0,0,0,0,0,0,0,1,2,1,2,2,2,2,0,2,1,0,1,0,2,1,0,1,0,0,0,0,0,0,0,2,1,0,0,4,1,2,1,1,2,1,1,0,2,0,1,2,2,1,1,1,1,2,0,0,1,0,0,1,0,0,0,3,1,1,1,1,1,0,0,0,1,0,2,1,1,2,1,0,0,1,1,2,1,2,0,0,1,1,3,1,0,0,1,1,0,3,0,2,1,0,2,0,0,1,2,0,2,1,0,0,2,1,1,1,1,2,1,1
Gene291,1,1,1,4,2,0,1,3,1,0,0,1,1,2,0,1,0,1,0,1,1,0,0,1,2,1,1,0,0,0,1,0,2,0,0,0,4,2,2,0,2,1,2,1,0,1,0,0,0,0,0,1,1,0,1,1,0,2,2,3,0,0,1,0,0,1,0,1,0,0,0,0,3,2,1,4,0,0,1,1,1,1,0,1,0,1,0,2,1,1,0,1,0,2,1,0,1,2,0,2,0,0,0,1,0,2,0,0,2,3,2,2,4,0,2,0,1,0,0,1,1,0,1,1,2,1,0,1,2,1,3,1,0,2,1,0,0,3,1,1,0,1,0,1,0,0,1,0,0,2,1,1,1,1,2,1,1,1,2,1,0,1,0,0,0,2,2,1,3,2,0,2,3,0,0,0,0,0,1,2,0,1,1,2,0,0,1,1,1,1,0,2,0,0,3,0,1,1,0,0,2,2,1,1,0,0,1,1,0,2,2,0,2,0,0,4,1,1,2,2,1,1,1,2,0,1,0,1,0,0,1,1,1,1,0,0,1,0,0,0,1,1,1,2,0,2,1,0,2,0,0,2,2,2,1,0,1,0,1,1,1,0,1,2,1,1,0,0,1,1,3,1,0,2,0,1,1,2,1,3,1,2,1,1,1,0,0,1,2,1,2,0,1,3,2,0,0,2,1,2
Gene292,0,0,0,1,1,0,3,0,0,1,0,4,0,0,0,1,1,1,0,1,1,0,2,0,2,2,2,0,1,2,0,3,1,1,1,3,0,2,1,0,1,1,1,0,2,0,1,3,5,0,1,1,0,1,3,1,0,2,1,1,1,1,1,1,1,2,3,1,1,1,0,1,0,1,1,0,1,1,0,1,1,0,0,1,1,1,1,2,0,1,2,0,2,0,1,2,0,3,1,0,3,1,0,1,1,2,2,1,0,1,2,0,0,0,1,1,3,2,0,1,0,2,0,3,0,1,1,0,2,1,0,0,0,1,1,1,1,2,1,0,1,0,0,1,2,1,1,1,2,1,1,0,0,0,1,1,0,0,1,1,1,0,2,0,1,0,1,0,1,2,1,4,2,0,1,0,0,1,1,2,1,1,0,2,3,0,2,1,0,1,0,1,2,3,0,1,0,1,1,0,0,1,1,0,3,2,2,1,1,3,1,1,0,0,1,1,0,0,0,1,1,0,1,0,0,1,3,1,2,2,0,3,1,0,1,0,2,0,0,2,0,1,1,1,0,1,1,0,1,0,0,1,0,2,2,0,0,0,2,0,1,1,1,1,0,0,1,1,0,1,1,2,1,1,1,0,1,2,2,1,1,1,2,0,1,2,1,1,0,0,1,1,1,1,0,1,0,0,1,0
Gene293,1,2,2,2,1,0,3,2,0,2,0,0,1,1,1,1,0,4,2,0,1,1,2,1,2,1,2,2,3,1,0,1,0,1,0,2,4,1,3,1,2,3,1,0,0,2,2,0,0,2,1,4,2,1,0,1,2,1,1,1,1,3,1,2,0,1,0,1,0,4,1,1,2,0,0,0,3,0,0,1,0,1,0,0,1,0,0,1,0,1,0,1,1,2,0,0,1,0,1,3,1,1,2,0,0,1,1,2,2,2,3,2,2,0,0,0,1,0,2,1,2,1,2,2,0,0,2,3,3,1,0,1,2,1,1,0,0,3,1,1,3,1,0,1,2,2,0,1,3,0,0,2,1,3,1,0,0,1,0,0,1,1,1,1,0,3,2,1,1,0,1,0,0,1,2,0,1,1,1,0,0,1,0,0,1,0,2,1,1,0,0,0,2,0,1,0,0,1,0,1,0,2,1,1,0,1,4,0,0,0,0,2,1,0,0,0,1,0,1,0,1,2,0,0,2,1,1,0,2,0,0,0,0,0,0,1,2,0,1,2,3,0,0,3,1,2,2,1,1,0,2,1,2,1,0,1,2,1,2,1,2,1,0,4,2,4,2,2,1,0,0,0,1,1,2,0,0,1,2,1,2,0,0,1,0,1,3,1,1,2,0,0,0,1,2,1,0,1,0,1
Gene294,1,0,1,1,0,0,1,1,1,0,1,2,0,1,1,0,1,2,1,0,1,0,0,2,2,3,1,1,1,0,1,1,2,0,2,2,1,1,0,1,0,1,2,1,0,0,0,0,4,1,1,0,1,1,0,0,0,1,2,0,3,0,0,2,0,0,3,0,1,3,1,1,2,5,0,1,4,0,1,1,3,2,0,1,3,2,1,0,0,0,0,4,4,0,1,0,2,1,1,0,2,2,1,0,2,3,0,0,0,0,1,2,0,0,0,1,0,0,1,1,0,1,1,1,0,0,0,1,0,3,2,0,1,0,0,0,1,0,0,3,2,0,1,2,0,0,0,1,1,1,2,2,0,1,0,0,0,0,1,4,1,0,1,0,0,3,2,0,2,0,0,4,2,2,0,0,0,1,0,1,0,0,1,0,0,1,0,1,0,1,0,3,1,0,0,0,1,1,1,1,2,0,1,1,4,2,1,3,3,0,1,2,0,2,1,1,0,2,1,1,1,2,1,1,0,0,2,1,0,3,3,1,2,4,1,0,1,0,0,1,1,1,1,0,0,0,1,4,1,2,2,1,1,0,1,3,0,1,2,1,4,0,3,1,1,1,1,0,0,1,1,1,1,1,1,1,0,1,1,0,0,0,1,2,0,1,1,0,1,2,0,3,2,1,1,2,2,3,1,0
Gene295,1,0,0,3,2,0,0,1,1,1,2,1,1,1,0,1,3,1,2,1,0,4,3,1,0,1,1,2,1,0,2,1,2,1,3,1,3,0,1,0,1,0,1,1,1,1,0,2,1,1,2,1,1,1,3,0,1,0,2,0,1,1,1,0,2,2,1,0,2,1,0,3,1,1,0,1,2,1,1,1,1,1,0,2,3,0,2,2,0,2,0,2,4,1,1,2,1,2,0,0,0,2,1,0,0,1,1,2,2,1,2,2,1,0,0,2,0,0,1,1,1,1,0,1,3,4,4,0,0,0,0,1,0,1,1,1,2,2,0,3,1,0,2,0,0,1,0,1,0,1,0,0,0,1,3,2,0,1,1,1,0,1,0,2,0,1,0,4,0,1,2,0,1,1,0,0,1,0,1,3,0,0,1,2,1,2,1,0,0,0,0,1,2,1,0,2,1,0,0,0,0,0,1,0,0,1,0,1,0,1,2,1,1,2,0,0,0,1,2,1,1,1,1,0,1,0,1,1,0,1,2,0,0,0,0,1,3,1,1,2,0,2,2,1,0,1,0,1,0,0,0,1,0,2,2,2,2,1,3,0,0,1,2,0,1,2,0,1,0,1,0,0,1,0,0,2,0,0,0,2,0,0,1,0,2,0,3,0,2,0,1,2,1,0,2,2,0,2,4,2
Gene296,1,2,2,1,0,0,0,2,0,2,0,1,0,1,2,0,0,1,1,0,0,2,0,2,0,2,0,0,2,1,1,1,3,1,1,1,0,3,0,1,0,1,2,1,0,1,0,2,1,1,1,0,3,1,2,0,0,1,1,1,2,0,0,0,0,0,0,2,1,0,0,0,1,2,0,0,0,0,0,0,3,0,0,1,0,1,1,0,2,0,1,1,1,1,0,0,1,1,2,0,2,0,0,0,1,2,1,1,0,2,1,2,2,1,0,0,1,2,0,0,2,0,2,1,0,0,1,0,1,1,2,0,1,1,3,2,1,0,1,0,2,0,1,1,0,2,2,0,0,0,1,1,1,2,2,1,1,0,0,1,1,1,0,1,0,2,0,2,2,2,1,0,0,0,0,2,1,1,3,0,0,1,0,0,1,0,1,0,2,0,2,0,3,0,1,1,1,0,0,0,1,0,2,0,1,0,0,0,1,0,0,0,1,1,0,1,1,1,1,0,0,0,1,1,0,0,2,2,1,2,2,2,3,1,3,1,2,1,1,1,1,1,4,1,0,3,1,0,2,1,1,1,0,0,2,2,3,2,2,1,0,0,1,2,1,0,1,3,2,1,1,0,1,0,1,0,0,2,4,4,0,2,1,1,1,0,1,0,0,1,2,1,0,1,3,1,3,2,1,3
Gene297,1,1,0,1,0,0,1,2,1,1,3,0,1,0,0,0,2,1,1,2,2,1,0,1,0,0,1,2,2,0,2,1,1,1,3,1,1,0,0,0,1,0,2,1,0,1,2,1,0,2,0,1,2,0,1,0,1,0,0,0,1,2,2,0,1,3,1,1,2,0,0,0,1,1,2,1,0,1,0,0,1,2,1,1,2,1,3,0,1,2,4,2,1,0,1,1,4,0,0,6,2,2,1,2,1,2,3,4,1,1,0,1,0,1,0,2,0,1,0,3,2,2,2,1,0,1,1,2,2,0,1,0,0,2,2,1,1,0,3,1,1,0,1,0,2,2,0,0,0,0,0,0,2,1,0,2,2,0,0,1,1,1,0,0,0,0,1,1,1,0,0,0,2,2,1,0,1,1,1,0,1,1,0,0,3,2,1,0,1,2,3,1,1,0,1,1,0,0,3,2,2,0,0,1,1,3,0,2,0,0,0,2,1,0,0,0,5,0,1,0,3,0,0,0,2,1,2,0,2,1,2,3,0,1,1,1,3,0,1,1,4,3,1,0,1,3,1,0,3,2,1,1,0,2,0,0,1,0,1,0,1,0,3,0,1,1,2,2,0,0,3,1,0,3,0,1,4,1,1,1,2,0,0,0,1,1,2,1,0,0,1,2,1,2,1,0,2,0,2,2
Gene298,1,1,1,2,1,0,2,0,0,0,1,0,0,1,3,2,1,1,2,0,0,2,3,1,1,0,1,1,0,1,1,0,2,3,0,3,0,0,2,3,4,0,2,5,0,3,0,2,1,2,0,1,0,1,0,2,1,1,0,0,1,1,1,0,0,0,1,0,1,2,1,0,1,0,1,2,2,0,1,2,0,1,2,2,1,2,1,1,2,1,4,0,1,1,2,0,0,1,1,1,1,2,0,2,0,0,0,0,0,2,1,2,0,0,0,0,1,4,1,0,0,0,0,0,0,2,4,0,0,1,3,1,1,0,1,0,1,0,0,0,2,0,1,2,1,0,1,1,0,0,1,2,0,0,0,1,1,1,0,1,0,1,1,2,1,0,2,0,2,0,1,0,1,0,2,2,0,3,0,1,0,0,0,1,0,0,1,0,5,1,2,3,1,0,2,1,1,2,1,0,0,1,1,0,2,1,2,2,0,0,0,0,2,0,0,1,0,1,0,0,2,4,1,1,1,2,2,1,3,1,1,1,1,1,0,3,1,1,3,2,1,0,1,0,0,1,0,0,3,2,5,0,0,1,4,1,4,1,0,0,0,0,1,1,1,3,2,0,0,0,1,1,0,1,1,0,1,1,0,0,0,0,0,0,0,0,3,3,0,0,0,1,0,1,1,0,0,1,1,1
Gene299,1,0,1,1,0,0,2,1,1,1,0,2,1,1,0,0,1,1,1,0,1,2,0,2,0,1,0,1,3,0,2,1,0,3,1,0,0,1,1,0,1,1,1,0,2,1,0,0,0,0,1,3,2,1,1,2,1,0,1,1,1,0,0,2,0,0,0,2,2,0,3,0,1,2,0,0,1,2,0,0,1,1,1,2,2,1,1,1,0,2,1,0,0,0,0,3,0,0,0,1,0,0,0,1,0,3,2,2,2,0,1,1,2,0,0,2,2,0,0,0,1,1,0,0,1,1,2,1,2,2,1,1,2,3,0,1,3,1,1,1,1,1,2,2,1,0,0,0,0,0,1,1,0,0,1,1,1,0,1,0,1,0,2,1,0,4,3,0,0,2,3,1,0,0,0,1,0,2,1,1,0,1,1,1,1,1,0,2,0,0,0,0,1,1,2,2,2,1,2,2,3,1,0,0,1,0,0,1,0,2,0,3,1,1,0,1,2,1,0,1,1,3,0,2,0,0,0,0,1,1,0,1,1,0,0,1,0,3,3,2,2,1,0,1,0,1,0,1,1,1,2,0,1,0,0,1,0,2,1,0,0,0,1,2,1,2,1,0,0,2,0,0,2,2,1,1,0,2,1,0,2,1,4,2,1,0,0,3,0,2,1,1,1,2,0,1,0,2,0,0
Gene300,0,2,2,1,3,2,0,0,0,1,3,1,1,0,2,0,3,0,1,1,0,0,0,1,1,0,1,0,2,1,3,3,3,1,1,3,1,0,3,0,1,2,1,2,1,0,0,2,3,0,1,0,3,1,2,2,0,1,1,0,0,2,2,1,0,1,2,1,1,1,1,0,2,0,2,2,2,3,0,1,2,0,1,2,1,0,1,1,1,0,2,1,0,1,0,3,0,1,1,3,2,1,1,0,1,0,3,2,1,0,1,1,0,4,2,1,0,0,2,1,1,1,1,1,0,1,0,0,1,0,1,0,2,0,3,1,0,1,1,3,0,1,2,0,4,2,1,1,0,2,2,0,0,1,2,1,0,1,3,1,2,0,0,0,0,0,1,2,2,0,1,1,2,1,1,2,2,1,0,1,1,0,1,0,0,4,1,1,3,1,1,0,2,0,1,0,1,0,0,0,0,1,0,1,2,1,3,4,0,2,2,0,0,1,2,2,2,1,0,0,2,1,1,4,1,0,0,0,1,1,0,0,3,0,0,1,2,2,0,0,0,1,2,0,0,3,1,2,1,1,1,2,0,0,0,1,2,0,1,0,0,1,0,3,0,0,1,0,0,1,0,3,0,0,1,0,1,1,2,1,1,1,3,4,1,1,0,0,1,0,1,0,1,2,0,0,1,2,1,0
Gene301,2,1,1,2,1,1,0,0,1,1,1,3,0,0,1,1,2,1,3,2,0,0,1,2,0,1,0,0,1,1,1,2,0,0,0,1,0,1,1,2,2,2,2,4,0,2,0,0,1,1,1,0,3,1,1,1,2,1,0,1,1,1,0,3,1,0,0,1,3,1,1,3,0,2,1,0,0,1,1,3,1,1,4,1,0,0,1,1,1,1,1,2,3,0,2,2,0,0,1,0,1,0,2,1,2,1,1,2,1,0,1,0,0,1,3,0,1,0,2,1,0,1,1,2,6,2,2,1,3,0,0,0,0,2,3,3,1,1,3,1,2,0,0,1,0,1,1,2,0,3,0,1,1,2,0,2,1,0,4,0,2,3,3,2,1,1,0,2,0,2,0,3,0,1,1,0,1,2,1,2,1,1,0,1,2,0,1,2,1,0,2,2,0,2,2,0,0,1,0,1,2,1,0,3,1,0,1,0,3,2,2,3,4,2,0,0,0,1,2,0,3,3,0,0,1,0,0,1,3,1,2,1,3,0,1,3,0,0,2,0,1,0,0,0,0,2,3,1,2,1,4,0,3,0,1,0,1,0,0,3,0,1,0,0,1,2,0,0,0,0,0,1,0,0,0,0,1,0,1,1,1,0,2,3,0,1,2,1,0,0,1,1,2,1,1,0,0,4,1,1
Gene302,1,1,1,0,1,0,2,0,1,0,1,0,0,0,1,3,2,0,2,1,0,0,0,3,0,0,0,2,1,4,3,0,1,1,1,0,0,1,1,0,1,0,1,0,0,0,2,0,2,1,1,1,2,1,1,0,0,0,2,1,1,1,1,3,2,0,1,1,0,1,1,2,1,2,0,1,0,4,1,1,0,0,0,0,2,2,1,0,0,0,1,2,2,2,0,0,3,0,0,0,1,0,1,0,2,1,0,2,0,2,0,2,0,3,0,2,2,0,2,3,3,1,0,1,1,0,1,0,1,0,2,0,0,3,1,0,1,2,2,3,0,0,0,1,2,1,2,1,1,1,1,4,1,3,2,1,1,1,0,0,0,0,2,0,1,1,1,1,1,1,1,2,4,1,1,1,1,2,0,0,3,1,3,0,3,2,0,1,2,0,1,0,1,2,1,2,0,1,0,2,0,0,2,1,0,2,3,0,1,2,1,2,1,0,3,3,4,1,0,0,1,0,0,0,0,0,2,0,1,1,1,0,2,1,1,0,0,3,2,2,1,0,1,1,3,1,1,0,1,2,1,2,0,1,0,1,0,2,2,1,2,0,2,0,2,1,2,0,1,2,1,1,1,0,2,0,1,2,1,1,0,0,1,2,4,1,1,0,1,1,2,1,0,1,2,0,1,0,1,0
Gene303,2,1,1,0,1,1,1,3,0,2,0,0,0,2,2,2,0,1,1,1,1,2,1,1,4,0,3,1,5,2,0,2,1,0,2,2,0,0,2,1,0,1,3,0,2,1,1,0,1,2,0,0,0,0,1,0,1,1,1,1,1,3,0,0,2,2,1,2,1,2,1,0,0,0,0,3,1,0,0,0,1,3,3,2,1,0,4,3,1,0,1,1,2,1,0,1,0,1,1,0,1,0,1,0,2,2,1,1,1,0,1,0,2,1,0,3,3,1,1,1,2,1,0,1,0,0,0,2,2,2,1,4,1,1,1,0,2,2,2,0,0,1,0,0,0,1,1,0,1,5,0,0,0,2,0,0,0,1,2,1,1,4,1,0,1,1,0,0,2,0,2,1,2,1,1,1,1,2,0,0,0,1,1,1,1,0,1,1,0,4,4,0,2,0,0,1,1,3,1,2,0,0,2,3,1,0,0,0,1,0,1,1,0,0,2,2,2,1,0,0,4,0,0,1,0,0,2,0,3,3,0,1,1,1,0,1,0,0,1,2,2,0,3,0,0,0,0,2,1,1,1,1,0,1,0,1,0,1,3,1,1,0,0,3,1,0,2,0,2,1,1,0,0,0,0,0,1,1,0,1,0,0,1,0,1,2,2,1,0,1,0,1,2,1,1,1,1,0,1,0
Gene304,0,1,0,1,1,0,2,1,1,0,0,0,1,1,2,1,0,0,0,2,1,3,2,0,2,0,0,2,1,2,1,4,3,1,0,1,2,1,1,0,2,0,0,0,0,1,1,1,1,0,2,2,0,1,0,0,1,2,0,1,1,0,0,3,2,2,1,3,0,0,1,1,0,1,2,3,0,1,0,1,0,0,0,0,3,1,0,1,1,2,1,3,1,3,1,1,0,0,2,1,0,0,0,0,0,0,1,1,0,5,2,1,2,4,0,2,0,2,2,0,0,3,1,0,0,2,1,0,1,1,0,2,0,1,2,2,1,3,1,1,2,3,1,2,0,0,2,1,0,0,2,1,0,0,1,1,1,1,1,1,1,0,0,4,0,2,0,3,0,0,1,0,1,1,2,1,1,0,1,0,0,0,3,1,0,1,2,2,0,0,0,0,0,1,3,0,0,1,3,1,0,2,3,1,0,1,1,1,1,1,1,1,1,1,0,1,1,0,0,1,0,3,0,0,1,0,0,1,0,2,1,1,1,2,2,0,1,1,1,0,0,2,0,0,2,2,3,2,2,0,3,0,1,3,0,0,0,1,2,0,2,0,0,2,0,1,0,3,0,1,0,2,1,1,2,1,0,1,0,1,1,0,2,0,0,3,1,0,0,0,2,1,1,0,2,0,1,0,0,0
Gene305,3,0,2,1,0,2,2,3,0,2,0,0,2,2,2,2,2,1,1,2,1,2,1,3,2,1,0,1,0,1,0,1,1,1,0,3,1,1,0,3,0,2,1,2,1,2,2,1,1,1,1,0,1,1,0,2,0,0,1,1,1,1,0,1,3,1,1,0,0,0,1,0,0,0,0,0,0,0,1,1,2,1,1,2,0,0,0,0,0,1,1,1,0,1,0,0,0,0,1,0,0,2,1,0,0,1,1,0,3,1,0,1,0,3,2,0,3,1,0,0,2,0,0,1,1,1,1,2,1,1,0,0,1,3,0,0,0,0,1,1,2,0,0,0,1,1,0,3,1,1,2,1,1,1,0,1,0,2,1,2,1,0,2,0,1,3,2,0,2,0,0,1,2,0,0,1,0,1,0,1,0,1,1,1,2,0,1,2,0,1,2,2,0,1,1,0,1,1,0,0,0,0,0,2,1,0,0,1,1,1,3,1,1,2,3,0,0,0,0,0,1,2,0,1,0,0,0,1,0,2,1,1,0,0,2,1,0,4,1,1,2,0,2,0,0,1,1,0,3,0,1,0,0,1,1,1,3,3,0,1,3,0,3,0,1,2,2,1,1,1,1,2,1,0,2,0,1,2,0,0,0,2,1,2,0,0,1,3,3,2,1,2,1,2,1,0,0,2,1,1
Gene306,0,3,1,1,1,1,0,1,0,2,0,0,1,2,0,1,1,0,0,1,0,2,1,0,1,1,0,1,0,1,1,0,0,1,0,0,1,2,0,3,1,1,0,0,2,1,0,1,0,2,2,1,0,0,0,0,1,1,0,0,1,0,4,1,2,2,0,0,3,1,2,1,0,0,2,1,2,1,1,1,0,2,0,1,2,2,0,1,0,0,0,1,1,0,1,1,1,2,1,0,1,1,1,1,4,1,2,4,0,0,1,1,2,0,2,1,3,1,1,3,0,0,1,1,0,2,1,0,0,1,0,1,0,1,1,2,0,1,1,1,0,2,0,0,0,1,0,1,1,1,1,0,0,2,1,0,1,3,1,2,0,2,4,0,0,0,0,0,1,0,0,1,0,2,3,0,2,1,0,1,1,0,0,0,0,0,0,1,0,1,0,0,0,0,1,2,1,0,1,0,1,0,0,2,1,1,1,0,1,1,1,2,0,0,0,1,3,1,0,1,0,2,0,3,3,1,0,4,1,0,0,0,2,3,1,0,0,1,0,1,1,0,1,0,1,0,1,1,0,0,0,2,0,2,0,0,0,0,1,2,2,1,1,0,0,0,0,0,1,0,1,0,2,0,2,0,1,6,2,0,1,1,1,0,0,1,1,1,1,1,3,0,0,2,0,4,2,1,2,1
Gene307,2,2,1,0,1,2,0,1,1,0,1,1,0,3,1,1,1,1,2,0,2,1,1,1,1,0,0,0,3,1,0,1,0,0,2,3,0,1,0,2,0,1,1,0,0,1,1,2,1,2,1,1,0,2,4,1,1,0,2,1,0,2,0,0,0,0,1,2,0,0,0,0,1,0,0,2,0,0,1,0,1,1,0,1,1,0,1,0,1,2,0,0,2,1,0,3,2,0,1,0,0,2,0,1,1,2,2,2,1,0,0,1,1,3,2,0,1,1,0,0,2,2,4,1,0,3,0,2,1,3,2,0,0,0,0,0,2,0,0,1,1,0,3,2,0,0,1,0,0,1,1,0,1,0,1,1,1,0,1,2,0,2,0,0,0,0,2,1,1,0,1,1,2,0,2,1,0,1,0,2,0,3,0,0,0,1,1,1,1,2,1,1,2,2,4,1,1,1,1,1,2,1,3,0,1,0,1,2,2,1,0,1,2,0,0,1,1,2,2,0,0,2,0,0,1,0,0,1,2,1,0,2,0,1,1,1,0,1,1,0,1,0,0,0,2,1,1,0,2,1,0,3,0,1,0,1,1,0,0,1,1,0,0,0,1,1,0,1,0,1,1,1,1,0,0,0,3,0,2,0,0,3,0,0,1,4,2,1,1,2,0,1,1,0,0,1,0,0,0,1
Gene308,1,2,1,0,1,1,0,3,1,5,0,1,1,0,0,0,1,2,0,0,1,0,0,0,0,0,2,1,1,2,1,3,0,1,0,2,3,0,1,1,2,1,1,1,2,0,0,0,5,0,1,1,1,2,0,0,1,0,3,0,3,4,2,4,2,1,0,2,0,2,1,0,0,1,0,0,2,0,0,0,0,2,1,1,1,0,2,0,0,3,2,1,0,1,0,0,0,1,0,0,0,2,2,2,0,1,1,1,0,1,1,1,2,1,1,1,0,0,0,0,1,1,0,1,3,1,1,1,1,2,2,3,3,2,1,1,0,1,0,1,1,1,0,1,2,0,2,1,3,1,2,0,1,0,2,2,2,2,0,3,0,2,1,1,1,0,3,1,5,0,2,1,4,2,0,1,1,0,0,1,1,3,0,1,1,0,0,0,0,0,0,0,0,0,2,0,1,0,0,0,2,3,2,0,0,1,1,0,1,1,1,0,3,0,0,0,1,0,0,1,2,1,1,0,2,0,1,0,1,0,3,1,1,1,0,2,1,0,2,1,0,2,3,1,0,0,1,0,0,2,1,4,0,2,0,4,2,4,1,2,0,0,1,2,4,1,0,2,0,0,1,1,1,3,0,0,0,0,2,0,0,3,0,0,1,2,3,1,0,3,0,0,1,0,0,2,1,1,1,0
Gene309,0,0,3,0,1,2,1,1,1,3,0,1,0,0,1,0,1,1,0,0,3,1,1,1,2,0,0,0,1,0,0,2,0,1,1,1,0,0,4,1,1,0,1,0,2,0,3,2,1,0,2,1,2,3,1,1,0,1,0,1,1,0,4,2,1,2,0,0,0,0,2,1,0,2,3,1,2,0,2,3,1,1,0,2,1,0,2,3,1,1,1,1,0,0,1,0,2,0,2,1,2,0,1,0,4,1,1,1,2,0,0,1,0,3,0,1,1,1,2,0,3,0,1,1,0,1,2,0,2,0,2,1,2,1,0,2,0,3,0,2,0,0,0,0,0,2,1,0,0,1,1,2,0,1,0,1,2,1,2,1,0,2,2,2,1,1,0,0,4,2,3,3,0,0,2,2,2,1,1,0,0,0,0,0,1,1,1,0,0,0,2,3,2,1,0,1,1,0,3,1,1,1,1,1,3,0,1,1,0,1,0,0,3,0,0,2,0,0,1,1,1,0,2,0,3,0,1,2,2,2,1,0,4,2,1,0,0,1,1,2,0,3,0,1,1,2,2,1,0,0,1,3,0,2,1,0,0,0,1,3,0,1,1,0,2,2,0,2,0,3,2,3,0,1,3,3,0,0,1,3,1,1,2,1,0,1,1,0,0,0,1,1,1,1,1,1,0,2,0,0
Gene310,2,0,1,0,0,1,0,1,5,2,2,1,1,1,1,1,2,2,2,0,1,2,3,0,2,0,0,2,4,2,0,1,0,0,1,2,2,1,0,1,1,0,1,0,3,0,0,1,1,0,1,0,0,0,1,2,0,2,3,1,1,0,1,0,1,3,3,1,2,2,1,0,1,2,2,2,3,1,1,1,0,1,1,2,1,2,3,1,1,1,2,0,1,0,1,0,0,1,0,1,2,1,2,2,3,1,0,1,1,2,1,1,2,0,0,0,1,3,0,2,0,0,0,5,0,0,1,2,2,0,0,0,0,1,0,0,0,2,2,1,0,0,0,1,1,2,2,0,2,1,1,1,1,3,0,2,2,3,0,0,2,1,2,1,0,1,1,1,3,1,1,1,0,0,0,0,1,0,3,2,0,0,3,1,0,0,0,2,0,0,2,1,1,1,0,0,1,0,1,1,2,3,0,2,2,1,3,1,1,0,2,2,2,0,1,2,1,2,1,1,1,1,1,3,0,1,0,0,0,1,0,0,3,2,1,0,0,1,1,0,0,2,1,0,1,1,2,3,2,2,0,1,1,2,2,1,2,2,1,2,1,1,1,0,1,0,4,1,2,0,0,1,2,1,1,0,0,3,1,0,2,0,0,2,1,1,2,2,3,1,2,1,0,2,0,4,0,0,2,2
Gene311,0,0,4,3,0,2,0,0,1,1,1,0,1,0,2,3,5,1,3,3,2,2,4,2,3,1,2,1,1,0,0,0,0,0,0,2,5,2,3,0,1,1,0,1,2,1,1,1,0,4,0,0,1,2,0,1,1,0,2,0,0,0,1,0,1,2,1,1,1,1,0,0,1,1,2,1,1,1,0,1,0,1,1,2,0,1,0,1,0,0,2,2,1,0,1,1,1,1,1,3,0,0,1,0,1,1,0,0,1,2,0,2,0,1,0,1,0,0,3,1,0,1,4,1,1,1,2,0,0,1,1,1,1,2,1,3,3,2,0,0,0,0,1,1,1,4,1,2,1,0,0,1,0,0,2,0,1,3,0,1,0,2,2,1,0,3,2,1,0,1,0,1,1,1,2,0,1,2,1,1,1,2,2,1,1,1,4,1,2,1,1,0,1,2,0,1,1,3,1,0,0,3,1,0,0,0,1,2,2,1,2,1,0,2,3,2,0,0,0,1,2,1,1,0,2,2,0,1,0,0,1,1,0,0,2,1,0,2,2,3,0,2,3,2,1,1,1,0,1,0,2,0,2,0,2,1,2,2,1,1,1,2,0,2,0,2,1,2,1,1,1,2,3,1,1,1,1,2,0,1,1,1,1,1,1,0,0,0,3,2,2,1,1,0,1,3,1,0,0,1
Gene312,0,0,2,1,1,2,0,1,0,2,3,0,0,1,0,1,2,2,1,0,1,2,3,0,0,0,1,0,2,1,0,1,1,0,1,1,0,3,0,1,1,4,1,0,1,1,1,3,1,0,1,1,0,1,2,1,0,1,2,2,0,1,1,4,0,4,1,0,1,0,0,3,1,2,1,0,3,1,0,0,2,2,0,1,2,2,1,1,1,2,1,2,2,0,0,2,0,3,1,1,0,1,0,2,2,0,2,0,3,0,1,0,1,0,3,1,1,1,1,0,1,2,0,0,1,0,0,2,0,0,2,1,2,1,1,0,1,2,1,2,1,3,0,1,1,2,1,0,0,0,0,2,0,1,0,1,1,0,0,2,0,0,0,1,0,1,1,1,1,2,0,0,1,2,0,2,0,2,1,1,2,3,3,0,0,0,1,1,0,0,0,0,1,1,1,0,1,1,1,0,0,0,2,1,1,1,1,0,0,0,0,1,2,3,4,1,0,1,1,1,0,3,0,0,1,0,1,1,3,0,5,1,0,1,2,1,1,2,0,0,1,1,1,0,0,1,0,0,1,0,1,0,1,1,1,0,0,0,3,1,2,0,3,0,3,2,0,0,1,1,3,1,2,1,0,1,0,2,2,1,2,1,0,1,1,1,0,5,2,0,1,0,0,0,1,0,0,0,0,1
Gene313,0,2,0,1,0,1,1,1,0,2,1,2,1,1,1,2,2,0,2,1,1,0,0,1,1,0,1,1,1,2,0,1,0,3,3,0,2,0,1,0,2,2,0,1,0,0,0,1,1,1,0,1,2,2,2,1,1,1,1,1,0,1,4,0,1,1,1,0,2,1,1,0,2,3,2,1,1,2,1,0,0,2,1,0,1,1,0,0,0,1,1,1,0,0,0,1,0,1,0,1,1,3,0,1,3,0,2,0,0,0,0,1,1,0,1,0,1,2,0,2,2,0,0,1,0,3,1,1,1,0,1,0,0,2,1,1,3,2,2,0,2,0,1,1,0,1,1,1,4,3,3,1,4,0,1,1,0,2,2,0,0,0,1,1,0,0,0,0,1,1,0,0,1,1,2,1,0,2,0,2,2,0,3,0,1,2,1,0,0,4,0,3,0,1,0,0,1,0,0,2,4,0,0,2,0,0,1,3,1,0,1,3,2,0,0,2,1,2,2,2,0,0,2,0,1,1,1,1,2,0,0,0,0,1,3,1,0,0,0,0,0,1,2,3,1,2,0,0,2,0,3,1,0,2,0,2,0,1,1,0,0,1,1,1,0,0,1,1,0,4,2,1,1,1,1,1,1,1,1,0,0,0,1,0,0,1,1,0,0,0,0,1,0,0,1,0,0,3,1,2
Gene314,0,1,0,0,1,2,0,4,1,1,1,3,1,1,1,0,1,1,2,1,2,1,1,0,3,1,0,1,2,1,0,2,1,0,2,1,0,2,0,1,1,0,1,3,1,1,0,1,0,2,0,0,0,1,1,2,0,3,1,2,0,0,1,1,1,1,0,1,1,2,1,0,1,1,1,0,0,1,0,1,1,1,2,0,0,0,2,2,0,1,2,1,0,0,3,0,0,1,0,0,0,0,0,1,3,1,2,0,4,0,1,1,1,0,1,2,1,5,1,1,1,1,0,1,1,2,0,1,0,1,0,2,2,0,1,2,3,0,2,4,1,0,3,3,2,1,0,0,0,0,0,2,1,0,3,1,1,0,2,1,0,0,2,2,2,3,1,1,6,1,0,2,2,0,1,0,0,0,0,1,1,0,4,2,1,1,0,1,0,1,3,2,1,2,2,1,0,1,1,1,1,1,0,0,3,1,0,1,2,1,0,0,1,1,0,1,1,1,4,0,1,1,2,1,1,0,0,0,0,2,1,2,4,1,1,0,1,1,1,0,0,2,1,2,0,0,2,1,2,1,3,1,0,0,1,0,1,1,0,0,1,2,2,0,0,2,1,1,3,0,2,0,1,1,1,2,1,2,1,0,2,3,3,1,0,0,0,2,1,1,1,3,2,0,2,0,1,1,0,1
Gene315,0,0,0,0,0,0,2,0,3,0,2,4,0,1,4,1,0,1,2,0,2,1,2,0,0,1,0,2,0,0,1,1,0,2,1,2,1,1,2,1,4,0,1,1,0,2,0,2,0,0,2,2,0,1,1,0,1,1,0,1,0,1,3,0,1,3,2,0,1,1,1,0,1,0,1,0,1,0,0,2,1,0,2,0,1,1,1,0,0,1,2,0,1,0,0,2,0,2,0,0,0,2,0,0,0,1,3,1,1,3,1,2,1,2,1,0,1,0,2,2,1,0,2,0,2,1,1,0,1,0,2,2,5,1,1,0,0,0,1,1,1,1,1,0,2,0,2,0,2,2,1,0,1,1,0,0,2,1,2,2,0,1,1,0,0,0,3,1,1,2,2,2,1,1,1,0,2,0,0,1,0,3,1,2,2,1,0,1,0,2,2,1,2,0,2,1,1,0,0,2,2,1,1,0,1,1,1,1,0,0,1,1,0,3,3,0,1,1,1,1,2,1,0,3,0,1,1,1,1,1,3,4,1,0,0,0,1,0,1,1,0,0,1,2,0,0,2,1,0,0,0,1,0,0,1,1,0,1,0,2,2,2,1,3,2,1,0,0,1,1,2,1,1,0,1,2,1,1,2,1,0,1,2,0,0,1,1,0,1,0,1,0,1,2,1,0,3,2,1,1
Gene316,1,1,1,0,1,2,1,0,3,2,0,0,0,3,3,3,1,0,1,0,2,1,1,2,1,1,1,0,2,0,2,2,1,0,3,2,1,1,2,1,1,3,2,2,2,2,2,1,1,1,1,0,1,3,1,3,3,0,0,0,0,0,2,2,1,1,1,1,0,1,2,1,0,2,0,0,0,1,0,1,1,0,1,0,1,0,3,1,1,2,2,4,2,0,0,2,0,0,0,2,0,1,2,0,0,1,4,1,1,1,1,1,1,2,0,0,1,2,1,0,0,0,2,0,1,1,0,3,0,0,0,0,0,0,4,1,0,3,1,1,0,0,0,3,1,2,0,1,0,3,1,0,0,2,0,1,0,1,2,1,0,2,0,1,0,0,2,0,3,0,0,0,1,3,3,1,1,2,4,1,0,2,2,1,1,1,2,0,0,1,1,2,0,1,2,0,1,2,0,1,2,0,2,0,1,0,1,1,2,3,1,1,3,2,1,3,3,4,0,0,4,0,2,3,1,0,0,0,1,1,1,0,1,0,3,2,2,1,1,0,0,1,1,0,3,2,1,0,1,1,0,1,1,3,0,3,1,1,1,1,1,0,0,1,0,1,2,1,1,0,0,1,2,2,1,0,1,1,0,4,1,2,3,4,0,0,3,2,0,3,1,0,1,0,0,3,1,3,4,0
Gene317,0,0,2,0,0,2,1,0,1,0,0,1,0,0,3,1,2,1,2,4,1,4,1,1,0,1,0,0,1,2,3,0,0,0,2,1,1,2,1,0,0,0,0,0,1,1,0,0,1,0,1,0,1,0,2,1,0,0,1,0,0,0,1,1,1,0,2,0,0,1,1,0,2,2,0,0,1,2,2,1,3,0,1,0,3,1,1,2,1,3,0,0,1,1,1,0,1,0,0,0,1,0,1,2,2,0,1,0,3,5,0,0,1,0,0,0,3,0,1,0,2,1,1,0,0,1,1,0,0,0,0,2,2,0,0,0,3,1,1,0,1,0,4,2,1,1,0,1,0,1,1,1,1,2,1,2,1,0,1,1,1,2,1,1,0,2,1,0,1,1,0,1,0,2,1,0,1,4,1,1,0,2,2,1,1,0,3,1,0,1,2,0,0,3,0,1,3,1,1,0,1,1,0,0,3,0,1,1,0,2,1,1,1,1,0,2,0,3,1,0,1,3,1,0,1,3,1,2,1,0,3,0,1,3,1,2,0,0,0,0,1,0,1,0,2,1,1,1,2,0,2,0,1,1,0,2,0,0,1,1,0,1,0,1,1,0,0,0,1,0,3,2,0,0,1,1,2,1,1,1,0,4,1,1,1,1,2,0,1,0,1,1,2,1,1,0,0,1,0,0
Gene318,0,1,0,3,0,1,0,0,0,1,1,0,1,0,0,2,0,0,1,1,2,6,0,0,2,0,1,0,2,1,1,1,0,1,1,0,0,1,1,0,0,1,0,0,1,2,0,0,1,2,1,1,1,2,2,1,0,1,3,0,0,0,2,0,2,0,0,2,0,1,1,1,2,2,2,1,3,0,3,0,2,2,0,2,1,1,0,1,1,4,0,2,0,1,0,0,2,1,2,1,1,0,2,1,2,1,0,1,0,1,1,3,1,1,1,0,2,2,1,0,0,2,1,3,1,3,0,1,1,1,3,0,0,1,0,2,1,2,0,1,1,2,0,0,1,1,0,1,2,1,5,1,0,0,0,0,1,1,0,1,0,1,4,0,1,3,1,0,2,1,1,2,0,1,2,0,3,1,2,0,0,1,1,3,1,0,1,0,1,1,2,2,0,2,1,0,0,0,2,2,2,0,0,1,1,2,2,0,3,0,0,1,0,0,2,1,0,2,3,1,1,2,1,1,2,0,1,1,2,2,1,0,0,1,2,1,1,1,2,2,0,0,2,0,2,1,2,2,3,2,2,1,2,1,1,0,1,1,0,1,1,4,1,1,0,2,0,1,0,2,0,0,1,0,0,0,0,1,0,1,0,0,0,0,2,1,0,1,1,3,0,0,2,0,1,1,0,2,1,2
Gene319,1,0,0,0,0,1,0,1,1,0,1,1,0,1,0,0,1,0,0,2,0,1,1,0,1,0,1,1,1,0,2,2,1,0,1,1,1,0,1,2,2,1,1,1,2,0,2,0,1,0,0,1,1,1,0,2,1,0,1,1,0,1,0,0,1,1,1,0,2,2,1,1,1,3,0,4,0,1,2,0,3,0,2,1,2,1,0,0,1,0,1,0,0,1,1,1,0,2,2,0,0,1,1,1,0,1,1,4,1,1,1,2,2,1,0,1,1,0,1,0,1,1,2,0,1,1,1,0,3,1,0,0,1,2,1,1,1,1,1,1,3,0,1,1,1,0,2,0,0,0,0,0,1,2,2,0,0,0,1,2,0,0,3,1,4,0,5,1,0,1,1,2,0,2,1,3,1,0,1,0,3,1,1,2,0,0,0,0,0,1,0,2,1,1,3,1,2,3,1,0,3,1,0,1,1,2,1,3,1,0,2,1,1,0,0,0,0,1,0,2,0,1,1,1,1,0,1,2,0,1,0,1,0,1,3,0,2,0,1,0,0,0,0,0,1,0,0,0,2,2,0,1,0,0,1,1,2,2,0,0,1,1,3,0,1,0,2,0,3,0,1,1,0,2,1,0,0,1,1,0,2,0,0,1,0,0,0,0,3,2,0,0,3,0,1,1,1,0,1,0
Gene320,2,2,2,1,0,0,2,1,0,2,0,3,3,0,0,0,3,1,1,1,1,0,0,2,1,0,0,1,0,1,1,2,1,2,1,2,1,1,0,0,0,0,1,0,0,3,1,4,0,0,0,2,0,1,2,0,1,0,2,0,0,0,0,1,0,1,0,1,0,5,0,1,0,1,3,1,1,1,4,0,1,1,1,0,0,0,1,3,2,0,1,1,0,1,1,2,0,1,0,0,2,1,1,2,2,0,1,1,1,3,1,0,2,0,1,1,2,1,0,1,1,4,2,2,2,2,2,1,2,1,2,0,2,0,0,1,1,2,1,1,1,0,1,0,1,2,2,1,3,0,0,0,0,0,1,1,1,0,4,0,0,3,0,1,1,1,0,1,1,0,2,1,1,1,1,0,0,1,1,3,1,1,0,1,0,1,0,1,1,1,0,0,0,1,1,1,0,2,0,0,0,0,1,3,2,1,0,2,0,1,2,0,1,2,2,0,0,0,1,0,1,0,1,0,1,0,0,0,1,0,0,2,3,0,1,1,3,2,3,2,1,0,2,2,0,2,0,2,3,0,2,0,0,0,0,0,0,1,0,0,2,1,1,4,2,1,0,1,0,0,0,0,1,2,1,1,1,0,1,0,1,1,1,0,2,0,1,2,1,2,3,1,1,0,1,0,0,0,1,2
Gene321,0,2,2,0,0,0,2,1,1,0,0,2,3,0,2,0,1,4,1,3,1,0,1,0,2,1,2,0,1,0,1,0,0,1,0,1,3,1,1,1,0,2,1,0,0,0,1,0,0,1,0,0,2,1,1,2,1,0,1,1,2,2,0,2,2,3,0,1,1,1,0,2,2,1,1,0,3,0,1,0,3,2,1,2,0,1,2,0,0,0,1,0,0,2,0,0,0,2,0,0,1,0,1,2,0,0,0,1,0,0,3,0,0,1,0,2,0,2,0,2,2,0,1,2,0,2,0,2,1,2,0,0,1,1,0,0,1,0,3,0,1,3,1,1,0,1,0,0,0,0,1,1,0,1,0,0,3,4,0,0,1,0,0,0,1,2,3,0,2,0,0,0,0,0,1,1,1,1,1,1,1,0,2,0,2,1,1,1,0,0,1,0,0,0,0,3,0,2,0,1,0,1,0,0,3,0,0,2,0,1,6,1,1,0,1,2,0,1,1,1,4,1,1,0,1,1,1,1,2,1,0,0,3,3,1,1,2,0,2,2,2,2,0,2,3,1,1,0,1,0,0,0,1,0,2,1,0,1,0,0,2,2,0,0,1,2,0,3,3,3,1,2,2,1,0,1,0,2,1,0,1,0,1,2,0,2,0,1,0,0,1,3,0,0,2,0,2,2,0,0
Gene322,1,1,0,2,2,1,1,1,5,1,0,0,0,2,1,0,1,0,1,1,0,0,0,2,0,1,0,1,0,1,1,0,1,1,1,1,1,2,0,0,1,2,0,0,1,1,1,0,0,0,3,2,0,1,1,1,0,2,0,1,2,1,1,2,1,1,1,0,0,1,2,0,3,0,1,1,0,0,0,2,2,1,1,1,2,1,0,1,1,1,0,0,1,0,1,0,1,1,0,0,1,1,1,0,1,0,2,0,0,0,0,0,2,1,1,1,0,2,1,0,1,0,0,0,2,0,1,0,0,2,0,1,2,0,1,2,1,1,2,0,1,1,1,1,1,1,0,2,2,1,0,0,1,1,1,0,1,2,0,1,0,2,0,1,0,1,2,0,0,0,0,1,1,1,0,0,0,0,2,0,4,3,0,0,2,1,0,4,3,0,0,0,0,1,1,2,2,1,2,0,1,1,1,3,1,1,0,2,1,4,2,1,1,1,0,1,0,0,0,1,1,1,0,0,0,0,1,0,2,1,1,2,0,2,1,0,0,0,3,0,1,1,1,1,2,2,5,0,0,2,1,1,0,1,0,1,1,0,1,1,3,1,2,3,1,1,0,3,1,0,2,1,1,2,0,0,1,1,1,0,0,0,0,1,2,0,1,1,2,1,2,0,1,1,2,1,0,0,0,2
Gene323,0,0,0,0,2,2,1,1,1,0,2,0,0,0,0,0,0,3,1,1,0,0,1,2,0,2,2,2,3,1,0,2,0,1,0,3,1,3,4,0,0,0,3,1,2,1,2,0,0,0,4,1,3,0,0,2,0,1,3,1,4,2,1,1,0,3,1,1,1,0,1,0,1,0,1,1,4,0,1,4,2,0,0,0,1,1,1,0,1,0,2,1,0,1,2,0,0,1,1,1,0,2,2,0,0,2,1,1,1,0,0,1,3,0,3,0,0,1,0,3,0,1,1,0,0,3,0,1,1,0,1,1,0,1,2,0,2,0,3,3,1,3,2,0,1,4,1,3,0,1,1,0,0,1,0,1,1,1,2,0,1,0,1,1,2,2,1,0,3,2,1,1,0,0,1,0,2,5,1,2,1,1,1,0,4,0,0,0,0,1,2,3,1,0,2,2,0,4,0,1,1,2,0,0,2,2,2,2,1,0,1,1,2,1,1,0,0,1,1,1,0,1,1,1,4,0,4,1,2,2,1,1,0,1,3,2,0,0,4,0,2,0,1,0,2,0,2,1,1,0,1,0,1,0,0,1,0,0,0,2,1,3,1,1,0,0,1,0,0,0,1,0,1,1,0,3,1,0,3,1,0,0,2,1,1,1,3,2,0,1,2,0,0,2,4,0,4,1,0,2
Gene324,2,2,0,2,0,1,0,1,2,0,2,1,2,1,3,2,2,2,0,0,0,1,0,3,0,1,0,0,2,0,0,0,1,2,4,1,1,1,1,0,1,0,2,1,1,0,2,0,1,0,1,1,1,1,1,2,1,1,2,1,0,1,0,0,2,0,0,0,0,0,0,3,2,0,0,1,0,0,1,0,1,0,4,1,0,0,0,0,0,2,2,2,1,2,0,1,1,3,0,1,1,1,1,2,0,0,3,0,0,0,0,1,0,0,1,1,0,1,0,2,2,1,0,1,3,0,0,2,0,0,1,4,0,2,1,3,2,1,1,0,0,0,1,2,0,0,1,0,2,0,1,1,0,2,0,2,0,1,1,0,1,2,2,1,1,1,1,0,2,2,0,0,2,0,1,1,1,0,0,0,1,5,2,1,0,2,1,1,0,1,0,0,0,2,2,1,0,1,1,3,0,1,0,1,1,0,0,2,2,0,0,1,1,0,3,0,1,1,0,0,2,0,2,1,4,0,4,0,0,2,0,2,1,1,1,0,1,0,0,1,1,1,0,4,1,1,1,1,1,1,1,0,1,0,4,0,2,0,1,0,2,1,2,0,0,2,1,0,1,2,3,0,2,3,2,0,1,1,0,0,1,0,0,2,1,1,1,1,0,1,0,1,0,0,1,1,0,2,1,0
Gene325,0,0,3,2,1,0,4,1,1,3,0,2,3,1,2,0,1,1,0,1,1,3,0,1,1,0,1,1,1,0,1,0,1,1,0,2,0,2,1,0,1,2,2,3,0,1,0,0,0,0,1,1,1,0,1,1,0,0,0,1,2,0,1,1,5,0,1,0,1,1,0,0,4,0,2,1,0,1,1,1,1,2,2,2,1,1,2,0,0,1,1,1,1,2,1,0,0,1,5,1,1,1,0,3,1,0,1,1,0,0,1,0,0,1,0,0,0,3,1,1,1,0,2,1,0,1,1,2,1,1,0,3,0,2,1,0,1,1,1,4,1,1,0,1,0,0,1,1,1,0,0,1,2,3,1,1,1,1,0,1,0,0,1,1,1,1,2,1,0,3,1,2,1,0,3,0,1,0,1,4,1,2,1,1,0,3,0,1,1,0,1,1,0,1,0,0,0,3,2,1,0,0,3,1,1,1,1,1,2,2,0,0,0,3,0,0,0,2,1,0,1,1,1,2,1,1,1,1,2,0,2,0,1,1,2,1,0,1,0,0,0,1,0,1,2,0,2,0,0,2,3,3,1,1,1,0,1,0,2,0,3,0,1,2,3,1,1,0,0,1,4,0,1,1,0,0,1,1,1,1,2,1,2,0,0,1,1,1,1,3,0,1,0,0,0,1,2,1,0,1
Gene326,0,0,0,1,0,1,0,0,3,2,1,0,1,0,2,0,1,1,0,0,1,0,2,0,0,0,1,0,1,3,1,2,0,1,1,2,0,1,1,1,1,0,1,2,2,1,0,2,1,0,0,0,1,2,0,0,2,1,2,0,1,2,0,1,0,1,1,2,0,1,1,1,1,0,0,3,0,0,0,2,0,2,1,1,0,0,2,1,4,1,2,1,0,2,0,0,3,1,1,1,1,2,2,1,1,0,0,2,1,0,1,1,1,0,2,1,1,3,0,0,0,1,2,3,0,2,1,0,1,2,1,0,1,1,2,1,4,3,1,1,2,2,2,3,0,1,1,1,3,1,0,1,1,1,2,2,2,2,1,0,1,1,1,0,0,0,0,1,2,1,2,0,0,0,0,0,2,0,0,1,1,0,2,2,0,0,3,3,2,2,0,1,0,3,2,3,4,3,0,2,0,2,1,0,1,0,2,0,0,2,0,2,1,2,0,1,0,0,2,0,3,0,1,0,0,2,1,0,2,0,0,4,2,0,1,0,1,1,1,0,1,0,1,0,1,0,2,1,2,2,3,1,0,0,0,2,2,0,0,0,2,1,2,0,1,4,0,0,0,0,0,2,2,0,0,0,2,0,1,0,0,2,0,1,2,1,2,1,0,1,1,2,0,1,1,0,1,1,1,1
Gene327,1,2,1,0,1,2,1,1,1,1,2,1,0,3,0,1,2,1,0,5,1,2,2,2,0,1,2,0,1,2,0,2,0,2,0,0,2,0,1,0,2,1,2,2,1,2,3,3,1,0,1,1,2,0,0,0,1,2,1,1,2,2,0,0,1,2,1,0,1,2,0,1,1,0,2,0,1,2,2,0,3,0,1,2,1,0,0,4,0,0,2,0,1,1,0,1,0,1,0,1,0,1,1,0,0,0,0,0,1,2,0,0,0,2,0,2,3,3,0,1,0,1,0,1,1,0,1,1,1,3,1,0,0,0,1,1,0,4,0,1,2,1,2,2,1,0,2,1,0,0,1,0,0,1,2,2,1,1,1,1,0,0,0,0,1,0,1,2,2,1,2,1,1,1,2,2,1,2,2,1,4,0,1,1,1,1,1,0,0,1,0,0,1,1,0,1,2,2,1,0,1,0,2,2,1,0,2,2,2,0,2,2,1,0,1,0,3,1,2,1,1,0,1,0,2,1,1,0,1,1,0,0,1,0,1,0,0,0,0,0,2,0,1,2,0,2,0,0,2,2,0,0,1,3,1,1,1,0,1,2,1,2,0,0,2,1,0,0,0,0,1,0,0,0,1,1,0,3,2,2,1,1,0,1,1,1,2,0,0,0,2,2,0,1,1,2,0,2,2,1
Gene328,1,2,1,2,0,1,1,0,1,1,1,1,0,0,1,0,1,1,1,1,0,0,2,0,1,0,2,1,1,4,0,0,0,0,0,2,2,0,1,0,2,2,0,2,0,1,3,2,0,0,0,0,1,2,1,0,0,2,0,2,2,1,0,0,1,1,0,0,0,1,0,0,0,0,1,0,1,0,0,0,0,0,1,0,1,0,1,0,1,2,1,0,1,1,0,1,2,2,1,0,4,0,0,2,2,2,0,1,0,0,0,1,0,1,1,0,0,2,1,1,1,0,0,1,1,1,1,0,2,0,1,2,1,0,4,0,0,0,2,0,0,2,1,0,2,2,1,0,6,2,0,2,3,2,0,3,2,1,0,0,1,0,1,2,2,0,1,0,2,0,1,1,0,0,0,1,1,0,3,2,2,1,0,2,2,1,0,1,0,2,1,1,2,3,1,1,2,1,0,1,2,2,1,2,1,1,4,0,1,1,0,4,1,1,2,1,0,1,1,1,2,1,1,1,1,0,0,1,2,0,0,0,2,1,2,1,1,1,2,1,0,0,0,1,2,1,1,0,2,2,1,1,1,0,1,0,3,1,1,0,0,0,0,0,0,0,0,1,0,2,0,1,2,1,1,0,2,1,2,0,2,1,0,1,1,1,0,3,1,2,0,2,1,0,2,0,1,1,1,3
Gene329,0,1,0,1,1,1,0,0,1,0,2,1,1,1,1,1,1,1,1,1,2,1,1,1,2,0,2,2,1,1,1,1,2,3,1,1,0,0,2,0,0,0,0,1,1,1,1,1,0,2,0,0,0,1,3,5,1,0,1,0,0,2,2,2,0,2,2,1,0,0,1,0,1,2,0,2,0,2,2,2,0,0,1,2,0,2,0,4,0,2,0,2,0,1,1,1,1,3,1,1,2,0,1,1,0,2,1,1,2,0,0,2,3,2,2,2,3,2,3,1,2,0,0,2,0,1,2,1,1,0,2,0,0,0,0,2,0,2,3,1,1,0,1,1,1,0,2,4,1,2,4,1,2,2,1,0,1,1,1,1,2,0,1,1,1,0,1,0,0,1,1,1,1,3,3,1,1,2,4,0,0,1,1,2,1,0,1,2,1,0,2,0,1,0,2,3,0,2,0,5,0,1,2,1,3,0,0,0,2,2,1,1,0,1,1,0,0,0,0,1,3,1,0,1,1,1,1,1,0,1,1,0,1,1,2,2,3,1,1,2,1,1,3,1,2,1,1,1,0,2,0,2,0,2,1,1,1,2,1,1,1,3,0,0,3,4,0,1,1,0,3,4,0,2,2,2,0,1,2,0,1,2,1,1,3,0,1,2,0,1,1,1,1,0,1,3,1,1,2,1
Gene330,0,0,0,0,0,1,1,1,1,1,1,1,1,3,0,2,1,0,4,1,1,0,0,1,1,2,2,1,1,0,1,1,0,0,0,2,1,2,1,0,4,1,1,2,0,1,2,4,4,3,2,3,0,0,2,0,0,0,1,1,0,0,0,0,0,1,3,0,1,0,0,0,1,1,0,2,1,0,1,0,1,1,1,2,1,1,0,1,1,1,2,1,0,1,2,0,0,2,2,1,1,3,1,2,0,0,1,1,1,3,0,3,1,2,2,1,1,1,1,1,1,0,1,0,1,0,3,1,1,2,1,1,2,2,0,1,0,2,0,0,2,3,1,3,1,0,1,0,1,1,2,0,0,1,1,2,0,2,0,2,1,3,1,2,1,1,0,0,1,0,0,0,3,0,0,0,0,1,1,1,0,1,0,1,1,3,3,0,0,2,1,2,2,0,1,2,4,0,1,0,1,3,0,2,0,0,2,1,2,2,1,1,2,1,0,0,0,0,0,1,1,1,1,1,1,2,0,2,2,0,0,0,0,0,0,1,1,0,3,1,1,0,3,1,0,0,0,0,1,4,3,0,1,0,5,0,0,1,0,0,1,0,0,2,0,2,0,2,0,2,1,1,1,0,0,2,2,1,1,0,2,1,0,0,2,2,0,0,3,2,1,0,1,0,0,0,0,2,0,0
Gene331,1,0,3,0,3,1,0,1,0,1,1,1,0,1,3,0,1,2,1,3,1,1,1,1,0,1,0,2,0,1,0,1,0,1,0,0,1,0,0,1,1,2,2,1,1,1,0,1,3,3,0,0,0,1,1,1,2,2,2,0,3,1,1,0,0,0,1,0,1,2,1,0,3,2,1,0,0,1,0,3,0,2,0,0,0,3,2,1,2,1,1,1,0,0,1,1,1,0,0,1,3,1,0,2,0,0,1,0,1,0,4,1,2,0,0,2,2,1,1,1,2,0,0,2,2,0,1,2,1,2,0,2,1,1,0,3,3,0,0,0,3,0,0,0,1,0,2,0,3,0,1,2,1,1,2,1,0,1,0,1,0,1,1,1,1,3,2,1,2,1,0,0,0,0,0,1,2,0,3,0,0,0,0,3,0,3,4,2,1,1,0,1,0,1,1,0,2,0,1,1,1,2,0,3,1,2,1,0,1,0,2,2,0,0,1,0,1,2,3,1,0,0,1,0,0,4,1,0,1,2,0,1,2,2,1,3,1,0,0,2,0,1,0,2,1,0,0,1,0,3,1,0,1,1,0,1,1,1,1,0,0,1,0,3,0,2,1,1,1,0,0,0,3,1,1,1,4,2,1,3,0,0,0,2,0,1,0,2,2,0,3,1,3,0,0,0,2,1,0,0
Gene332,3,0,2,0,0,1,1,1,2,1,2,0,1,0,0,1,1,1,2,0,3,4,0,0,2,0,1,0,0,1,0,1,0,0,0,0,2,1,0,1,1,0,0,3,1,1,1,3,3,2,1,0,0,0,1,1,1,1,1,3,0,2,1,2,0,3,0,0,0,0,1,1,1,0,2,0,1,1,0,2,1,0,1,3,0,3,1,2,0,2,1,0,1,1,1,1,3,1,3,1,3,3,2,0,2,2,1,1,3,0,1,0,0,2,0,0,1,0,1,1,0,1,0,0,2,0,1,0,3,1,1,1,2,2,1,0,1,0,2,1,1,0,1,1,2,0,1,1,0,3,0,1,1,1,1,1,2,1,0,0,1,1,0,1,1,1,0,0,2,1,0,0,1,2,1,0,1,1,0,1,1,3,1,0,0,1,0,0,1,1,0,0,0,2,1,1,2,0,0,2,1,1,2,2,0,1,0,1,2,0,1,2,2,0,1,0,2,1,1,2,2,0,1,0,1,2,0,0,2,0,1,0,1,1,1,1,1,0,2,1,3,1,1,0,0,2,1,0,1,2,2,2,0,1,1,0,1,0,1,0,2,1,2,2,1,0,1,2,0,0,1,0,1,0,1,1,1,0,0,1,0,0,3,0,2,0,1,0,0,1,0,0,1,0,0,0,0,0,0,1
Gene333,3,1,2,0,0,1,1,0,1,2,0,0,0,2,2,1,0,0,1,4,2,0,1,0,1,3,2,0,1,2,0,0,0,0,1,4,0,0,0,3,1,0,0,0,2,0,3,1,3,0,3,0,0,1,1,1,1,1,2,0,0,2,0,1,0,1,1,1,1,2,0,2,1,1,0,1,0,0,1,0,2,0,1,0,1,2,0,0,1,2,3,1,0,2,0,0,0,2,1,0,1,3,2,1,1,1,2,0,0,2,3,1,2,1,1,1,1,2,0,0,1,1,4,1,0,1,1,0,0,3,2,1,2,2,2,0,4,1,0,0,0,0,1,1,2,3,0,0,1,0,1,2,2,0,1,0,0,0,3,2,1,1,0,0,0,0,1,1,0,0,3,0,3,0,0,2,0,1,1,1,0,0,1,1,0,0,1,3,0,1,2,2,2,1,1,0,3,3,0,3,3,0,3,0,0,0,1,2,1,0,2,3,1,3,1,4,2,0,1,1,1,1,2,4,1,0,2,1,2,0,1,0,1,1,0,0,0,1,1,1,0,0,0,4,0,1,2,1,2,0,2,0,1,0,1,1,0,1,1,2,1,2,0,0,1,1,1,0,2,3,3,3,1,1,3,0,1,1,2,1,1,0,0,3,1,2,1,0,1,0,1,0,0,1,0,0,1,1,2,0
Gene334,2,1,0,2,2,0,3,2,1,2,0,2,1,1,1,1,1,0,0,2,2,2,0,3,3,0,0,0,0,1,1,2,1,1,1,1,0,1,0,1,0,0,1,0,1,0,1,0,4,0,0,0,0,1,1,0,0,0,1,1,0,1,1,2,1,2,3,4,1,0,1,1,2,1,3,0,3,0,3,2,1,1,0,0,0,2,0,1,2,0,2,1,1,1,3,1,2,3,0,0,0,0,0,1,1,2,1,1,0,0,2,0,2,1,0,2,1,3,0,0,2,0,0,0,1,2,0,1,1,0,0,0,2,6,0,1,0,1,0,1,0,1,1,0,2,0,1,1,0,1,0,0,1,0,3,1,0,1,1,0,0,0,0,0,1,0,0,1,2,1,0,1,1,0,1,1,0,0,2,0,0,1,1,0,0,0,1,0,1,3,1,1,2,0,0,0,1,0,0,1,0,2,1,2,0,2,1,2,2,0,3,2,0,0,3,0,2,0,1,2,2,3,2,1,3,0,2,1,0,0,0,1,0,0,0,1,0,2,2,0,2,1,0,0,0,0,3,1,1,1,3,1,0,3,1,1,2,0,1,0,1,4,1,1,0,0,3,0,0,3,0,3,0,0,0,0,3,0,0,0,0,0,0,0,0,0,0,2,1,1,0,3,1,2,2,1,1,0,0,0
Gene335,1,0,2,0,0,1,1,3,1,4,0,0,1,0,1,0,1,0,1,2,0,0,0,1,1,0,2,1,1,0,2,0,0,1,0,3,1,1,1,0,3,0,0,0,0,3,0,0,2,1,0,2,0,0,1,3,1,0,1,3,1,2,2,0,1,2,3,0,2,0,1,1,0,1,3,1,2,3,2,1,0,1,0,0,2,3,1,2,1,1,1,0,1,0,2,0,2,1,1,2,1,1,3,0,1,1,0,0,1,0,1,1,2,2,2,1,2,0,0,2,1,1,0,2,1,1,2,0,1,1,1,1,0,0,2,2,2,1,3,0,3,3,1,2,1,1,0,1,1,0,1,0,0,0,1,0,0,2,1,2,3,0,0,0,2,1,1,0,3,1,0,0,1,0,0,2,1,0,1,2,1,2,1,1,1,0,0,1,2,0,0,1,0,1,1,0,0,1,2,0,1,0,0,0,0,3,1,0,1,1,0,3,2,0,1,0,1,1,0,0,0,0,1,1,1,1,1,1,1,1,0,2,0,1,3,0,0,1,0,1,2,0,1,0,2,1,1,1,4,2,4,0,0,2,0,0,0,0,2,1,0,2,2,0,0,0,1,1,1,2,0,0,1,2,1,3,0,2,1,1,2,0,1,1,3,1,3,0,1,1,1,1,0,0,0,1,0,0,2,3
Gene336,1,2,1,1,0,2,2,2,1,2,1,1,0,1,2,1,2,1,0,1,2,2,2,1,0,2,0,2,1,0,1,0,0,0,0,0,0,3,0,2,1,3,2,1,0,1,2,0,0,0,3,1,2,1,0,0,1,1,0,2,0,1,3,1,1,0,1,2,5,1,0,1,0,0,2,1,3,0,0,2,2,0,0,1,1,2,0,2,0,0,3,2,0,0,2,1,0,3,1,0,2,0,2,2,1,3,0,1,0,1,0,0,0,2,0,0,2,0,3,2,0,0,1,2,1,0,0,1,1,0,1,1,1,0,0,0,0,1,1,1,0,0,0,1,0,1,0,0,1,1,1,1,0,1,3,3,2,0,2,2,2,0,1,1,0,2,1,0,1,3,0,2,2,1,1,0,0,0,2,0,0,1,2,0,1,2,2,0,0,0,3,1,0,0,0,1,2,1,0,3,0,1,0,1,1,1,0,3,2,0,0,4,0,1,4,0,0,0,0,0,0,0,0,3,3,1,2,0,2,2,0,0,0,1,0,3,2,1,2,1,1,4,1,0,1,1,1,2,0,1,0,3,3,3,3,0,0,2,2,2,3,2,2,1,1,1,0,0,0,3,2,1,1,0,1,0,0,1,0,0,1,1,0,1,1,2,0,0,3,0,1,2,0,1,1,3,1,0,0,1
Gene337,0,1,1,2,0,1,3,2,0,1,2,2,1,2,0,1,1,1,1,1,1,1,0,0,1,1,0,0,1,1,0,3,0,1,0,1,4,0,1,1,2,0,0,0,0,1,1,1,1,1,0,2,0,1,0,0,3,1,0,0,1,0,0,0,1,1,1,0,1,0,2,2,0,2,2,0,0,1,2,1,1,0,1,2,1,0,1,0,0,3,1,1,2,1,0,3,0,0,1,0,3,4,2,0,1,1,1,0,1,2,2,3,0,1,0,0,3,0,1,1,1,1,2,2,0,2,2,0,1,2,0,1,1,0,1,0,0,0,2,1,1,1,1,1,1,5,2,0,0,0,1,0,1,0,1,2,1,0,1,2,0,3,2,2,0,1,2,1,1,2,1,0,2,1,1,1,1,2,0,2,0,0,1,1,1,1,0,0,1,2,1,1,1,0,0,1,1,1,2,1,3,1,0,1,0,2,1,2,0,5,1,0,1,1,2,2,2,1,1,1,0,0,0,1,0,0,2,2,2,0,4,1,1,1,3,0,1,2,0,1,2,0,0,0,1,0,1,1,1,1,3,0,1,1,1,2,0,1,1,0,1,2,1,1,1,2,1,4,0,1,2,0,1,2,0,1,1,1,1,1,1,1,1,2,0,0,1,2,0,1,2,1,1,1,2,2,1,1,0,1
Gene338,0,0,3,1,0,1,1,1,0,2,0,2,1,1,2,1,2,0,1,1,1,0,0,1,1,1,0,1,1,0,0,1,1,1,1,0,0,2,1,1,0,2,1,1,0,1,3,0,2,1,0,0,0,0,2,1,1,1,2,2,1,1,0,3,0,1,0,1,1,0,1,1,1,2,0,1,3,0,0,1,1,3,3,1,2,0,1,2,2,1,0,0,2,1,1,1,0,0,0,0,3,3,2,2,0,1,0,0,1,1,3,0,1,1,0,2,1,0,0,1,0,2,2,2,0,0,1,1,2,1,3,1,0,1,1,1,1,0,3,0,1,0,1,1,3,1,1,1,0,2,1,0,3,0,1,0,0,2,1,0,1,0,1,1,0,0,0,0,1,2,3,1,0,0,0,0,0,0,1,2,0,1,0,0,4,2,1,0,1,2,2,2,1,1,4,2,0,3,1,2,0,0,0,1,4,0,1,0,0,1,2,1,1,1,0,0,1,1,0,1,1,1,1,1,1,0,2,0,0,0,0,0,0,1,2,1,0,1,1,1,3,2,1,0,0,1,0,0,1,0,3,0,1,1,1,1,1,0,1,0,0,0,0,1,1,2,0,0,1,1,0,0,1,1,0,0,0,0,5,2,0,1,0,2,0,0,0,0,0,1,1,0,0,1,0,1,3,0,1,0
Gene339,1,3,0,1,0,0,3,3,0,2,1,1,1,1,1,2,0,0,0,0,1,2,1,2,1,0,1,1,2,0,4,1,0,1,0,0,0,1,0,0,0,0,0,1,1,1,2,0,3,0,1,2,0,0,0,0,1,0,0,0,1,5,0,0,0,1,0,0,0,0,2,0,0,0,2,0,0,2,0,0,3,1,0,1,2,0,1,1,1,0,0,0,0,1,0,2,1,2,1,1,1,2,0,0,1,1,1,2,2,0,1,1,1,1,2,2,1,0,1,0,0,0,1,0,1,0,2,0,0,0,1,0,2,1,1,1,0,2,2,1,0,1,1,3,1,3,2,0,0,2,0,0,1,0,2,0,1,0,3,2,1,0,1,0,0,2,1,0,0,1,0,0,0,0,2,0,2,0,0,1,1,1,0,3,0,1,2,1,0,0,0,1,0,1,0,1,1,1,0,1,1,2,2,3,1,0,1,1,1,1,0,0,0,2,3,1,0,2,1,2,2,0,2,0,1,2,0,0,0,0,3,0,0,3,1,2,1,2,2,1,1,1,2,1,1,1,1,0,1,1,1,1,2,1,0,1,1,4,0,1,2,0,1,0,1,0,1,1,1,0,3,0,2,1,1,2,1,1,0,0,0,0,1,1,0,1,0,4,0,0,1,2,1,0,1,0,3,4,0,0
Gene340,0,0,4,1,0,2,0,0,1,2,0,1,1,4,2,0,4,0,1,0,0,0,2,0,1,2,0,0,1,2,2,1,0,0,0,2,0,0,0,1,2,1,2,1,2,0,2,0,2,0,1,2,1,2,2,2,0,1,1,2,0,0,2,0,0,2,0,2,1,0,0,1,1,2,1,2,2,0,0,0,0,2,1,2,0,0,1,0,0,2,1,0,1,1,2,0,0,2,0,0,3,0,1,0,0,1,2,0,1,2,3,1,2,2,0,0,0,0,1,3,1,0,1,0,0,2,1,7,0,2,1,0,0,1,0,2,2,1,0,0,4,2,1,0,1,1,0,2,0,1,0,1,0,1,1,0,3,1,0,1,1,0,1,0,2,2,1,1,0,0,1,0,0,0,0,1,0,2,2,1,1,0,1,1,2,2,0,1,1,2,0,0,1,1,0,2,2,1,1,0,2,1,1,1,0,1,1,0,2,1,1,2,0,2,1,0,0,2,1,0,0,1,2,0,1,0,2,0,0,1,2,2,0,1,2,0,2,3,3,2,0,1,1,1,0,0,1,0,1,1,0,1,0,1,0,2,2,0,0,0,0,0,2,0,1,2,0,0,1,1,0,1,0,1,0,1,2,3,0,0,1,1,1,1,0,0,0,2,2,1,0,0,3,1,1,0,1,1,0,1
Gene341,0,0,4,0,0,0,0,1,1,2,4,2,1,1,0,1,1,0,1,0,0,1,0,0,1,4,0,2,2,2,0,1,0,2,0,1,1,1,2,1,2,0,2,2,2,1,0,1,2,1,0,0,2,1,1,1,0,0,0,0,2,1,0,1,2,0,0,0,0,0,1,2,2,0,0,1,0,1,2,0,0,0,0,2,0,3,1,3,3,1,1,1,0,1,0,2,0,1,2,0,2,0,1,0,0,1,0,1,1,1,0,0,1,0,0,0,2,1,2,2,1,0,0,3,0,0,1,0,0,1,2,1,1,0,2,2,0,1,2,1,1,1,2,1,1,2,1,2,2,1,0,2,1,0,0,2,2,0,0,0,2,2,3,0,1,1,2,0,2,1,0,3,3,1,2,1,2,1,2,1,3,0,4,1,0,3,1,1,1,1,1,0,0,2,1,0,0,0,1,1,1,2,0,1,0,2,2,1,2,0,2,0,1,0,0,2,1,1,0,1,0,3,2,0,3,3,1,0,2,3,1,1,1,0,3,1,3,1,1,2,0,0,1,1,2,1,1,0,4,2,1,5,3,0,2,1,0,1,1,2,2,1,0,0,0,0,2,0,0,1,0,3,2,1,1,0,0,2,1,1,0,2,1,0,2,2,1,0,1,1,0,2,1,0,0,0,1,0,0,1
Gene342,1,2,2,0,0,0,1,0,3,1,1,0,1,0,0,1,1,1,1,0,0,4,2,1,0,1,2,2,0,1,1,0,0,1,1,2,1,3,0,2,1,1,1,1,1,2,1,2,0,2,1,2,0,0,0,2,0,0,0,0,1,2,1,1,0,3,0,0,1,2,2,2,1,1,0,2,0,2,1,1,0,1,0,1,1,1,2,1,2,1,0,3,2,0,1,0,1,0,1,0,1,2,1,2,0,2,0,1,1,1,0,1,1,2,0,1,1,3,0,0,1,3,0,1,1,0,2,0,1,0,2,0,1,1,0,1,0,0,2,0,0,0,3,0,1,1,1,2,1,1,0,1,1,3,1,1,1,0,0,2,0,1,0,0,0,2,0,0,1,0,0,0,0,1,0,3,3,1,0,0,0,1,1,2,0,1,0,2,1,1,2,0,0,0,1,0,1,0,1,1,1,0,0,1,1,0,1,2,1,0,2,2,0,3,0,1,1,0,3,3,2,2,1,1,0,0,1,1,2,2,0,1,2,1,0,1,1,0,0,3,1,2,2,0,3,1,0,1,2,1,2,0,3,2,0,0,2,2,2,2,0,1,1,1,0,3,0,1,2,4,1,2,2,2,1,2,2,3,1,0,1,3,0,1,0,1,2,1,0,0,2,1,0,1,1,1,2,0,0,0
Gene343,0,0,2,0,5,0,2,0,1,0,0,2,1,0,1,0,2,1,1,3,1,1,0,3,0,0,0,2,1,0,0,2,1,2,0,2,1,0,0,2,0,0,1,0,0,2,1,1,1,1,3,4,1,1,0,2,1,4,2,3,1,1,0,0,0,2,2,1,0,1,0,1,1,1,0,0,0,1,1,0,1,0,0,2,1,3,0,2,1,0,2,1,0,0,0,1,0,1,4,1,2,0,1,2,4,0,2,0,2,2,1,1,1,0,1,0,0,0,1,2,1,1,0,2,1,0,2,0,0,1,1,0,0,1,2,0,1,1,1,1,0,2,1,2,0,1,2,0,1,1,1,1,2,0,1,1,1,0,1,1,2,1,0,0,2,1,1,2,0,2,1,2,1,2,1,2,2,0,1,2,2,0,1,1,1,2,2,0,1,0,4,0,1,1,0,0,1,2,0,0,1,1,1,2,0,1,1,0,1,1,1,3,1,1,0,0,0,0,2,1,1,2,1,2,0,2,1,0,3,1,1,0,1,1,2,1,2,1,0,0,2,0,0,3,1,0,0,2,2,0,0,0,1,3,3,1,2,0,0,0,1,2,2,1,0,0,2,0,1,0,0,1,3,0,3,0,0,1,0,0,1,0,0,0,0,4,1,2,2,2,1,0,2,1,1,1,0,0,0,2
Gene344,0,1,2,1,0,1,2,0,2,0,1,1,1,0,1,0,2,0,3,1,0,2,0,2,0,0,0,1,1,4,0,2,1,2,1,0,1,1,1,2,0,0,0,3,1,2,1,1,1,1,1,1,1,4,1,2,1,1,1,0,3,2,0,1,1,0,0,1,1,1,0,0,0,1,0,0,1,0,1,3,2,0,1,2,1,3,1,2,1,1,0,1,2,0,3,2,1,0,2,1,1,0,1,0,0,2,0,1,1,0,2,1,0,0,0,0,2,1,1,0,1,0,1,0,1,2,0,2,0,0,2,1,0,1,0,1,1,1,0,1,0,2,0,2,1,3,0,1,1,1,0,0,2,2,2,3,1,1,1,1,0,2,2,0,1,0,1,1,3,0,2,2,2,1,0,2,1,0,1,3,0,2,0,0,3,1,1,0,2,0,2,0,0,1,3,1,1,1,0,0,1,1,1,1,2,3,1,1,1,1,3,5,1,1,1,0,1,0,1,0,0,1,1,0,1,1,2,0,2,0,3,0,0,0,0,1,0,0,1,1,1,1,0,0,0,1,0,1,2,2,3,0,0,0,0,2,1,0,1,0,0,1,0,3,0,0,1,0,1,1,1,1,2,1,4,1,0,0,1,1,1,0,1,2,2,0,2,1,0,2,0,2,0,1,2,2,1,1,0,1
Gene345,2,1,1,0,0,0,1,2,0,1,1,0,3,4,0,0,1,0,0,1,1,2,0,0,1,0,1,1,2,1,1,0,1,1,1,4,1,2,0,1,2,1,3,1,0,0,0,1,0,1,3,1,1,1,2,3,2,0,1,2,2,1,2,2,0,0,0,1,1,2,2,0,0,0,2,0,0,0,0,0,1,0,1,0,3,1,2,2,1,2,1,1,1,1,0,4,1,3,0,0,1,0,2,2,2,0,1,2,3,2,1,1,3,1,0,0,1,0,2,1,1,0,4,0,1,0,1,2,0,2,0,3,1,0,1,0,2,0,1,1,1,0,1,0,1,1,1,3,2,1,1,0,1,0,1,0,0,2,3,1,2,1,1,3,0,1,1,0,1,0,1,4,1,1,0,1,2,0,1,0,2,0,0,1,1,1,0,1,0,0,0,1,0,1,0,0,0,3,0,0,3,1,0,1,1,1,0,0,0,0,1,1,1,0,0,0,2,1,0,1,1,0,3,0,0,1,0,2,0,0,2,0,0,2,0,0,0,1,1,0,0,2,1,1,0,0,0,0,3,3,1,2,3,1,0,3,1,4,1,1,1,0,1,0,1,0,2,2,1,1,1,0,2,0,1,2,1,3,2,4,0,0,3,0,0,1,1,1,2,0,1,1,1,0,3,2,0,0,2,1
Gene346,0,2,2,1,1,2,0,1,0,0,1,1,2,3,2,0,2,1,1,1,0,0,1,0,1,2,0,2,2,3,2,0,1,0,0,1,1,3,2,1,1,1,3,3,3,3,2,1,2,1,1,0,1,1,0,1,1,0,1,1,1,1,1,0,1,0,1,1,1,2,3,0,2,0,3,1,3,0,3,1,0,0,2,1,0,1,1,1,2,2,0,1,1,1,1,3,1,0,0,4,1,2,2,2,1,0,1,2,1,0,1,0,2,0,0,2,0,2,1,1,1,0,1,0,2,2,1,1,1,0,1,1,2,1,2,2,1,0,0,0,0,1,0,3,2,0,0,0,2,1,1,1,1,0,0,1,0,1,2,1,0,0,2,3,3,0,0,3,0,1,2,0,0,1,1,1,0,0,1,3,2,2,0,2,3,0,0,3,0,1,2,0,1,2,0,2,0,0,2,2,0,3,2,0,1,3,1,0,1,0,0,2,1,0,2,2,0,1,0,0,0,3,0,1,3,1,3,2,0,1,0,3,0,2,0,2,1,2,2,4,1,2,0,2,0,3,2,1,0,2,1,2,1,1,2,1,2,0,4,1,0,1,2,3,2,0,1,0,1,0,0,1,0,0,1,0,3,1,1,1,0,0,0,0,1,3,2,0,1,2,1,1,1,3,0,1,0,1,1,1
Gene347,3,0,1,1,1,0,4,1,1,0,2,3,0,1,1,0,1,3,0,1,1,5,1,2,0,0,2,0,2,0,0,1,1,0,1,0,0,2,0,1,1,0,0,0,1,1,0,0,2,0,2,3,1,1,1,1,2,2,3,2,1,0,1,0,1,1,2,3,2,1,0,0,3,1,0,0,1,3,0,0,0,1,2,1,1,1,2,0,1,0,1,1,1,3,0,3,0,1,2,1,0,2,1,1,0,1,3,3,3,2,0,0,0,0,0,2,1,2,1,0,2,0,0,1,2,1,1,0,0,1,1,0,2,0,2,0,1,1,3,1,4,0,1,0,1,0,0,0,1,1,0,2,3,2,0,0,2,2,1,0,1,2,2,0,2,0,0,0,0,3,3,1,0,2,0,1,2,0,1,0,0,0,1,1,2,1,1,0,1,1,4,0,1,3,1,1,1,0,1,0,1,1,0,0,1,2,1,1,0,2,0,1,1,0,1,0,0,0,0,1,0,1,1,0,2,2,0,2,2,0,2,1,0,1,1,1,1,1,1,2,0,0,1,2,2,3,2,1,0,2,2,1,0,1,2,0,0,4,2,2,1,0,1,2,1,1,2,2,0,1,0,1,2,1,0,0,1,0,1,0,1,1,1,0,0,2,0,0,1,1,0,0,2,2,1,0,3,0,0,0
Gene348,2,0,1,3,0,0,0,0,1,0,1,3,1,2,1,2,2,1,0,1,1,1,0,0,1,1,0,0,3,0,1,0,1,2,0,2,3,0,2,0,0,1,0,0,0,1,3,0,0,3,2,0,1,1,1,3,0,0,1,0,1,0,1,1,0,0,0,2,1,0,1,1,2,0,1,1,3,1,3,1,1,0,1,1,0,2,1,2,1,0,0,1,3,1,1,1,2,0,1,0,1,1,2,1,0,1,0,1,2,1,0,1,1,0,0,0,1,1,0,2,1,0,2,1,1,2,0,2,2,0,1,0,0,1,1,1,3,1,0,3,1,2,2,0,2,0,2,0,0,2,1,2,0,1,1,1,1,0,0,0,1,1,1,1,2,1,2,0,1,0,1,1,1,1,0,0,1,1,4,0,3,2,1,1,1,1,0,0,1,0,1,1,0,3,1,0,1,0,0,1,2,2,1,2,0,0,0,2,1,0,0,0,2,1,1,1,0,2,1,2,0,2,0,2,1,1,0,0,1,1,0,1,1,0,0,1,1,3,1,2,2,2,3,0,1,1,0,2,2,0,0,3,1,1,3,1,2,1,1,5,1,0,1,3,2,1,1,1,0,0,3,0,0,1,1,1,3,0,1,1,0,3,3,0,3,1,0,0,0,1,2,2,1,2,0,1,3,1,0,1
Gene349,0,1,1,1,0,0,3,2,1,2,1,1,0,2,0,1,2,1,1,3,0,1,0,1,0,1,1,1,1,2,1,1,1,1,0,1,2,2,0,1,2,0,1,1,0,1,4,2,0,1,2,1,0,0,2,1,0,0,1,0,2,1,0,0,0,0,0,0,1,1,0,1,0,2,4,1,1,0,1,0,2,0,1,1,1,1,2,2,2,1,1,3,1,1,1,0,0,0,1,0,4,0,0,0,1,0,1,1,0,2,1,1,1,1,1,0,1,1,0,0,1,0,2,1,2,0,1,2,1,0,2,0,1,0,2,1,0,1,1,1,2,1,2,2,1,3,2,1,0,0,1,2,0,1,1,1,1,1,1,1,1,0,1,0,1,4,0,2,1,0,0,1,0,0,1,1,0,0,2,0,0,0,3,2,0,0,0,5,1,3,0,1,1,0,0,2,1,1,4,1,0,3,0,0,0,0,3,0,0,2,0,0,1,0,0,0,2,3,0,1,1,1,1,2,1,2,2,0,3,0,1,2,1,1,1,0,1,2,0,1,0,2,1,3,1,1,2,0,1,2,2,1,1,1,1,1,0,1,0,0,2,3,1,0,0,1,0,1,0,0,1,0,0,3,0,1,2,0,2,1,2,1,0,0,0,0,1,0,0,2,3,1,0,0,0,1,2,0,1,0
Gene350,1,1,1,2,2,1,0,1,1,1,2,0,0,2,2,0,1,1,2,2,2,1,0,2,0,1,0,2,3,1,0,0,0,0,0,2,0,2,0,3,1,0,0,1,2,2,0,0,0,2,0,1,0,0,4,1,0,0,0,1,1,1,1,0,1,3,1,1,0,0,0,1,1,0,0,1,0,0,0,0,1,0,0,2,0,2,2,2,1,0,2,1,3,1,0,0,1,1,1,1,1,2,1,0,2,2,0,1,0,0,1,1,0,1,0,0,0,2,1,1,0,0,1,1,0,1,0,0,1,0,0,4,0,1,1,2,1,0,1,0,0,1,1,0,0,1,0,0,0,1,1,0,2,0,1,1,1,0,0,2,1,1,0,1,2,1,2,0,1,1,1,0,2,0,0,1,3,0,0,1,3,1,2,2,2,2,1,1,1,1,2,1,1,0,1,0,0,1,0,1,2,2,0,0,2,4,3,1,0,1,0,2,0,1,1,0,1,1,0,0,1,0,0,1,2,0,1,0,1,0,1,1,1,2,2,2,0,1,0,0,2,1,1,2,0,0,2,1,0,1,2,0,1,3,0,0,0,0,1,0,2,0,4,2,0,0,2,1,1,0,0,2,2,0,1,0,0,1,1,1,1,2,1,2,1,0,0,0,2,0,1,1,1,0,1,1,0,2,1,2
Gene351,0,1,2,1,0,0,1,1,2,2,0,0,0,1,1,0,1,1,2,0,0,0,2,1,1,2,0,2,1,1,1,0,2,0,0,0,2,1,0,1,0,0,0,1,2,1,2,1,2,1,0,0,0,1,2,1,0,0,0,2,0,0,3,0,2,1,0,0,1,1,1,2,1,1,2,1,1,0,0,2,1,2,0,2,0,3,0,0,0,0,3,1,1,0,0,0,2,3,0,1,1,1,1,0,4,1,0,2,0,0,1,3,1,2,0,1,1,1,0,2,0,1,1,0,1,0,1,0,3,0,0,1,1,0,2,0,0,1,1,2,0,0,1,1,0,1,0,2,1,3,0,1,1,1,1,2,0,1,1,2,0,2,1,2,0,1,1,3,1,0,0,1,0,2,3,1,1,0,0,1,3,0,1,1,1,1,0,0,2,0,3,0,1,0,0,0,2,3,1,0,1,2,0,0,0,0,1,1,1,3,0,0,1,1,0,1,0,0,1,1,0,2,0,0,0,0,1,0,1,1,1,2,1,3,0,0,1,1,0,2,1,1,1,1,0,1,1,1,3,1,2,1,0,0,1,1,2,1,3,1,0,1,0,5,1,2,1,3,1,4,1,2,2,0,1,3,1,0,1,1,2,2,0,2,2,0,2,0,1,0,2,2,0,2,0,4,1,1,4,1
Gene352,2,2,1,1,3,0,2,3,0,2,0,3,0,1,2,2,0,1,1,1,1,0,0,2,0,1,0,0,0,1,2,0,1,0,0,0,1,1,1,0,1,0,1,2,1,1,0,2,2,1,1,1,1,2,2,3,1,2,0,1,0,0,1,1,0,1,0,1,0,1,0,0,1,0,0,1,1,2,1,2,1,1,1,1,1,3,1,2,1,1,2,1,1,0,0,2,2,2,1,0,0,3,1,3,0,1,2,0,1,1,0,1,0,2,2,2,1,2,0,0,1,1,0,0,1,2,0,1,1,0,0,0,1,1,2,2,1,0,0,0,1,0,0,1,3,1,1,2,0,1,2,2,0,1,1,0,0,3,0,0,0,5,3,0,1,0,0,0,0,1,2,2,2,2,1,2,0,0,0,1,2,1,1,3,0,1,1,1,0,0,0,0,2,0,1,1,0,0,2,0,1,0,1,0,0,0,0,1,0,0,2,2,4,0,1,2,0,0,0,0,1,0,1,0,1,0,2,0,1,1,1,2,0,1,0,1,1,0,0,0,1,1,0,2,1,2,1,2,0,0,0,1,0,0,0,0,2,2,0,1,0,1,0,0,0,1,4,1,2,1,4,0,0,0,2,1,1,2,1,1,2,1,1,2,1,0,0,1,2,0,0,0,0,0,0,2,2,1,2,0
Gene353,2,0,1,2,0,1,2,3,1,0,0,0,0,1,4,2,2,1,0,0,2,0,1,0,0,1,1,1,1,2,0,2,0,4,0,0,1,2,1,2,1,2,1,0,0,1,1,2,4,0,2,1,1,3,0,1,0,4,1,0,0,1,1,1,2,1,1,1,0,1,1,1,0,1,3,1,0,1,2,0,0,2,0,1,1,0,1,0,1,1,1,1,1,1,0,0,1,1,1,2,0,1,0,0,2,0,2,1,0,1,2,3,0,0,0,1,0,0,0,1,2,1,2,2,0,1,1,1,1,0,1,2,1,0,0,2,0,0,0,0,1,1,0,1,1,1,0,2,2,1,1,1,0,1,1,2,1,1,0,0,1,1,1,1,4,1,1,3,0,1,1,3,1,2,4,2,1,1,3,1,1,0,3,1,4,0,2,2,3,1,2,4,1,0,3,0,1,3,1,0,1,0,2,1,1,2,2,1,3,1,1,2,2,1,3,0,1,1,0,0,0,0,2,2,2,1,1,1,1,2,0,2,0,1,1,1,1,1,4,1,2,0,2,1,0,0,0,1,2,1,2,0,2,0,2,2,2,1,1,3,2,2,3,2,2,0,0,1,0,2,2,1,1,0,0,1,0,2,1,2,0,4,0,1,3,0,0,1,0,1,1,0,0,1,1,1,1,5,0,0
Gene354,0,1,1,0,0,0,0,0,2,1,2,1,0,1,1,1,3,0,0,2,1,1,0,3,1,0,1,0,0,0,0,1,0,2,0,0,0,1,0,1,1,3,1,0,1,1,0,0,1,0,0,2,0,0,0,2,0,1,2,0,1,1,2,1,1,3,0,3,1,1,2,0,3,1,0,3,0,0,2,2,0,1,2,0,2,1,1,0,2,1,2,1,0,0,0,1,1,1,1,1,3,1,1,0,2,1,2,0,2,1,1,0,2,0,1,0,1,1,3,0,2,1,1,1,0,0,0,1,0,1,0,0,2,0,2,1,0,1,0,1,0,1,0,2,1,2,1,3,2,1,0,1,2,3,2,1,2,1,1,1,1,2,1,0,1,0,2,4,1,1,0,2,1,4,2,0,2,0,0,2,1,0,1,2,2,3,0,2,0,1,0,0,0,0,0,1,1,1,1,1,1,0,0,0,1,0,1,1,0,1,2,0,0,4,0,2,1,2,2,2,0,1,0,3,2,2,0,2,1,0,0,0,2,2,2,2,4,1,2,1,0,0,0,3,1,0,2,0,1,1,2,0,0,1,1,3,1,1,1,0,1,1,0,4,1,0,2,0,1,2,0,2,0,0,0,0,1,0,1,1,0,2,1,0,1,0,1,0,0,1,0,1,0,1,1,1,1,0,1,0
Gene355,2,0,1,1,0,0,1,1,1,0,0,1,3,0,1,1,0,0,0,0,0,2,1,1,0,0,0,2,0,0,1,4,2,1,2,0,0,3,3,0,2,2,1,2,1,1,0,1,0,1,0,0,4,0,1,0,2,1,1,1,0,1,1,0,0,2,0,1,0,1,1,0,0,2,2,3,0,2,1,1,2,0,0,1,0,1,0,0,0,0,1,3,2,1,0,1,1,2,0,1,2,2,1,0,0,3,0,1,1,0,0,0,1,0,1,1,0,0,0,5,0,1,3,2,1,2,0,0,1,0,1,1,1,0,0,0,1,1,0,1,4,0,2,1,1,0,0,0,1,0,1,1,0,2,2,1,0,3,2,1,0,1,1,0,1,2,0,0,2,0,1,1,2,1,1,1,1,1,1,1,3,0,1,1,0,1,1,1,1,1,0,0,0,1,1,0,2,1,2,1,1,1,0,2,1,0,1,1,1,0,1,1,1,1,4,1,0,1,2,1,0,0,2,0,1,2,2,0,2,2,0,1,1,0,1,0,2,3,0,1,3,0,1,0,1,2,1,2,0,0,2,2,0,3,1,0,1,0,1,2,1,1,0,4,0,1,2,2,0,0,2,0,1,2,0,2,1,2,2,0,2,1,1,1,2,0,2,1,1,0,0,2,0,1,2,0,1,1,1,3
Gene356,1,1,1,0,1,2,0,0,1,1,0,1,1,1,2,0,0,2,1,2,3,2,1,1,1,2,0,2,1,1,2,3,0,1,0,1,2,2,1,1,3,1,2,1,0,0,0,1,3,0,1,1,0,1,1,0,1,1,4,2,0,2,4,0,1,2,2,1,0,0,5,0,1,1,1,1,3,0,2,1,2,0,3,1,0,2,4,0,1,3,1,2,1,1,1,1,2,1,1,2,2,1,0,1,0,0,1,2,0,1,1,2,1,1,2,0,1,0,1,0,0,4,1,2,1,1,1,0,0,2,0,2,2,0,1,1,0,0,1,2,1,0,0,1,1,1,2,2,0,1,1,0,2,1,3,2,1,0,0,1,1,4,2,1,1,0,1,1,2,0,1,0,1,0,1,2,0,1,1,0,3,3,1,0,0,0,0,0,1,0,3,0,2,0,0,0,1,0,3,3,0,1,2,1,1,2,1,2,0,0,0,1,0,1,0,2,2,1,2,0,1,1,0,1,1,0,2,0,2,1,1,0,1,1,3,2,1,5,0,3,0,3,1,0,1,3,1,1,2,4,3,0,0,1,0,4,1,3,1,3,3,1,0,1,2,0,0,0,0,1,0,1,3,0,2,0,1,1,1,0,0,0,1,1,0,2,1,0,0,2,0,2,1,1,2,3,0,0,0,0
Gene357,3,0,0,2,2,4,0,0,1,0,4,2,0,4,2,0,0,1,0,2,2,3,2,1,2,1,0,0,1,2,0,0,1,0,0,1,1,1,2,2,2,1,0,2,1,1,1,3,1,1,2,4,2,1,0,0,5,0,5,2,1,1,2,2,1,1,0,0,1,2,0,2,1,0,0,2,1,0,3,1,0,0,0,2,0,2,1,0,1,1,1,0,0,0,0,1,1,0,0,1,1,2,0,1,0,1,1,2,0,1,1,1,1,1,3,2,0,1,1,0,0,2,1,1,1,3,3,0,3,1,0,1,0,1,0,0,2,1,1,0,1,0,3,0,1,4,1,1,2,2,0,4,0,0,1,1,2,0,1,0,2,0,1,2,2,0,2,3,2,4,0,2,1,1,0,0,2,1,2,0,3,0,0,0,2,0,1,1,0,3,2,0,0,0,3,2,0,2,2,1,0,1,0,1,2,1,1,0,1,2,2,1,1,2,0,2,1,1,0,3,1,0,0,0,2,0,2,1,0,1,2,2,0,0,1,1,1,1,2,1,0,0,1,1,0,1,1,1,1,1,1,1,0,0,2,0,0,2,1,1,1,4,0,0,2,1,4,1,0,0,2,0,0,1,1,0,3,0,2,3,1,2,1,1,3,1,0,1,1,1,0,1,3,1,1,0,0,2,1,1
Gene358,0,2,2,0,0,2,3,1,0,2,0,1,1,2,1,0,0,1,0,0,1,1,1,1,2,1,3,0,2,1,1,1,0,2,1,2,0,0,0,2,1,2,1,1,0,0,1,3,0,1,0,0,1,2,1,0,2,1,1,3,0,0,1,1,1,0,1,0,1,1,0,1,1,2,1,2,1,2,1,0,0,1,1,0,2,0,0,2,3,0,1,4,0,2,2,1,0,1,0,1,0,0,1,0,0,1,1,0,0,2,1,2,1,2,1,0,2,1,1,1,1,2,0,0,1,0,2,2,0,1,0,1,2,0,0,1,0,1,1,3,1,1,1,0,0,1,0,3,3,1,1,0,0,0,1,2,0,1,0,1,0,0,1,1,2,0,1,0,2,0,2,0,1,0,0,2,0,0,2,1,3,1,4,0,1,0,1,3,0,1,1,0,3,1,0,2,1,2,1,2,0,0,0,0,1,1,1,0,0,3,2,2,0,0,1,2,1,2,4,1,1,0,1,0,2,0,1,3,1,0,1,0,2,0,1,0,2,0,0,0,1,0,2,0,1,1,1,1,1,1,1,2,0,0,1,1,3,1,1,2,0,0,2,0,0,1,1,0,0,0,1,1,1,1,0,0,0,1,1,0,0,1,0,0,0,1,1,0,0,0,2,2,1,2,1,0,1,1,1,1
Gene359,1,1,2,1,0,0,1,4,0,0,0,3,1,0,1,0,2,1,0,2,0,0,0,1,1,0,3,0,0,1,1,1,1,1,0,0,1,1,0,0,0,2,0,3,1,1,2,1,2,1,0,0,2,0,1,1,0,0,0,1,2,0,1,1,1,0,2,1,2,0,0,1,1,1,2,2,1,1,1,1,0,4,0,1,2,1,0,0,1,0,2,0,1,1,2,1,0,1,0,0,0,0,1,2,1,0,2,0,0,2,1,0,2,1,2,1,2,0,1,1,1,0,0,0,1,1,0,2,2,0,1,3,2,3,2,1,0,0,0,2,2,0,1,1,1,1,3,0,0,2,0,2,2,2,0,1,2,0,1,0,0,0,1,1,1,4,0,1,1,1,2,4,1,2,3,1,0,0,1,0,0,0,0,2,0,0,3,2,1,0,1,2,1,0,1,3,1,0,2,0,1,0,1,1,1,2,0,0,0,1,1,1,4,1,0,0,1,0,0,0,2,0,2,1,0,0,0,2,1,1,0,0,1,1,1,1,1,2,1,0,2,0,1,2,2,1,1,1,1,0,1,1,3,0,0,1,0,0,2,0,0,1,0,1,0,2,0,3,1,2,2,1,1,1,0,1,1,1,1,2,1,1,2,1,0,3,4,1,2,1,3,0,1,1,3,1,1,0,0,0
Gene360,4,1,2,0,2,0,1,0,1,2,0,1,2,2,0,3,4,3,0,2,0,0,0,1,0,1,0,0,0,1,2,3,3,0,0,1,2,1,2,0,1,0,1,1,0,0,2,0,1,1,1,3,2,1,2,1,1,1,2,0,5,1,1,1,1,2,0,0,1,0,0,1,1,2,1,0,1,3,1,2,3,1,1,2,1,0,2,1,0,2,2,2,1,0,0,1,0,0,1,2,1,2,1,1,2,0,1,2,1,2,0,0,1,1,0,1,0,1,1,1,1,0,0,0,0,0,1,0,1,0,0,0,0,2,1,2,0,1,0,0,0,1,1,1,1,0,1,0,0,1,3,0,2,1,0,0,0,0,1,0,1,0,0,2,1,0,2,1,0,1,1,0,2,2,0,1,1,3,1,1,0,1,1,0,2,0,0,4,0,0,1,0,2,0,0,0,1,1,0,1,3,2,0,2,0,1,2,0,0,2,3,0,1,0,1,0,0,1,3,2,2,1,1,1,0,1,1,0,0,0,1,3,1,0,1,0,1,0,1,0,1,5,0,0,2,1,1,1,0,2,1,1,1,1,1,1,1,1,1,0,2,4,0,1,1,0,2,3,0,0,2,3,1,0,0,1,0,1,0,0,0,2,1,4,2,2,0,1,0,1,1,0,0,0,1,1,0,0,0,1
Gene361,2,0,2,0,1,0,1,0,1,1,1,0,0,1,0,1,2,1,0,3,1,0,2,0,1,0,0,1,0,1,0,2,2,0,0,1,0,0,1,1,1,0,1,0,1,1,2,2,0,1,1,2,0,2,3,1,0,2,1,0,0,1,2,1,1,1,3,0,0,0,0,1,0,0,1,2,1,0,1,1,0,3,0,1,1,1,2,1,0,0,2,2,2,0,1,4,2,0,2,0,2,1,0,1,1,1,3,2,2,0,0,1,0,2,1,0,1,1,0,3,1,1,0,2,1,0,1,3,2,0,1,3,1,2,3,1,0,1,1,1,1,0,2,0,0,1,0,1,3,1,1,0,1,1,0,0,0,2,1,0,1,0,0,0,1,1,2,0,2,1,0,0,0,0,2,1,1,0,0,0,0,0,0,1,0,2,0,0,1,5,0,1,2,0,0,0,2,1,1,2,0,1,3,1,0,1,1,2,0,1,0,1,1,1,1,0,3,1,0,1,0,0,2,4,3,0,0,0,0,1,0,1,1,1,0,1,0,0,0,1,0,2,2,1,0,1,1,0,1,1,2,1,2,1,1,2,1,1,0,0,3,1,1,1,1,1,1,4,1,1,0,3,2,2,1,1,0,3,3,1,2,1,0,2,0,1,1,0,2,0,1,1,4,2,2,0,0,0,1,1
Gene362,1,1,1,3,0,1,6,1,0,4,1,2,1,2,2,0,0,0,2,2,0,2,0,2,0,2,1,0,1,1,1,1,0,2,1,1,0,2,2,2,0,1,1,1,2,1,1,1,1,2,2,0,3,2,5,1,0,1,1,0,1,1,1,0,2,0,0,0,0,0,0,2,1,0,2,0,1,0,3,2,2,1,0,1,3,4,1,0,0,1,4,1,2,2,1,1,0,0,0,0,2,0,2,2,0,1,1,1,1,2,1,0,1,2,2,0,1,1,0,2,0,0,0,2,1,3,1,0,0,1,3,0,1,1,1,0,2,0,2,2,2,1,2,3,1,1,0,1,0,0,1,0,1,0,1,1,1,0,2,5,1,3,1,2,2,0,2,4,0,0,0,0,2,0,0,1,1,1,2,0,0,0,1,1,1,3,1,0,2,1,1,2,1,1,1,0,2,0,1,2,0,1,1,1,2,1,0,1,4,1,2,0,0,0,0,0,1,1,0,0,0,0,1,2,2,1,2,0,0,2,1,2,1,1,0,0,1,2,1,5,2,1,1,1,0,4,2,1,0,1,0,0,0,0,1,2,2,0,0,0,2,1,2,1,2,1,2,1,1,0,1,1,2,0,0,0,0,0,1,0,2,0,1,2,0,2,0,0,0,1,1,0,0,1,1,0,1,0,0,2
Gene363,0,0,0,1,1,1,1,0,1,0,0,1,1,1,1,0,2,1,2,1,3,1,1,2,0,1,0,1,3,2,1,1,2,1,1,1,2,1,2,0,2,2,0,0,3,2,0,0,3,0,1,0,2,0,0,1,1,0,1,0,0,1,3,0,1,1,1,1,0,0,1,1,1,0,1,1,0,1,0,1,1,2,0,0,1,0,0,0,0,0,0,0,3,1,2,1,1,1,1,0,2,1,0,1,1,0,1,2,0,1,0,1,2,0,1,0,1,2,2,0,0,1,0,1,2,1,1,0,0,2,2,0,0,1,1,2,0,1,2,1,1,0,0,0,1,1,1,0,0,0,2,0,1,1,1,2,3,0,0,1,1,1,4,0,3,0,0,1,1,1,1,0,1,2,2,2,0,0,1,1,0,0,0,1,0,0,1,1,1,0,0,1,0,0,0,2,0,2,1,2,2,0,2,3,1,0,2,1,1,1,1,1,0,1,0,0,1,1,2,3,1,1,1,2,0,1,3,2,2,1,2,1,1,3,3,1,2,1,3,2,0,1,2,0,0,1,2,0,1,1,1,0,0,1,0,1,1,1,0,2,0,1,2,0,2,0,0,1,1,0,2,2,0,1,3,1,1,2,1,0,0,1,0,0,1,2,0,2,0,0,2,1,1,1,2,1,1,0,1,2
Gene364,0,1,2,1,1,0,0,0,0,0,0,0,0,2,0,2,1,0,0,0,0,1,1,0,2,1,3,2,3,2,0,1,0,0,2,2,0,1,1,0,1,1,1,1,2,1,0,1,0,0,2,1,1,1,0,1,0,0,1,0,3,0,2,1,1,0,0,3,0,1,1,1,1,0,3,2,2,1,0,3,1,1,0,1,0,0,2,0,0,0,0,1,3,0,1,0,2,1,0,0,0,1,0,0,0,2,2,0,3,2,0,2,2,3,2,1,0,2,2,0,2,0,1,0,0,1,2,0,2,1,1,1,0,1,2,0,0,1,1,0,1,0,1,2,0,1,1,0,0,1,1,2,2,1,1,0,0,2,1,3,0,0,1,0,0,0,0,1,0,2,0,2,0,0,1,2,0,0,4,3,3,0,1,1,0,0,2,1,1,1,4,0,1,0,1,0,0,0,0,1,1,0,0,0,2,1,0,0,0,0,1,0,0,1,0,1,1,1,2,0,1,2,2,0,5,0,0,1,1,1,0,0,1,1,1,0,0,1,0,1,0,1,1,0,0,1,0,1,0,3,0,2,0,0,1,0,1,0,1,2,0,1,0,1,2,1,0,0,0,3,1,0,0,1,1,1,2,0,0,3,0,1,2,2,0,2,3,3,1,0,0,1,0,0,0,0,0,1,3,0
Gene365,2,1,2,0,0,1,1,0,1,1,1,2,3,0,4,2,1,2,1,0,1,1,1,1,0,0,1,1,1,5,1,1,0,0,0,2,0,1,2,0,1,0,0,4,3,1,0,2,4,0,1,2,1,2,2,0,4,1,0,0,1,0,0,1,1,1,0,1,1,2,0,2,3,1,0,0,1,1,3,0,1,1,2,1,0,0,4,2,1,1,0,1,1,0,0,1,2,3,1,3,1,3,0,0,1,0,0,1,0,2,1,0,0,2,0,0,2,1,0,1,0,2,1,0,0,1,0,0,0,2,0,0,1,2,2,0,0,2,2,0,4,0,1,1,0,2,0,0,1,0,0,1,1,0,2,0,3,0,0,2,0,1,0,2,0,2,0,3,1,0,0,0,1,0,0,0,0,1,2,0,1,2,0,1,2,1,0,1,0,2,0,0,0,0,1,0,2,1,0,0,0,1,2,0,3,2,1,2,0,0,2,0,1,0,2,5,0,0,2,3,0,3,2,0,0,1,0,1,1,0,0,2,2,1,2,2,4,0,0,0,1,1,3,1,1,0,1,0,1,2,3,1,0,0,2,0,1,1,1,0,2,2,2,0,2,1,1,3,0,3,1,2,0,0,0,1,2,1,1,1,0,0,0,3,2,2,0,2,1,2,1,1,2,2,0,0,1,1,0,1
Gene366,0,1,0,4,1,3,2,1,2,2,1,0,1,2,1,2,2,0,1,2,0,0,1,0,0,0,0,0,0,1,3,1,0,1,1,1,3,0,0,0,3,3,1,0,1,1,2,4,1,0,1,2,0,2,3,0,0,0,0,1,3,1,1,2,2,1,0,1,0,1,1,2,1,2,3,1,2,2,4,1,2,0,2,1,0,1,3,0,0,0,2,3,1,1,1,0,0,2,0,4,0,0,1,2,0,0,0,1,2,1,0,0,1,0,3,1,2,1,2,0,1,1,3,2,1,1,0,0,2,0,0,1,1,1,0,2,0,2,0,0,1,0,3,1,1,1,2,0,1,1,2,2,2,2,0,3,2,2,0,0,1,0,0,1,0,1,1,1,3,3,1,0,0,1,0,1,2,0,2,0,2,0,2,1,2,1,0,1,0,1,0,0,1,2,1,3,1,1,2,1,1,0,0,1,0,0,0,0,1,0,2,1,0,2,0,0,1,1,0,2,1,0,3,1,1,1,0,1,2,0,1,3,0,1,1,1,1,1,0,2,1,0,2,0,0,0,0,1,1,0,1,1,0,0,0,2,0,0,3,3,1,2,0,1,1,0,2,1,1,1,2,1,2,2,2,1,2,1,0,2,1,1,1,1,0,1,3,2,0,2,2,0,0,1,0,2,0,3,1,3
Gene367,2,0,0,2,1,2,3,2,0,6,0,2,1,0,0,2,1,0,0,1,1,0,1,1,0,1,1,2,3,0,1,1,2,0,2,0,2,1,1,0,1,0,0,0,2,0,1,1,1,2,3,1,1,1,1,0,2,2,0,0,2,0,2,1,3,2,1,1,1,1,0,2,1,0,4,1,0,2,2,3,0,0,0,1,3,0,0,1,2,1,0,2,0,3,0,0,1,0,0,0,0,2,1,2,1,1,2,0,3,0,3,1,0,0,0,0,5,1,1,0,1,0,0,2,2,0,2,2,0,1,1,3,0,0,0,1,0,1,0,1,1,1,2,1,1,2,3,0,1,0,0,0,1,0,1,1,0,4,3,0,4,1,1,2,1,2,1,0,0,0,0,0,2,1,1,1,1,2,0,2,0,1,0,1,0,1,0,1,2,0,0,0,3,1,0,1,1,0,1,3,0,2,1,0,1,2,0,0,0,0,0,0,1,1,1,1,1,2,0,1,0,1,3,1,2,0,2,1,0,0,2,2,2,2,1,0,1,0,1,1,3,1,0,2,2,1,0,0,0,1,0,1,2,0,0,2,0,2,2,0,0,0,0,2,2,1,1,2,0,4,2,2,1,1,0,3,1,1,0,0,0,0,2,2,1,0,0,0,0,0,2,0,0,0,1,0,0,2,1,1
Gene368,0,1,2,1,2,1,1,1,1,1,0,0,0,1,0,1,0,1,2,2,0,1,1,1,3,0,0,0,1,1,1,0,0,1,2,1,0,2,0,1,0,0,0,0,0,0,0,0,4,1,2,0,1,2,0,0,0,0,0,0,0,3,0,2,0,0,0,1,0,0,1,0,4,0,1,0,0,2,0,1,0,0,1,1,2,2,3,2,1,2,1,1,1,1,2,1,0,0,0,2,0,2,1,0,1,0,2,2,1,2,2,1,2,0,2,0,0,1,1,5,0,2,1,1,1,1,0,1,1,1,1,1,3,0,0,1,2,2,2,3,1,0,2,0,0,0,2,0,1,0,2,2,0,2,1,0,0,0,1,0,3,0,0,2,0,1,0,1,0,1,0,0,1,2,3,1,1,0,0,0,0,1,1,1,1,3,2,0,0,1,1,1,1,1,0,0,1,1,1,1,1,1,1,3,0,2,1,1,1,1,0,0,2,1,1,1,0,0,1,4,1,0,2,2,0,2,6,0,0,2,2,0,1,1,1,0,2,1,1,1,1,1,0,0,1,2,2,2,0,5,1,1,0,1,1,1,0,0,1,0,2,3,2,1,0,1,3,3,2,2,4,1,1,0,0,0,1,0,1,2,0,0,0,2,2,3,1,1,3,1,2,1,0,3,0,1,0,0,1,0
Gene369,1,0,1,0,0,0,1,2,1,2,2,1,0,1,0,0,1,2,2,0,0,1,0,0,2,1,1,1,2,1,0,1,2,0,3,0,3,1,1,0,0,0,1,1,1,3,1,0,2,3,2,1,2,0,2,1,1,1,2,1,1,0,2,0,1,2,1,0,3,2,3,1,1,0,1,1,5,2,1,1,0,1,0,0,2,2,0,3,1,1,2,2,1,1,1,0,1,0,0,0,1,0,1,1,0,0,2,2,1,1,0,1,0,0,1,3,2,2,0,1,2,0,0,1,0,1,2,1,1,0,0,0,1,1,0,1,1,3,0,2,0,2,3,1,1,1,0,0,1,2,1,1,0,0,2,3,3,1,1,2,0,3,2,1,0,0,2,0,0,1,1,0,0,2,4,1,3,0,1,1,2,0,1,0,0,0,1,2,0,0,0,2,1,0,0,4,1,0,3,1,0,0,1,2,2,0,1,2,0,2,2,2,2,1,1,0,1,2,3,0,2,2,0,1,0,0,3,1,0,1,2,1,1,0,4,1,0,1,1,1,1,0,1,1,0,1,0,0,0,1,1,2,1,0,0,0,1,0,0,1,3,1,2,1,1,2,2,2,1,1,1,1,1,0,0,2,1,1,1,0,0,1,2,1,0,1,0,1,0,0,2,1,2,1,1,3,1,1,1,1
Gene370,0,1,0,0,2,2,1,2,0,0,1,0,1,0,2,0,0,1,0,1,2,4,2,1,2,1,2,0,1,1,1,1,0,1,1,1,0,0,0,2,0,1,6,0,0,2,0,0,1,1,2,2,2,0,1,0,1,1,2,1,1,1,1,0,0,0,2,0,0,2,1,1,2,0,1,0,0,0,0,0,2,0,1,0,1,2,0,2,1,1,0,1,0,0,2,3,1,0,2,0,1,1,3,2,1,1,1,1,1,1,3,0,0,0,1,2,2,2,1,0,3,0,0,1,3,2,1,0,1,2,1,3,1,1,1,1,1,0,1,1,1,0,2,0,0,1,0,2,0,2,2,1,1,2,0,1,1,1,1,0,2,1,0,0,1,1,3,1,0,2,2,0,1,1,0,1,1,0,0,3,0,0,0,0,0,0,0,1,1,2,0,0,3,2,0,1,1,0,1,1,0,1,2,0,0,2,0,1,2,4,0,0,2,2,1,4,2,0,1,2,2,3,1,0,0,1,3,2,0,1,0,1,1,0,2,1,2,0,2,0,1,0,1,0,1,5,1,2,3,1,1,1,2,1,0,2,0,0,1,1,0,0,1,3,1,4,0,1,0,1,0,1,1,0,0,2,0,0,1,1,0,0,0,0,0,0,1,0,1,1,0,3,1,0,2,3,1,2,1,0
Gene371,1,0,0,1,1,1,2,0,2,0,0,1,1,1,3,2,0,1,1,0,1,3,1,0,0,1,2,3,1,0,0,0,2,2,0,0,1,1,1,0,0,0,2,0,1,0,0,0,1,1,0,2,4,2,0,1,2,1,0,0,0,0,0,0,1,0,1,3,0,1,1,0,1,1,2,1,0,0,2,0,0,1,0,2,2,2,2,0,0,1,0,1,2,1,1,0,0,0,1,3,0,0,1,0,1,3,1,0,1,1,1,2,0,2,2,1,1,0,0,1,3,1,0,1,0,0,1,0,1,0,1,2,0,1,0,1,1,3,1,1,0,2,0,3,1,1,1,2,2,2,1,1,2,0,2,1,0,1,0,0,1,0,1,3,2,2,2,0,1,0,2,2,2,0,0,0,2,0,0,1,1,4,2,0,0,1,1,2,2,2,0,0,2,1,1,0,1,0,1,0,0,0,0,1,0,1,3,3,3,0,0,3,1,0,1,0,4,2,1,0,2,0,0,2,1,0,2,0,1,1,2,5,3,3,1,0,1,1,1,0,3,0,2,1,2,0,1,1,0,1,2,1,1,1,0,0,2,1,3,1,1,1,0,2,1,1,2,0,0,2,0,1,1,1,1,1,0,1,0,3,2,2,0,0,2,1,1,2,0,1,1,1,3,2,1,1,1,1,0,1
Gene372,1,1,0,3,1,1,2,1,2,0,1,1,0,1,0,1,2,0,2,2,1,1,1,2,1,1,1,1,2,2,0,1,2,1,1,1,1,3,0,1,0,1,1,2,2,3,3,1,1,1,0,0,3,0,2,0,0,1,2,2,2,0,1,0,0,0,1,1,0,0,1,2,0,1,1,0,3,1,0,2,0,0,2,2,0,1,1,1,0,0,2,1,1,1,6,1,0,1,1,0,1,2,1,1,1,1,2,2,2,0,1,0,0,6,0,3,2,2,3,0,1,0,1,1,3,4,2,0,0,0,0,1,2,2,0,0,2,1,1,1,0,0,0,0,1,1,0,2,0,1,1,1,0,1,0,2,0,2,0,0,0,5,1,3,2,0,1,1,0,1,0,4,2,0,1,2,0,2,1,0,0,0,1,1,1,1,0,0,2,0,2,1,2,0,1,0,2,0,1,0,0,1,2,2,0,0,1,2,0,2,0,3,0,2,2,0,1,2,0,1,0,1,1,2,2,1,0,1,1,0,0,5,0,0,3,1,0,0,2,1,2,1,1,2,0,3,3,1,2,0,1,2,0,0,1,2,1,0,0,0,2,0,1,1,1,1,0,2,0,0,0,1,2,3,1,0,1,0,1,0,1,1,1,1,0,2,3,1,1,1,0,0,2,0,1,0,0,1,0,2
Gene373,0,2,2,0,1,1,0,2,1,0,0,3,1,1,0,1,0,2,1,0,1,0,3,0,1,0,0,2,2,2,2,2,0,0,1,1,0,1,0,3,1,2,2,1,1,0,0,0,2,0,0,0,0,1,3,0,1,0,2,1,0,0,0,0,1,0,1,2,1,1,1,0,0,1,3,1,0,1,1,0,1,1,0,1,1,1,0,1,0,5,0,1,0,0,0,0,0,1,1,1,1,0,2,2,1,2,0,4,2,0,1,0,2,1,1,1,1,1,0,2,1,2,2,0,0,1,1,2,1,0,1,2,1,1,0,0,2,0,3,2,1,1,2,0,0,0,0,1,2,2,1,4,0,2,2,1,1,1,0,0,1,1,2,0,2,0,1,3,0,1,0,0,0,1,0,0,2,2,3,1,1,1,1,2,1,2,0,0,0,0,0,0,2,1,1,1,1,1,0,0,0,1,1,1,1,3,2,0,2,4,3,0,0,1,1,1,1,3,1,2,4,0,3,4,1,1,3,0,1,1,2,2,0,1,0,2,0,1,2,0,1,0,2,1,0,1,0,1,0,0,2,1,1,1,2,0,1,0,1,4,1,1,1,1,1,2,3,2,1,1,0,0,0,0,2,2,0,0,1,1,1,0,1,0,1,1,2,0,1,0,1,0,0,1,0,0,3,1,3,3
Gene374,1,2,0,0,1,2,3,2,4,0,0,0,0,0,0,0,0,0,1,5,1,1,3,0,1,1,2,1,1,1,0,1,0,0,0,0,1,0,0,0,0,0,2,2,0,0,0,1,0,1,1,0,1,0,1,1,2,3,2,1,3,2,0,1,1,0,2,1,1,3,1,0,1,0,1,2,2,1,2,3,2,0,1,0,1,0,0,2,0,1,0,0,1,1,1,1,1,0,3,0,2,1,3,1,2,0,0,1,2,0,0,2,2,0,1,0,1,1,1,3,0,1,0,0,1,0,1,1,1,1,0,0,1,1,0,2,0,0,1,0,1,0,2,0,1,3,2,4,2,1,1,1,0,2,3,0,0,1,0,3,0,0,0,0,0,0,0,0,1,1,1,3,0,1,2,0,2,0,0,1,2,0,1,1,2,2,1,1,5,0,2,1,0,2,1,1,3,1,1,0,1,2,0,2,2,3,2,0,0,0,0,2,2,1,1,2,1,1,0,0,1,1,0,4,1,0,1,2,1,1,1,2,0,1,1,3,1,1,2,0,2,2,0,3,1,4,1,0,2,0,0,1,0,0,0,1,1,0,1,1,1,0,0,0,0,0,1,3,2,2,2,2,1,0,0,1,3,1,1,1,1,2,0,2,2,0,0,3,0,1,1,0,0,0,1,0,0,0,0,0
Gene375,1,0,2,3,1,0,0,0,0,2,0,1,3,1,1,0,0,3,1,2,1,0,1,1,0,0,0,0,0,1,0,1,1,1,2,0,1,2,0,1,0,4,1,2,1,0,1,0,0,0,2,0,0,1,2,0,2,1,1,1,2,0,1,0,0,1,0,3,0,1,1,0,2,2,1,4,1,0,1,0,1,0,0,0,1,1,1,2,1,0,3,2,2,2,2,0,2,2,0,2,1,1,1,0,0,0,0,2,3,0,0,0,0,0,0,1,0,0,1,0,0,2,0,1,2,1,1,0,1,2,1,1,1,1,0,1,2,4,0,1,0,1,3,0,1,1,0,0,0,1,1,0,3,1,2,0,0,2,0,0,0,2,1,0,0,0,3,1,1,1,2,1,0,3,0,1,2,2,1,0,1,2,0,3,1,0,2,1,4,0,1,2,1,0,0,2,1,3,1,0,2,1,0,0,2,1,1,0,0,1,3,1,1,0,0,3,2,2,1,0,2,0,1,1,3,0,0,0,1,0,1,2,0,1,3,0,0,1,2,1,1,1,2,2,0,0,1,1,1,1,0,1,1,0,1,3,1,4,0,0,3,1,1,2,2,1,1,0,4,1,0,1,2,1,2,0,0,3,0,1,3,0,0,0,2,1,2,1,3,0,2,0,0,1,0,0,1,3,1,0
Gene376,0,1,2,0,1,1,0,0,0,1,0,2,1,0,2,1,1,3,1,1,1,1,0,0,0,0,1,2,2,0,2,3,0,1,2,1,0,1,0,1,0,2,1,1,1,0,0,1,2,0,1,2,0,1,0,1,0,0,1,0,1,0,0,0,2,1,0,2,0,1,0,2,0,3,2,1,2,0,1,0,2,0,0,2,1,1,2,2,0,0,0,0,2,1,0,3,0,1,1,0,1,2,0,0,1,0,1,3,1,2,1,2,0,1,0,1,1,2,1,1,1,0,0,1,3,1,0,2,3,0,1,0,2,0,1,1,0,0,0,0,1,0,3,0,1,2,2,2,2,1,0,0,1,2,0,1,2,0,1,0,0,0,0,3,3,2,3,0,0,1,3,0,1,0,2,3,1,0,0,3,1,4,0,1,0,0,0,0,1,1,1,2,1,0,0,4,0,0,1,0,1,2,0,1,1,1,1,0,1,1,1,0,1,0,2,1,1,2,0,1,2,1,1,2,0,0,0,1,2,1,3,1,0,0,0,1,1,1,2,0,1,1,1,0,1,1,2,0,1,0,0,1,1,1,2,0,0,1,1,1,0,0,0,0,1,0,0,1,1,3,0,0,1,0,0,2,1,0,2,3,0,2,1,4,0,1,3,0,1,0,1,0,0,1,0,1,2,2,1,2
Gene377,0,2,1,1,1,1,0,3,0,0,0,1,0,1,2,1,3,1,1,0,0,0,0,2,1,1,1,2,2,2,0,2,2,2,0,0,1,2,1,0,2,1,0,1,0,0,0,2,0,1,1,0,1,0,2,0,2,0,3,2,4,1,1,1,0,0,0,1,2,0,0,2,3,0,2,0,1,1,0,3,1,0,1,2,0,1,0,0,0,1,0,3,1,0,3,1,0,0,0,1,1,0,1,0,0,2,2,1,0,5,1,1,2,1,0,2,2,0,3,0,0,1,1,0,0,4,0,1,3,1,3,2,1,2,1,2,2,1,0,0,0,0,2,0,0,2,1,1,2,3,0,0,0,1,1,1,0,1,3,1,0,1,0,3,1,0,0,2,1,0,1,2,1,0,1,1,0,1,0,1,1,0,0,0,2,0,1,0,0,1,2,0,0,0,2,0,1,1,1,1,2,0,4,0,0,0,2,1,1,1,1,1,1,2,2,1,1,0,1,1,0,0,3,0,2,1,2,1,1,3,1,0,0,1,2,0,2,1,0,2,2,0,0,1,0,1,1,2,0,1,0,2,1,2,2,1,1,0,2,2,1,0,1,3,6,0,1,0,1,0,1,0,2,1,0,1,2,3,0,1,1,0,1,2,2,0,1,0,0,1,1,2,0,1,4,1,1,2,1,0
Gene378,3,0,0,0,2,2,2,2,0,2,3,2,2,0,0,3,0,1,0,1,4,0,2,0,0,0,3,2,2,2,1,1,2,0,2,3,1,0,2,0,2,0,0,0,3,0,0,1,0,2,1,1,1,0,1,2,3,0,0,0,1,1,1,1,3,0,0,0,1,1,2,0,0,1,0,1,0,2,3,2,1,3,1,2,1,1,0,5,0,4,0,2,0,1,2,2,0,0,0,2,1,1,1,1,5,2,0,2,3,2,2,0,0,0,0,1,0,0,1,2,1,2,0,0,1,1,1,2,2,1,2,1,2,1,4,0,1,1,1,0,0,1,1,0,0,0,0,3,2,1,2,0,0,2,1,3,0,0,2,3,1,3,0,0,0,1,0,1,3,0,2,1,2,0,1,0,2,2,1,1,0,3,2,1,2,0,1,0,0,1,2,2,2,0,1,1,2,1,4,1,1,1,0,0,2,0,0,0,0,0,0,0,1,1,1,1,3,2,1,0,0,0,2,2,2,1,1,2,0,1,0,1,0,0,1,1,1,0,1,1,0,2,0,1,1,0,1,0,0,1,0,1,0,4,0,1,0,2,0,0,1,0,1,0,1,1,0,0,2,2,2,1,1,3,0,0,1,0,1,0,2,1,0,0,2,1,1,4,0,0,2,2,0,0,0,0,0,0,0,1
Gene379,0,0,1,0,1,2,1,2,2,3,1,2,0,0,1,1,0,0,0,0,1,2,2,0,2,0,0,0,1,3,1,0,2,0,2,2,0,1,0,2,1,0,3,0,1,0,0,2,0,3,2,0,0,2,2,0,1,1,4,2,2,1,1,2,0,1,0,0,0,0,3,0,0,2,1,0,0,0,0,3,2,0,0,1,1,0,0,0,0,0,0,0,1,3,0,0,1,1,1,2,4,0,1,1,1,0,2,0,1,0,3,1,2,1,0,0,2,1,0,1,0,0,1,2,1,1,0,1,1,1,0,0,1,1,1,0,2,0,0,0,0,1,1,1,0,2,1,0,0,0,3,1,1,2,0,0,0,2,1,1,0,1,1,0,0,0,1,1,0,0,0,0,2,2,2,1,1,0,1,1,1,0,0,3,0,1,0,2,0,2,0,0,1,1,1,0,3,0,0,0,2,1,2,2,0,0,0,1,3,0,1,1,1,1,1,2,1,1,1,2,1,0,0,0,0,3,0,2,0,0,1,1,0,1,1,0,0,2,0,0,2,1,0,0,2,2,0,2,1,3,1,1,2,1,0,0,2,0,0,0,1,0,1,0,0,0,2,2,0,1,2,0,4,1,1,3,1,1,0,2,0,0,0,3,1,1,1,0,0,2,0,3,0,1,2,2,1,0,4,2
Gene380,1,0,1,0,0,1,1,0,0,3,2,1,1,0,0,1,1,1,0,1,5,2,0,0,3,0,1,0,3,0,0,2,0,1,0,3,2,1,1,3,0,1,0,0,2,1,0,0,1,0,0,0,1,1,0,4,1,0,1,1,0,1,1,1,1,0,1,1,2,0,0,0,2,1,0,0,0,0,2,1,1,0,1,2,0,1,1,1,3,1,2,2,0,0,0,2,0,1,0,2,1,0,1,1,0,1,1,1,0,0,1,0,1,3,0,0,1,1,1,0,3,1,1,1,1,0,1,2,0,0,3,1,1,1,1,5,0,2,2,0,2,4,1,0,3,0,0,0,2,2,1,0,1,1,3,0,0,2,1,3,1,2,0,4,1,2,1,1,0,1,1,0,4,0,0,1,3,1,0,2,2,0,2,0,0,1,1,2,1,1,3,2,0,2,0,2,2,0,1,2,0,0,2,1,1,1,2,0,1,2,0,1,1,1,2,3,1,1,2,1,2,3,0,0,1,2,1,0,1,0,0,0,1,0,0,0,3,2,2,1,0,2,4,1,2,3,0,0,0,1,2,3,2,1,2,0,3,0,0,2,3,2,0,0,1,2,3,0,3,0,0,0,0,3,1,1,2,0,1,1,3,0,0,1,2,2,1,1,0,1,0,0,2,1,0,1,1,2,0,2
Gene381,2,1,1,1,2,3,2,1,0,1,2,0,1,0,2,1,1,1,0,2,3,0,1,1,0,1,2,0,1,1,0,2,0,1,0,0,0,0,2,2,0,0,2,0,2,1,1,3,1,0,0,0,1,0,0,1,2,0,0,1,0,2,4,2,2,0,1,2,0,2,1,0,2,0,1,0,0,0,1,1,1,2,1,1,0,1,0,2,0,4,0,1,1,0,1,0,3,0,0,1,1,0,1,0,1,2,2,1,1,1,1,2,0,0,0,2,0,0,1,0,0,1,0,1,2,1,0,1,0,2,2,2,0,0,0,2,0,1,2,0,2,0,1,1,0,2,1,0,0,2,2,0,2,0,2,1,2,0,2,3,1,0,0,2,0,1,0,2,0,0,0,0,1,0,4,2,2,0,2,0,1,0,1,3,1,0,0,0,1,1,1,1,0,1,2,0,1,2,1,2,0,0,2,2,3,1,1,0,1,0,0,2,0,0,1,0,1,2,1,0,1,0,0,0,1,1,1,0,2,2,4,1,4,3,2,1,1,0,1,1,0,2,1,0,1,1,0,3,3,0,0,2,0,1,1,0,1,0,0,1,0,0,0,0,1,0,1,0,2,0,5,0,0,0,0,2,1,1,2,1,0,1,0,1,3,1,0,0,1,2,2,1,0,1,1,1,1,0,1,3
Gene382,0,1,2,0,0,0,0,2,1,1,0,1,1,3,2,0,1,1,2,0,1,0,0,2,0,0,1,1,0,3,1,3,0,2,1,0,0,1,1,1,0,0,1,1,1,1,1,0,2,1,1,0,3,1,1,2,0,0,1,2,0,1,0,0,0,0,2,1,5,0,1,2,1,0,0,1,0,0,0,2,0,1,0,0,1,2,1,0,0,1,2,1,1,3,1,0,1,0,0,0,0,2,1,2,2,4,2,0,1,0,1,1,0,1,1,1,1,0,1,2,1,1,0,0,1,2,1,0,2,2,0,2,0,0,0,2,1,0,1,2,1,1,0,2,3,0,2,0,0,0,1,2,0,0,1,1,1,0,3,0,2,1,0,3,1,1,1,1,2,0,1,2,1,0,0,0,0,0,1,0,1,2,1,2,0,0,0,1,1,0,1,0,0,1,0,1,1,3,0,1,0,1,1,1,0,0,2,0,1,1,0,2,0,4,2,0,0,1,0,2,1,0,1,4,1,2,3,3,4,2,0,0,1,1,0,2,1,0,1,3,0,1,2,2,1,4,0,2,1,0,2,0,1,1,2,3,1,1,1,0,1,1,3,0,2,0,0,1,0,0,0,0,3,2,3,1,1,2,0,1,1,2,0,0,0,1,2,0,1,0,0,1,1,1,0,2,1,2,0,1
Gene383,1,0,1,1,2,1,0,1,1,1,2,3,0,0,2,1,1,1,4,0,0,1,3,2,2,3,0,2,3,0,2,0,0,1,3,0,0,1,1,0,3,2,1,2,0,1,2,2,2,1,1,2,0,2,0,0,0,2,0,1,0,3,2,1,1,2,0,1,1,0,1,2,1,1,1,0,1,0,1,0,0,2,4,0,0,1,2,0,1,0,1,0,0,1,1,2,0,0,2,1,2,0,0,0,3,0,0,0,0,1,1,1,3,1,3,1,1,2,0,2,3,0,1,0,0,1,1,0,2,0,0,4,1,0,1,1,0,0,1,0,1,1,1,2,1,1,0,1,1,0,3,0,1,0,0,2,0,4,1,0,0,0,2,0,1,0,3,0,1,1,1,1,0,0,2,2,1,3,0,2,1,1,1,0,0,1,3,1,1,2,1,2,0,0,0,2,2,1,1,0,1,2,3,1,2,1,0,2,0,1,2,2,3,0,2,0,1,0,4,1,1,3,1,1,2,0,2,1,1,1,0,0,1,0,2,0,1,0,1,1,1,2,2,1,0,0,1,2,0,2,0,2,1,0,0,2,0,1,1,0,0,0,1,0,2,1,2,0,1,2,1,1,1,0,1,2,5,1,1,4,3,2,0,4,4,0,1,1,1,2,2,1,2,0,0,2,4,0,2,3
Gene384,0,0,1,0,2,3,1,1,3,0,1,4,0,2,1,3,1,3,0,1,3,1,2,5,0,3,0,1,0,0,1,1,2,1,2,2,2,1,3,1,2,0,2,2,1,0,1,2,1,2,1,2,1,1,0,1,1,0,1,1,0,1,0,1,3,3,3,1,1,2,0,0,0,3,2,0,0,1,0,0,1,0,2,0,2,0,0,1,0,2,1,0,1,1,0,5,1,1,2,1,2,2,1,3,0,1,1,2,1,1,3,0,1,0,2,0,0,0,3,1,1,1,2,3,1,3,1,1,0,2,1,0,1,0,3,1,0,0,0,0,1,0,1,1,2,0,2,1,1,2,0,0,2,0,2,0,0,0,2,1,0,0,1,2,0,2,2,0,1,1,2,1,0,1,1,1,0,0,0,1,2,2,0,1,1,0,0,0,1,1,2,1,2,1,0,0,1,1,2,1,1,1,1,1,2,2,0,0,2,1,1,1,1,1,1,0,2,1,0,0,1,2,1,0,0,2,0,1,0,0,1,1,2,1,0,1,2,0,2,0,0,3,0,1,3,2,0,1,0,1,1,1,1,2,1,1,1,2,2,0,0,3,0,0,1,0,1,1,1,1,0,1,2,0,1,1,1,1,1,2,0,2,2,2,0,1,0,3,0,1,2,1,0,2,1,0,0,0,2,0
Gene385,0,2,0,0,1,1,0,1,2,1,0,1,1,2,0,3,2,0,2,1,2,1,1,1,1,0,0,0,1,0,0,2,3,0,1,1,2,2,0,2,1,0,1,1,1,1,4,0,1,2,2,0,1,0,1,0,0,3,1,0,3,2,0,1,1,1,0,2,0,1,2,0,0,1,0,2,0,1,1,2,1,0,0,0,0,1,2,0,1,2,2,2,0,3,0,1,0,1,0,0,2,2,1,0,4,2,2,1,1,1,1,2,2,0,1,2,1,0,0,2,1,3,1,1,0,2,1,2,0,0,1,0,1,1,1,0,1,0,1,1,2,2,2,0,1,1,0,2,2,0,0,2,2,1,1,2,1,2,1,1,1,1,2,0,4,0,1,1,1,1,0,2,1,0,1,1,2,1,0,1,1,0,1,0,3,0,1,2,1,0,0,3,1,0,1,0,0,1,0,0,0,3,1,2,1,2,2,0,0,1,0,0,2,0,0,2,0,1,0,0,0,1,2,1,0,0,0,1,1,2,1,0,0,2,1,0,3,1,1,3,0,3,1,2,2,0,1,0,1,0,4,0,1,1,2,0,1,4,2,1,2,1,2,2,2,0,1,1,1,0,2,0,0,0,0,0,0,3,2,2,1,0,2,1,1,2,2,4,2,0,1,1,1,0,1,0,3,1,2,0
Gene386,2,0,2,0,0,1,2,2,1,0,0,1,2,0,0,1,1,0,3,2,0,0,0,2,0,0,2,2,1,2,2,1,2,0,1,1,0,1,1,1,0,1,0,1,1,2,1,2,2,3,0,1,0,1,1,0,1,1,0,1,2,0,3,2,0,1,0,1,0,0,0,1,0,0,0,2,1,1,0,1,0,2,1,2,0,0,2,0,0,1,0,1,0,0,1,0,4,2,0,0,1,0,2,0,0,3,2,1,0,1,1,0,0,0,0,4,0,2,0,0,0,0,0,1,1,1,2,1,1,1,0,0,1,0,0,0,0,1,0,1,0,4,3,0,2,1,2,0,0,1,0,1,2,0,1,0,0,1,0,2,2,1,1,1,5,0,1,0,3,3,0,0,1,1,0,0,0,1,0,1,0,2,1,0,0,1,1,0,3,2,1,0,0,1,1,2,1,0,1,0,1,0,2,1,0,1,1,0,3,1,2,1,1,2,1,1,0,0,0,0,0,1,2,0,1,0,0,0,1,0,2,0,0,0,2,0,0,0,0,0,1,2,1,0,0,0,1,1,1,2,2,4,1,2,4,0,0,0,0,0,1,1,4,2,1,1,1,2,0,1,1,2,1,0,0,0,0,0,1,0,2,0,2,0,0,0,1,0,0,1,1,2,0,0,0,0,1,0,0,0
Gene387,2,0,1,0,0,2,1,2,0,3,0,0,1,2,2,0,1,0,0,1,0,2,0,4,3,2,0,3,2,0,1,0,1,1,1,0,2,0,0,1,1,3,1,1,0,2,1,2,2,0,1,0,1,2,1,1,2,3,1,0,0,0,3,1,0,0,0,2,1,2,0,1,0,1,0,1,0,0,1,0,0,3,3,1,0,1,0,0,0,1,0,1,1,0,1,0,2,1,0,4,0,0,2,1,3,0,0,1,4,0,0,0,0,0,1,1,0,0,0,0,1,1,2,0,3,3,2,1,0,1,1,2,1,0,1,1,1,1,0,1,0,0,2,1,0,0,1,1,1,1,1,1,0,1,3,1,0,1,2,2,1,1,0,1,0,1,0,2,2,1,1,5,0,1,0,1,2,1,0,2,2,2,0,1,0,0,3,1,2,3,1,1,2,0,1,4,0,3,1,2,1,1,1,0,0,2,1,1,0,2,2,0,0,3,3,3,0,0,1,1,1,0,1,1,2,1,1,1,0,2,0,0,0,1,2,2,0,1,0,0,2,0,0,0,0,2,0,2,3,3,0,1,2,0,3,2,2,1,1,0,1,0,0,1,0,0,4,3,1,1,1,1,1,1,0,0,2,1,2,1,1,2,3,2,0,1,1,0,2,4,2,1,1,2,1,1,2,1,0,0
Gene388,0,1,0,0,2,2,0,3,1,2,1,1,2,3,1,2,0,1,0,2,3,2,0,1,0,0,0,1,2,0,0,1,0,0,0,2,1,3,1,0,2,1,1,0,0,0,0,0,2,1,1,1,1,1,1,1,2,0,1,0,2,1,1,1,0,1,0,1,0,1,1,1,1,1,2,1,1,0,0,2,0,0,1,0,0,2,1,0,1,3,0,1,0,0,2,1,0,0,1,1,3,1,0,0,1,2,0,3,1,1,0,0,1,0,1,1,0,2,0,1,2,3,2,0,1,0,0,2,1,2,2,3,1,1,0,0,0,0,2,1,4,0,0,0,3,0,1,0,2,2,0,2,0,1,2,3,1,1,1,1,3,1,0,0,0,3,2,1,0,1,2,1,0,1,1,2,1,0,1,2,2,0,2,0,0,0,0,1,1,1,5,1,1,1,2,3,1,0,0,1,0,1,0,2,2,0,1,0,2,1,2,0,2,1,2,3,1,0,2,0,0,4,1,3,3,2,3,0,0,2,2,0,1,0,0,1,1,2,1,0,3,2,0,1,1,1,3,2,0,0,1,1,1,0,1,3,1,0,0,1,2,0,1,1,0,0,1,0,0,0,1,2,0,4,1,0,1,0,2,0,2,1,0,1,1,0,0,0,0,1,0,3,0,0,2,0,0,0,4,1
Gene389,2,0,2,0,1,0,1,1,0,2,0,1,2,1,1,1,0,3,0,2,0,0,0,0,0,3,0,0,0,0,0,0,1,1,0,4,0,0,1,0,0,1,1,1,0,1,1,0,0,0,2,2,1,2,0,1,2,1,0,1,2,0,0,4,3,2,2,1,0,1,1,0,3,1,1,0,0,2,2,1,1,2,2,0,1,3,2,1,0,1,0,3,0,0,0,0,0,1,0,0,3,3,0,0,0,1,1,1,1,0,0,0,3,0,1,0,0,1,2,1,0,1,3,1,0,0,0,1,1,0,1,0,0,1,1,0,1,1,2,1,2,2,1,2,1,0,2,1,1,2,0,0,6,0,0,2,0,0,2,1,3,0,0,0,0,1,1,2,3,1,1,0,1,1,0,2,0,1,1,0,3,2,0,2,1,0,1,0,1,0,0,1,1,2,0,1,0,0,1,3,1,1,2,2,0,0,2,0,1,0,0,2,0,2,0,3,1,1,1,0,2,0,2,0,1,0,0,0,2,0,2,1,2,1,1,1,0,0,0,0,1,0,1,0,3,2,0,2,0,2,0,1,0,2,2,1,2,1,0,0,1,0,1,0,1,1,1,1,0,2,0,1,2,1,0,1,3,0,0,1,0,6,1,1,0,0,0,1,2,0,0,1,1,1,1,0,1,0,0,2
Gene390,3,3,0,0,2,1,1,1,2,2,0,0,0,0,1,1,0,3,2,0,2,1,1,0,2,1,1,3,1,1,2,0,1,0,0,1,1,1,0,2,1,1,1,1,3,0,0,4,1,0,1,0,2,0,3,1,2,0,0,2,1,2,2,2,0,1,1,2,3,1,1,0,2,0,0,2,1,1,1,1,0,1,0,0,1,1,2,3,2,2,0,0,0,0,0,0,1,0,2,0,2,2,2,1,1,0,1,1,1,1,0,0,1,0,1,0,0,1,0,3,2,2,0,1,0,1,1,1,1,0,1,1,3,1,1,3,1,2,4,0,1,0,1,0,1,0,0,0,1,1,0,0,2,1,2,0,1,2,0,0,1,0,2,2,2,0,2,1,1,3,3,0,0,2,2,2,1,2,0,1,0,0,2,1,0,0,1,1,1,0,1,1,1,2,4,1,0,1,0,1,1,2,2,1,0,1,2,1,0,0,2,0,0,0,0,0,2,3,0,1,2,1,1,1,1,2,2,0,0,0,1,0,1,2,2,1,1,0,0,0,0,1,0,2,2,5,0,0,2,0,0,3,1,0,2,1,0,1,1,0,0,2,0,2,1,3,4,0,2,1,1,0,1,2,1,1,3,1,0,3,2,3,1,2,1,1,3,2,2,1,0,0,0,0,1,2,0,2,1,2
Gene391,2,0,2,6,0,1,0,0,2,2,3,0,1,2,1,1,1,2,1,0,0,3,0,0,0,2,2,0,0,1,2,2,0,0,0,2,2,1,0,2,0,2,3,1,2,1,1,3,1,0,0,1,1,0,0,0,1,0,1,0,0,2,0,0,0,0,1,3,0,1,1,1,2,2,1,2,0,1,1,0,1,0,2,2,1,1,1,3,1,1,3,2,3,0,2,2,0,1,1,1,0,0,0,1,2,1,2,1,2,0,2,2,0,2,2,0,0,2,0,0,0,1,0,1,0,0,1,1,1,0,5,3,1,0,2,0,1,1,0,0,1,0,1,1,1,1,3,1,1,0,0,1,1,2,0,3,0,0,0,1,1,1,2,4,1,0,2,1,0,0,0,1,0,0,0,1,0,1,1,0,0,2,2,2,1,1,0,1,2,1,1,3,1,0,1,1,3,1,0,2,1,0,0,1,0,1,0,0,2,2,1,1,1,3,0,3,0,2,1,0,0,0,1,1,1,2,2,1,0,1,0,1,0,2,1,1,2,2,2,0,4,4,2,0,0,1,0,0,0,0,2,2,2,1,1,0,1,2,1,0,1,1,0,0,0,2,0,0,0,0,2,0,0,0,1,1,1,1,1,0,2,1,1,0,0,3,2,2,4,1,0,0,2,1,0,0,1,0,1,1
Gene392,1,3,1,1,0,0,0,1,0,1,1,0,1,0,2,0,1,0,1,1,1,1,1,1,0,1,1,1,1,0,1,1,0,0,0,1,1,2,2,2,0,0,0,1,2,0,1,2,0,1,1,0,2,2,2,1,1,1,0,1,4,0,1,0,0,0,1,0,3,1,0,0,0,2,1,1,2,0,0,3,0,1,1,0,0,0,1,1,1,0,1,0,0,0,1,0,1,0,3,1,1,4,1,1,3,2,0,0,0,1,0,1,2,0,1,1,1,1,1,2,1,1,1,0,0,0,0,1,0,3,2,0,0,1,1,2,1,1,2,0,1,1,1,3,1,2,1,2,1,0,0,2,2,2,1,4,0,2,1,0,0,0,2,0,2,1,0,1,0,0,3,0,0,0,0,3,0,1,0,1,2,0,1,0,1,0,1,1,1,1,0,2,2,1,0,0,2,0,1,2,1,2,2,1,0,0,1,0,1,0,2,1,0,0,1,2,1,0,0,1,1,2,1,0,1,0,1,1,0,0,3,1,0,0,0,1,0,0,2,0,1,1,1,1,1,0,2,3,2,0,0,0,1,0,0,0,1,0,2,2,1,1,0,1,0,1,0,2,2,1,1,0,2,1,1,2,2,0,3,0,3,0,1,1,2,0,0,0,1,2,0,2,2,1,0,3,0,0,0,0
Gene393,0,1,2,1,0,2,0,0,0,1,1,0,0,2,1,1,0,1,1,1,0,2,2,0,0,2,3,2,0,2,1,2,0,1,0,1,0,1,1,0,1,0,1,1,1,0,0,0,1,3,1,2,0,1,2,0,0,0,0,1,2,2,1,1,1,2,1,0,0,4,2,0,2,0,1,1,0,1,1,0,1,0,2,0,1,0,1,0,2,1,2,0,0,2,2,0,2,0,0,0,0,0,1,0,0,1,0,0,2,1,3,1,0,1,1,3,3,0,0,2,1,0,1,2,2,1,0,1,2,1,2,1,1,1,1,0,3,1,0,1,2,1,1,0,1,1,2,0,2,0,1,0,0,1,3,0,2,1,0,0,1,0,2,0,4,1,1,2,0,1,0,0,0,0,0,0,1,1,0,1,0,0,1,1,3,1,2,0,1,2,1,1,1,2,1,2,0,3,2,1,2,3,2,2,0,1,0,2,1,0,1,1,0,1,1,1,0,1,1,2,1,2,0,0,1,2,2,1,0,2,0,0,2,0,0,1,3,1,1,3,0,1,1,3,2,1,3,2,0,1,1,0,1,0,1,2,0,1,1,0,1,0,0,0,1,0,0,2,1,1,1,1,0,0,1,1,0,1,1,0,1,3,1,2,2,1,1,1,1,0,3,1,1,0,0,0,1,3,1,1
Gene394,0,0,2,1,2,1,2,1,0,0,2,4,1,0,1,2,0,0,2,0,0,1,1,1,3,1,1,1,2,2,1,2,2,1,1,1,1,0,3,1,2,0,1,2,2,0,2,1,0,1,2,0,1,1,1,0,1,0,1,1,2,2,0,4,2,1,0,2,0,0,1,2,0,0,0,0,2,2,1,0,1,0,1,0,1,0,1,1,0,1,1,4,1,4,0,0,1,2,0,0,1,1,2,0,2,0,1,1,1,1,1,1,1,0,1,0,3,0,1,2,0,1,2,1,2,1,3,0,1,0,3,1,0,0,1,2,0,1,1,0,2,1,0,3,0,3,3,1,2,2,1,3,0,2,1,1,1,3,1,0,0,0,0,1,1,0,1,1,1,0,0,1,0,0,2,1,0,2,0,1,3,2,0,0,1,0,1,0,0,0,0,3,0,1,1,2,0,0,1,1,1,1,0,1,2,0,1,0,1,1,0,0,0,1,2,1,2,0,2,1,0,0,1,0,1,1,2,0,0,1,3,1,2,1,1,0,2,0,0,0,0,0,0,0,4,1,5,0,0,3,0,0,2,0,1,1,4,0,0,0,2,1,1,0,1,0,1,2,1,2,2,0,2,0,0,1,2,1,2,0,2,0,1,1,0,1,1,1,0,0,2,2,2,1,0,1,1,3,1,0
Gene395,0,2,1,1,2,3,2,1,0,1,1,1,3,0,0,0,3,0,0,1,3,0,0,0,2,1,0,1,1,1,3,0,0,0,1,1,4,1,0,0,0,1,2,0,1,1,0,1,2,0,0,0,0,2,0,1,0,1,1,2,0,1,0,1,0,2,2,1,0,1,1,1,2,0,3,4,1,0,0,1,0,0,1,2,1,0,0,2,0,1,0,1,0,0,0,0,1,2,1,0,0,1,3,0,0,0,0,0,1,2,0,1,1,2,0,2,1,1,0,0,2,1,1,6,1,0,2,0,3,1,0,2,1,0,2,1,0,0,0,1,1,1,0,1,0,1,1,0,1,2,1,0,2,0,3,2,2,0,1,0,0,5,0,1,1,0,1,1,2,1,1,3,0,0,1,1,0,0,1,1,0,2,2,1,1,0,2,0,0,1,0,1,0,1,1,0,3,1,0,1,0,2,0,0,5,1,1,0,1,1,1,1,1,1,1,1,0,1,2,0,0,1,0,1,1,1,1,3,3,1,1,1,1,0,1,0,2,0,3,2,0,1,0,0,1,2,1,0,2,1,0,1,1,0,0,0,2,2,1,1,1,0,4,1,1,1,1,0,0,0,1,0,0,0,1,1,1,0,1,1,0,1,1,0,0,3,3,3,1,0,3,2,0,2,2,0,4,1,1,0
Gene396,1,2,0,1,0,2,0,0,0,0,2,0,0,2,0,3,2,0,0,1,1,1,0,0,2,1,0,1,1,0,2,2,1,0,1,0,2,0,1,4,2,0,1,2,1,1,1,0,0,0,1,3,1,0,0,1,5,0,0,2,0,0,1,0,0,1,3,1,1,3,1,1,0,0,2,2,0,0,0,2,2,0,1,2,3,1,1,1,1,2,0,0,1,0,0,0,0,1,1,2,1,2,1,1,0,0,2,1,0,0,0,0,0,1,2,0,0,0,1,0,2,0,0,0,2,2,0,0,1,2,3,2,0,0,0,0,0,1,1,1,3,1,3,0,1,0,0,2,2,0,0,0,2,1,0,1,0,0,0,2,2,1,1,0,2,0,1,1,1,2,1,0,0,1,0,1,1,1,1,1,2,1,1,1,3,0,1,1,2,2,1,0,1,0,1,1,0,1,0,2,2,2,0,1,0,2,1,0,2,0,0,2,1,1,1,1,0,1,2,1,1,1,2,2,1,1,1,0,0,1,1,2,1,0,0,0,2,1,4,0,1,2,0,0,0,1,1,0,0,2,0,0,0,0,4,1,1,1,1,1,0,0,1,3,0,1,0,0,2,1,2,2,1,0,0,0,2,1,0,1,1,0,4,1,1,1,1,3,2,0,1,1,1,1,1,2,1,1,0,1
Gene397,0,2,0,0,2,3,1,1,0,0,2,3,2,1,1,0,1,1,1,1,0,0,1,3,1,0,2,0,2,1,1,0,1,1,1,1,0,0,0,3,1,1,0,2,3,0,1,2,2,1,1,2,2,1,0,2,2,2,2,2,2,2,1,0,1,0,0,2,1,1,0,2,0,1,0,3,1,0,0,1,0,1,0,0,3,0,2,0,2,1,1,1,0,1,0,1,0,1,1,1,3,1,1,0,0,0,0,2,1,2,0,0,0,0,0,0,1,2,1,1,0,0,2,3,4,3,2,0,1,0,2,2,1,1,0,0,1,2,2,0,0,0,1,1,2,1,3,0,6,1,0,1,0,0,1,2,2,0,2,1,1,1,1,0,0,1,2,2,0,0,3,1,1,2,0,1,1,2,1,2,0,2,0,0,0,0,2,1,0,1,0,1,0,1,1,1,4,1,0,1,1,2,2,0,1,1,0,0,1,1,1,0,0,1,1,1,2,2,1,1,2,1,1,2,3,1,0,0,2,0,1,1,2,0,2,2,2,0,0,0,0,3,1,0,0,1,0,1,1,2,1,0,1,6,0,0,0,0,2,1,1,0,1,0,1,1,2,0,3,1,2,0,0,0,0,1,0,2,1,1,2,0,3,3,1,3,0,2,0,2,2,0,1,2,1,1,1,4,1,0
Gene398,1,1,0,1,2,0,1,1,0,2,1,0,0,1,0,2,0,0,0,0,1,1,0,3,1,2,0,0,1,0,2,3,1,1,1,3,0,0,2,2,3,1,0,1,5,0,0,0,2,2,1,2,2,1,1,1,0,0,1,2,0,0,1,1,0,4,0,0,0,1,4,1,2,1,3,1,1,1,0,1,2,1,1,0,1,1,1,1,2,0,1,2,0,2,1,1,2,2,0,0,0,1,2,1,0,1,1,0,1,1,2,1,1,1,3,1,2,1,1,1,1,1,3,0,2,0,2,2,5,1,1,0,1,1,1,0,1,1,0,1,0,2,1,2,1,2,0,0,0,0,1,0,1,1,0,0,0,2,1,0,2,1,1,1,0,3,2,2,4,1,1,1,1,0,0,1,1,2,3,1,2,0,2,2,2,1,0,0,1,1,0,3,2,2,3,0,0,1,2,0,1,0,1,1,1,0,1,1,0,0,3,3,1,0,3,3,0,1,1,0,2,3,0,2,1,1,1,2,1,2,3,0,2,1,1,1,1,1,1,1,2,0,2,1,2,1,3,0,1,1,2,0,2,2,2,1,1,0,2,0,2,1,3,1,2,0,2,2,1,2,1,2,1,2,1,2,2,2,1,2,0,1,1,1,0,0,0,0,1,1,0,1,3,1,0,1,1,2,1,0
Gene399,1,1,1,1,0,1,0,1,0,0,2,2,0,1,1,0,3,4,2,0,2,1,2,3,3,0,0,2,1,0,2,2,1,1,0,2,0,1,0,1,1,0,0,2,0,0,5,0,0,2,0,0,2,1,2,1,2,1,0,2,0,1,1,0,1,1,2,0,0,1,2,2,0,0,0,0,1,0,1,3,2,0,0,3,2,0,1,0,1,0,4,1,1,0,1,1,0,0,0,1,1,0,0,0,0,1,2,1,1,0,1,2,0,1,0,0,2,1,1,1,0,0,2,1,1,1,0,0,1,1,0,1,1,3,0,0,1,1,2,1,1,1,0,1,2,1,1,0,2,0,2,1,1,1,1,0,2,1,0,5,0,1,2,2,2,2,0,0,2,2,0,0,0,1,0,1,2,1,1,2,1,0,1,0,2,2,1,1,1,1,1,0,0,0,0,2,1,2,1,0,2,1,0,1,0,0,1,1,1,2,0,0,1,4,0,2,0,2,0,2,0,0,0,2,1,1,0,2,0,1,2,0,1,0,0,0,0,2,1,2,1,1,0,0,0,1,0,0,2,0,2,0,1,2,0,1,0,0,1,1,1,0,1,0,1,1,0,1,1,2,0,0,0,1,2,1,1,2,1,0,1,1,1,2,1,0,0,0,2,0,2,0,1,0,2,1,0,0,1,0
Gene400,0,0,3,0,1,3,3,0,1,1,1,1,1,1,3,1,1,0,1,1,0,2,0,0,0,0,1,1,1,0,0,0,0,0,0,0,1,0,1,1,4,0,1,1,1,0,1,0,1,1,0,1,0,0,1,0,1,0,1,1,3,1,0,0,0,0,0,1,0,0,1,1,1,0,2,2,2,0,1,1,1,2,0,2,1,2,1,3,1,0,1,1,2,0,2,1,0,1,0,2,0,1,0,2,1,0,2,2,0,2,1,0,0,0,0,1,0,2,1,0,1,1,0,2,1,1,1,2,0,1,2,3,2,0,0,2,3,1,0,0,1,1,0,2,0,0,1,4,3,2,1,2,1,3,1,4,0,2,1,0,1,0,1,3,1,1,2,0,2,0,0,1,1,0,0,2,1,1,3,0,2,2,2,1,2,2,0,0,0,0,1,2,1,0,1,1,2,2,2,1,0,3,2,0,1,1,0,2,0,0,2,0,1,0,1,0,0,2,2,0,1,1,1,2,1,2,3,1,1,1,1,1,0,0,0,0,0,1,1,1,1,1,1,2,1,0,0,0,0,1,1,0,2,0,0,0,1,1,2,2,2,2,1,2,2,1,2,0,1,0,0,1,2,1,0,1,0,1,1,0,0,0,2,0,1,2,0,3,1,1,0,0,1,0,2,1,2,1,1,0
Gene401,3,0,2,0,0,2,1,0,1,1,2,0,0,3,3,0,1,3,1,1,0,3,1,1,2,3,0,2,3,2,3,0,1,2,1,1,0,1,1,3,2,1,2,0,1,0,2,1,0,2,1,0,1,0,0,0,1,2,2,0,2,1,0,0,0,0,2,1,1,0,1,1,0,3,3,1,0,0,2,1,0,0,0,1,2,0,0,1,2,0,1,1,1,0,1,1,0,0,0,2,1,2,2,0,2,3,1,0,0,1,0,1,1,2,4,1,3,2,1,2,1,0,3,0,2,1,0,0,3,2,1,1,1,1,0,0,0,2,1,2,1,2,1,0,0,1,1,2,3,1,1,2,4,0,0,2,0,0,3,0,0,2,0,2,0,2,1,1,2,1,2,2,1,1,1,1,0,2,1,1,1,2,0,1,2,0,1,3,3,2,3,1,1,1,1,2,1,1,0,2,1,1,1,0,1,2,0,2,0,5,0,0,1,2,1,0,0,1,0,1,3,0,0,2,0,0,1,1,1,1,2,1,0,2,3,0,1,0,0,2,1,2,0,2,1,3,1,0,0,0,0,3,1,3,0,3,1,2,2,1,4,0,2,1,0,0,1,1,0,2,3,1,0,1,1,0,2,1,2,2,0,2,0,1,0,2,2,1,2,2,1,2,0,1,0,2,0,0,2,6
Gene402,3,0,0,0,1,0,3,3,0,1,1,1,1,3,0,0,1,1,1,1,1,0,2,0,3,3,0,3,1,1,4,0,4,1,1,0,2,3,0,1,0,0,1,2,1,2,2,1,1,2,0,0,1,1,1,1,1,0,1,2,0,0,1,1,1,2,1,0,1,1,0,0,2,2,0,0,2,1,1,1,1,2,3,1,3,1,1,0,0,1,1,1,1,0,5,2,1,1,0,2,1,2,2,1,1,0,2,0,0,0,1,0,0,0,0,2,1,3,0,1,1,1,0,0,1,1,0,0,0,0,0,1,2,1,0,1,2,1,1,0,1,1,0,0,0,2,1,1,1,1,1,2,1,2,1,3,1,1,2,1,0,3,2,0,1,0,2,2,2,0,2,1,2,1,0,1,2,0,0,1,0,2,0,1,4,0,1,1,2,2,2,0,2,2,2,2,0,2,2,4,0,1,0,1,1,1,2,0,1,4,0,1,0,1,1,3,3,2,2,3,2,1,1,2,2,2,1,1,0,1,0,0,2,0,1,1,0,0,4,3,3,3,1,0,0,3,0,1,1,0,0,1,4,0,1,2,2,2,0,2,1,2,1,4,1,0,2,2,1,1,3,0,2,1,2,2,1,0,1,0,0,0,2,3,1,0,1,1,0,3,1,2,1,0,0,0,1,2,4,1
Gene403,0,2,1,3,1,1,0,2,0,2,1,1,2,0,1,1,0,1,1,0,1,1,1,0,2,3,3,0,1,0,0,0,3,2,1,4,0,0,0,0,1,1,1,4,4,3,2,1,1,1,0,2,1,2,1,3,0,2,0,1,2,3,1,1,2,1,0,0,0,0,1,2,0,2,3,0,2,0,1,2,0,1,0,0,0,3,1,2,0,0,0,0,3,1,1,2,1,0,1,3,1,1,2,1,0,0,4,1,2,0,0,1,2,1,2,1,5,0,0,1,2,2,0,0,0,1,1,2,0,1,3,0,1,1,3,0,0,2,0,1,1,1,2,3,0,1,0,1,1,1,1,1,2,0,1,0,0,2,2,1,2,0,0,1,3,0,0,2,1,1,0,0,0,0,0,5,1,0,2,2,1,2,1,0,0,1,0,3,0,1,0,0,2,1,2,2,0,1,4,0,0,1,0,1,2,0,1,0,0,1,0,1,0,1,2,1,0,2,1,4,0,0,5,0,2,2,2,0,1,1,0,1,2,2,3,0,4,2,1,1,1,2,3,0,1,1,0,1,3,2,2,1,2,1,1,2,0,2,1,1,0,0,0,0,1,0,4,0,1,3,1,1,0,1,0,0,1,3,1,1,3,1,2,0,2,0,1,1,1,2,0,1,0,0,1,2,0,1,3,3
Gene404,2,2,0,2,0,1,1,2,2,2,0,0,1,1,0,0,1,2,1,2,0,3,0,2,1,1,0,1,0,0,0,0,1,1,1,0,1,0,2,1,1,1,1,2,2,2,0,0,1,1,0,2,1,0,1,0,2,0,0,0,0,2,2,2,3,3,1,2,0,0,1,1,1,2,0,0,1,1,0,1,2,0,1,2,3,4,1,0,0,0,0,1,0,0,2,2,1,2,0,0,0,1,1,0,0,1,1,0,0,0,1,1,0,1,0,1,0,2,1,2,0,0,0,1,0,1,1,1,2,0,0,2,0,2,1,2,2,3,1,1,1,1,0,0,1,0,1,0,1,0,0,4,1,1,0,1,1,0,1,2,1,1,0,0,2,2,0,2,2,1,0,2,0,0,0,1,3,1,1,1,1,1,0,3,0,3,3,2,2,2,1,0,1,0,1,1,5,0,1,2,1,0,0,3,1,0,2,1,0,0,1,0,0,0,0,1,2,1,3,1,1,1,2,0,2,1,0,1,0,2,0,0,2,1,0,0,2,1,0,0,0,1,3,0,1,1,2,1,1,0,1,0,0,1,1,2,0,1,1,1,2,1,3,0,1,0,0,0,1,0,0,1,3,0,2,2,0,0,2,0,0,1,1,0,1,0,1,1,1,0,0,1,2,0,1,2,1,0,2,1
Gene405,0,0,1,1,1,0,3,4,2,0,1,3,0,1,0,0,0,0,0,0,0,0,1,0,1,0,1,1,2,1,0,1,1,2,1,3,0,0,1,0,0,2,2,0,1,0,2,0,1,0,2,1,0,2,2,1,1,3,2,1,0,0,2,2,1,0,1,0,0,2,0,0,1,1,0,1,2,2,4,1,0,1,1,1,2,1,1,2,0,3,1,0,0,1,1,1,1,1,3,0,1,1,1,0,0,2,2,1,0,0,1,0,0,1,2,0,2,2,0,0,0,0,1,0,1,1,1,1,1,0,0,0,1,1,0,3,0,3,1,0,3,0,1,1,1,0,0,1,2,0,1,1,1,2,1,2,0,1,2,1,0,1,0,0,1,0,1,1,1,0,0,0,4,2,1,1,1,0,0,4,1,0,0,1,2,0,1,2,0,2,2,2,1,0,1,2,1,0,1,3,0,1,0,1,0,1,1,1,2,1,0,2,1,0,1,1,0,2,0,1,2,2,1,0,0,0,1,2,0,1,1,2,0,2,0,1,1,2,1,1,1,0,2,0,1,0,0,0,2,1,2,0,2,0,0,0,3,2,1,0,0,2,1,0,2,0,1,1,1,3,0,3,1,2,0,2,0,1,1,1,1,1,1,0,0,0,1,4,0,2,1,1,4,0,0,1,0,0,1,3
Gene406,0,2,1,2,2,1,0,4,0,1,1,0,2,1,0,0,4,1,1,1,1,1,2,3,1,0,0,0,1,0,2,1,0,3,1,0,2,1,3,1,0,0,3,0,0,0,1,0,0,1,0,1,1,1,2,0,0,0,2,1,1,0,0,1,4,2,0,2,2,1,0,0,2,0,2,2,1,0,3,1,2,0,0,1,1,0,0,1,1,1,1,0,1,0,1,1,1,0,0,0,2,0,1,0,3,1,1,0,0,0,0,2,0,1,1,1,0,2,1,1,2,1,0,0,0,0,1,0,1,1,1,1,1,3,1,2,0,3,0,0,0,0,0,0,2,0,0,0,1,0,0,2,1,0,4,1,0,1,2,1,0,0,1,1,2,0,0,2,2,0,0,0,1,0,2,1,2,0,0,0,2,1,1,2,3,1,2,0,2,0,2,0,1,1,0,2,1,0,0,2,1,0,0,1,0,1,0,2,0,3,1,1,0,1,0,0,2,2,0,0,0,0,1,0,1,0,2,0,0,0,1,0,0,0,0,4,1,3,1,0,3,0,0,2,3,2,0,2,2,3,0,0,0,2,0,1,1,1,2,0,0,0,1,0,1,3,0,2,0,2,2,1,2,0,2,1,0,1,1,1,4,0,0,0,1,0,1,0,1,1,0,2,4,0,3,1,1,0,1,1
Gene407,1,2,0,0,1,1,0,0,1,0,0,0,4,3,0,1,1,0,0,1,1,1,0,1,3,0,4,1,1,0,1,0,0,4,0,0,1,2,2,1,2,0,0,2,0,0,1,1,1,0,2,1,0,2,1,1,0,0,3,1,2,1,4,1,3,0,1,2,3,0,2,1,0,1,1,0,2,0,3,2,2,2,0,1,0,0,2,0,0,1,0,2,2,3,4,0,0,0,2,1,1,2,1,1,0,0,2,2,1,2,5,1,1,1,1,2,2,2,1,2,0,1,2,0,1,4,1,0,2,1,2,1,0,2,1,2,0,0,0,0,1,0,1,1,0,0,0,1,0,2,0,1,1,1,0,0,1,1,0,1,1,0,0,0,1,2,2,4,1,2,0,0,0,1,0,0,1,2,0,0,1,2,0,0,1,0,0,2,0,1,1,0,1,0,3,2,0,2,0,1,0,1,1,0,2,0,2,0,2,0,1,0,4,1,0,2,1,0,0,0,1,2,1,0,1,0,2,1,2,3,1,1,1,1,0,1,2,0,1,1,2,0,1,3,1,0,1,1,0,1,1,0,1,0,2,0,3,0,2,1,0,1,1,1,0,1,0,1,0,2,2,1,1,1,1,4,1,1,0,2,1,0,0,0,2,1,1,0,0,1,0,0,0,0,0,1,2,0,3,2
Gene408,2,0,0,0,1,2,2,0,0,2,2,0,1,0,2,3,0,2,0,1,2,1,2,0,1,0,1,1,1,2,1,1,0,1,1,2,0,1,2,1,1,2,1,0,1,1,2,2,1,0,1,1,2,5,1,1,3,2,3,1,2,0,0,0,1,0,0,1,0,0,1,1,0,0,1,0,1,1,0,1,0,1,1,1,1,2,2,0,0,1,2,2,1,1,0,1,0,2,1,2,3,1,2,3,0,2,1,0,0,1,2,0,1,2,1,2,0,0,1,2,2,2,1,0,0,0,0,0,1,0,1,2,0,3,2,1,0,2,1,1,1,2,0,1,0,1,0,2,1,0,2,0,3,2,1,2,0,1,3,0,1,2,1,0,0,1,3,2,0,2,0,2,2,0,1,1,2,1,0,4,2,0,2,1,1,1,0,1,1,0,1,0,1,0,1,1,2,0,1,0,0,2,0,2,4,2,0,2,2,2,0,1,1,0,0,0,2,1,0,1,1,1,1,1,2,0,1,1,2,0,1,0,5,2,0,0,1,0,2,1,3,0,1,0,3,0,1,2,0,3,2,0,0,0,1,1,2,1,1,1,0,1,2,0,5,1,0,1,2,0,1,1,1,2,2,1,0,0,5,0,1,1,1,1,1,1,1,1,1,3,1,0,0,1,1,4,0,1,0,2
Gene409,0,1,1,1,1,0,2,1,2,1,2,0,0,0,1,0,2,0,2,1,1,3,0,1,0,1,4,0,1,0,0,0,1,4,2,1,1,1,2,3,1,3,0,2,2,2,2,0,1,1,0,1,4,1,1,1,0,3,3,0,2,2,1,2,1,0,1,1,1,1,2,1,3,0,1,0,1,1,1,1,1,2,0,2,1,0,2,3,0,1,0,2,0,2,2,0,0,3,0,0,1,0,0,1,0,1,1,0,3,2,2,0,1,0,0,1,0,2,1,0,2,1,0,1,0,4,1,0,2,0,0,1,2,0,1,2,2,0,1,1,0,1,1,1,0,2,1,0,4,2,1,3,0,0,0,1,1,0,1,0,0,2,1,0,0,2,3,1,1,1,0,1,0,1,0,2,1,1,0,2,1,2,0,0,1,2,0,1,1,2,0,2,3,3,1,0,2,1,1,1,1,2,0,0,1,1,1,1,0,1,4,1,0,2,1,0,2,1,1,1,2,1,2,0,2,0,0,1,1,0,2,0,1,4,2,1,0,0,2,0,1,0,1,0,0,0,3,3,0,3,1,0,0,1,0,1,2,1,1,1,0,0,2,0,0,0,0,1,1,0,0,1,0,0,4,2,1,3,1,2,0,2,2,1,3,1,2,1,1,1,0,2,0,2,1,0,0,0,2,0
Gene410,0,0,1,3,1,1,1,4,2,1,2,1,1,3,0,0,1,3,1,2,2,3,0,4,2,1,2,2,1,0,1,1,0,0,1,1,1,1,2,0,0,2,0,2,0,1,3,0,2,1,1,1,1,1,0,1,4,1,1,0,0,0,1,0,0,3,1,1,0,2,1,0,1,2,0,2,2,0,0,2,0,4,0,3,0,2,0,0,2,0,0,1,0,1,1,0,1,0,3,0,0,1,0,0,1,0,0,1,0,4,0,1,1,2,0,2,2,1,1,2,0,1,0,1,2,3,1,2,1,0,2,3,0,1,2,0,0,0,2,3,1,2,2,1,2,3,2,1,1,0,2,1,1,0,1,0,1,0,2,0,1,0,0,0,0,1,0,0,2,0,1,1,1,1,1,2,0,0,1,3,1,3,3,1,0,1,0,0,0,0,0,1,0,1,2,0,3,2,1,0,1,1,1,2,2,0,1,0,2,2,1,1,0,1,1,3,0,3,3,0,1,0,1,1,0,0,2,0,1,1,2,0,0,2,1,0,1,1,0,1,1,0,1,1,2,1,0,1,0,0,0,1,3,1,0,0,2,1,1,1,0,2,2,0,1,2,1,0,1,0,0,0,1,3,2,0,1,2,1,3,1,2,1,0,1,1,1,1,1,0,0,1,1,1,1,1,3,2,1,0
Gene411,1,2,1,0,1,0,1,0,1,3,3,0,1,0,0,2,3,1,0,1,0,2,0,1,0,1,1,0,0,1,0,1,3,0,1,2,3,2,3,0,2,3,1,1,0,1,3,0,1,0,1,1,0,0,0,0,1,1,3,0,0,0,0,3,0,3,1,1,1,3,1,0,2,2,2,2,1,1,2,0,1,2,1,0,1,0,1,0,1,1,1,1,0,0,1,0,1,0,2,1,0,0,1,1,2,0,0,0,0,2,1,2,1,1,2,2,0,0,0,1,0,1,3,1,3,1,1,2,1,0,0,0,1,0,0,1,2,2,3,1,0,0,2,0,0,1,0,0,1,1,0,2,1,1,1,1,0,0,1,1,1,1,0,1,2,1,3,2,1,2,1,3,0,0,3,1,3,0,1,1,1,2,1,0,1,1,0,0,2,2,0,0,1,1,0,0,1,1,2,0,0,2,0,0,1,1,0,0,0,0,1,0,2,1,1,0,2,0,4,0,0,1,1,1,2,4,1,2,0,0,0,1,0,0,1,1,1,3,0,0,0,2,2,0,0,1,0,1,2,0,0,2,0,0,2,1,0,1,1,1,0,0,2,1,1,1,2,0,2,2,1,2,0,0,0,0,0,0,1,0,1,1,1,0,3,3,0,0,1,0,1,1,1,0,1,1,1,0,1,1
Gene412,1,0,0,1,2,1,1,1,1,3,1,3,0,0,0,2,0,0,1,0,0,1,0,0,2,0,0,2,0,0,0,2,1,3,0,1,1,0,2,2,0,1,1,0,0,0,3,2,1,3,0,1,1,1,1,0,1,4,0,0,0,1,2,2,0,1,0,2,0,1,0,2,0,0,0,2,0,1,2,1,2,2,0,4,3,0,1,2,0,0,0,0,0,1,0,1,0,1,0,0,1,1,0,2,0,1,4,1,1,0,1,3,1,0,2,0,2,1,1,0,1,2,1,0,0,0,2,0,0,0,0,1,1,1,0,3,2,0,2,1,1,0,1,1,1,1,0,3,0,0,0,1,0,2,1,2,0,4,1,1,1,1,2,0,2,0,0,2,1,1,0,1,0,1,1,2,2,2,1,0,0,0,3,0,1,1,2,1,0,0,0,0,1,1,0,5,1,1,0,1,2,1,1,1,2,2,0,0,2,1,1,1,0,0,3,0,1,2,2,2,0,1,2,1,1,1,2,1,0,1,1,0,1,1,1,2,0,0,0,2,1,0,0,1,1,0,2,0,3,0,0,1,0,0,0,1,1,1,2,0,0,0,1,0,0,1,0,2,1,1,0,0,1,1,0,0,3,1,2,2,0,0,1,0,0,1,1,3,1,3,0,2,1,1,4,1,0,2,2,1
Gene413,1,1,0,1,2,1,0,2,0,2,1,1,0,0,0,1,2,1,1,1,0,0,0,0,0,0,1,0,0,2,3,1,2,2,3,2,0,4,1,0,1,0,0,1,1,3,2,1,1,1,4,0,1,1,0,0,0,1,0,2,2,0,1,0,0,1,0,1,0,0,0,1,3,0,2,1,2,3,2,0,2,0,1,1,1,0,0,1,2,0,1,0,0,2,0,3,0,1,1,2,2,1,2,0,2,1,0,1,0,0,2,1,1,0,1,0,1,2,0,2,2,1,1,1,1,0,0,0,2,2,2,0,0,0,2,1,1,0,2,1,0,0,2,2,1,0,0,0,1,0,1,1,1,0,0,1,1,1,0,0,0,0,0,3,0,0,1,0,1,0,5,1,0,1,0,1,0,1,1,2,0,1,3,2,0,3,1,1,0,0,0,0,2,1,3,2,0,2,0,1,2,0,2,0,1,0,1,3,1,0,1,2,1,0,0,0,1,1,0,2,2,2,1,0,2,2,3,0,0,2,2,1,1,1,0,1,1,1,2,2,0,1,0,0,3,0,0,3,3,0,2,1,1,1,0,0,0,2,0,0,2,1,0,1,1,0,1,1,0,1,0,1,2,0,1,0,0,0,2,1,2,1,2,1,0,1,1,0,1,0,1,1,2,0,1,1,1,1,1,3
Gene414,0,0,1,1,1,2,0,0,1,1,2,0,0,1,1,2,2,2,1,0,1,1,2,1,0,1,1,1,0,1,2,0,0,1,1,0,4,3,1,1,0,1,1,0,0,0,2,0,2,3,1,2,0,1,0,0,0,0,4,1,1,0,0,2,3,0,0,1,2,1,1,2,1,1,1,0,0,0,3,0,2,1,3,1,0,0,1,1,2,4,0,3,0,1,0,1,0,0,1,0,1,2,0,0,2,1,2,2,1,0,3,0,0,2,2,0,2,0,0,0,0,2,1,0,1,1,1,0,2,1,0,0,1,3,0,1,2,0,1,1,1,1,0,3,2,0,0,3,2,0,6,0,2,1,1,0,2,2,1,0,2,0,0,0,1,0,0,1,2,0,1,0,0,1,1,2,1,1,3,2,1,0,0,2,3,1,0,2,1,2,1,2,0,3,0,2,1,0,3,1,0,2,1,0,2,0,1,0,3,1,2,0,1,1,0,2,1,1,4,1,1,1,1,2,4,0,1,1,2,1,2,0,1,1,0,0,1,0,1,0,0,0,2,2,1,3,3,0,0,0,0,2,1,1,2,0,1,0,1,0,1,0,0,1,0,0,2,1,1,3,0,1,0,3,1,2,0,1,1,1,0,2,0,1,0,1,1,1,0,2,0,0,0,1,1,0,0,2,0,0
Gene415,0,0,2,0,2,0,2,0,0,1,0,1,0,1,0,1,0,1,1,2,5,0,1,0,3,0,6,1,3,1,0,1,0,1,1,1,0,0,0,1,3,0,0,1,2,0,1,1,2,1,1,1,0,1,2,0,1,1,0,1,3,2,1,1,1,0,1,1,0,1,1,1,1,1,1,2,0,1,2,1,3,2,1,0,1,1,1,2,0,0,1,3,3,0,3,0,0,1,2,1,2,0,3,1,0,1,1,1,1,1,1,0,4,0,1,1,0,1,0,0,3,2,1,1,0,0,0,2,1,2,3,1,2,0,2,1,1,0,0,1,1,2,1,0,2,0,4,0,3,1,1,0,1,2,2,1,2,0,0,1,0,2,0,0,0,1,1,1,1,0,0,0,1,2,2,1,1,2,2,0,0,2,3,2,0,1,3,2,0,1,1,0,3,2,3,0,1,3,0,2,0,1,0,0,1,2,0,0,4,1,1,0,0,2,1,0,1,0,1,1,0,0,0,3,0,1,2,1,1,0,1,2,0,1,4,2,2,0,1,0,1,1,0,0,1,1,2,2,2,1,0,1,0,0,1,1,2,0,1,2,0,1,0,0,1,0,1,1,1,0,2,1,3,1,1,0,0,1,3,3,1,1,0,0,3,2,2,1,0,1,0,0,1,0,2,1,0,1,1,0
Gene416,0,0,0,1,1,1,1,1,2,1,1,2,0,2,1,1,0,3,0,1,1,2,1,2,0,1,1,0,1,0,0,0,0,0,0,1,1,1,1,2,0,0,3,3,0,0,1,1,1,2,0,0,1,4,0,2,0,1,1,1,3,2,0,2,0,1,0,2,0,2,3,0,0,0,0,0,3,0,1,0,1,0,0,1,1,2,1,1,0,1,0,1,0,1,0,2,3,2,1,0,1,1,1,1,0,0,2,2,1,2,3,0,1,3,0,3,2,0,0,1,2,1,1,3,1,0,1,2,1,0,0,0,1,1,3,2,2,1,1,1,3,1,0,1,0,0,0,1,1,3,0,2,2,3,2,1,0,1,0,1,0,1,1,1,1,1,2,1,0,1,0,1,1,1,1,2,2,0,1,2,0,2,1,0,0,2,1,0,1,2,3,2,2,0,0,0,1,1,0,1,1,1,0,0,2,0,1,1,0,3,0,0,0,1,0,0,1,0,2,1,0,7,0,0,1,1,1,2,1,1,0,2,3,0,1,0,2,0,0,0,1,1,0,1,0,0,0,1,0,0,1,1,2,0,0,0,1,1,1,0,1,0,2,0,1,1,0,0,1,1,1,1,1,0,0,0,1,0,0,1,0,2,1,1,2,1,0,2,2,0,1,0,2,1,1,2,1,1,3,2
Gene417,2,2,1,1,0,1,1,1,1,1,2,1,1,0,1,3,0,1,2,1,2,3,1,0,0,1,1,2,0,2,2,0,0,1,0,0,1,0,0,0,1,1,2,3,2,0,1,1,1,1,0,0,0,0,0,0,0,0,1,2,2,1,2,1,2,3,1,1,2,2,0,0,0,0,2,2,1,0,0,0,1,2,1,0,2,1,2,1,1,0,1,3,0,2,2,1,0,1,0,1,2,1,0,1,0,2,0,0,1,0,0,1,2,0,0,3,1,2,1,2,1,1,1,0,1,2,2,3,1,0,1,1,1,1,0,1,1,0,2,0,1,0,0,1,0,2,1,1,1,2,0,2,0,3,3,1,0,0,0,2,2,2,1,1,3,1,1,0,0,0,0,1,1,0,2,1,2,1,1,1,1,1,0,1,0,0,1,0,0,1,1,1,0,1,0,1,1,0,1,2,2,1,1,1,1,1,0,2,2,2,2,2,4,0,0,0,0,1,0,0,1,1,2,0,0,1,1,0,1,1,3,1,3,0,1,0,2,0,0,0,3,1,2,1,1,1,0,1,0,0,5,1,0,0,0,0,1,1,0,3,0,1,0,1,0,1,0,1,0,0,0,2,2,1,0,0,1,2,0,1,2,2,0,0,2,3,0,1,1,0,2,0,1,1,2,1,2,1,0,2
Gene418,1,1,1,0,1,1,2,0,0,1,1,1,2,0,0,0,2,0,2,1,0,0,0,3,1,1,2,1,1,1,0,2,1,0,1,0,1,2,0,1,3,2,2,1,0,0,0,1,2,2,3,2,1,0,0,1,1,1,0,0,1,1,1,3,2,1,1,0,0,1,0,0,1,0,1,1,0,1,1,1,0,2,2,0,0,0,0,2,0,0,2,0,0,0,0,1,0,1,1,1,0,0,0,0,1,2,1,2,1,1,0,1,0,2,1,0,2,2,1,1,0,0,0,3,0,1,1,0,0,0,1,1,1,1,1,1,0,0,4,1,0,2,1,2,2,1,1,0,3,2,1,0,1,0,0,1,0,0,0,1,1,3,0,1,3,1,0,0,2,0,2,0,1,0,1,2,0,0,1,0,1,1,1,0,0,1,1,0,2,1,0,0,0,2,1,1,0,1,1,0,1,0,0,2,0,1,1,1,2,1,0,1,0,4,1,2,2,0,1,0,1,0,1,2,0,0,0,0,1,1,1,0,0,1,3,0,0,0,1,0,2,1,2,1,1,2,0,0,0,1,0,0,1,2,0,2,0,0,0,0,0,0,2,1,1,0,0,0,2,1,0,1,2,3,1,2,1,0,1,0,4,1,0,0,1,0,0,0,0,1,1,1,3,1,3,2,1,2,0,0
Gene419,1,0,1,2,2,3,1,0,0,2,0,1,1,0,0,1,0,3,2,2,1,2,0,1,0,0,1,1,1,2,0,1,2,1,2,1,2,1,2,0,0,0,0,1,2,0,1,1,0,1,1,1,1,1,2,1,2,2,2,3,1,0,1,0,1,2,0,0,0,1,3,3,1,1,0,2,0,0,2,0,0,1,1,0,0,2,2,1,3,2,1,0,0,2,0,1,2,0,1,0,0,2,0,2,1,2,2,0,3,0,3,1,1,3,1,1,1,0,1,0,2,0,1,1,1,1,1,0,3,2,0,1,1,3,2,0,2,0,1,1,1,2,2,1,1,0,2,0,0,1,2,1,1,0,1,1,1,0,1,2,0,2,1,3,1,1,0,0,1,0,1,0,2,0,2,1,1,2,2,2,0,2,0,0,1,1,0,2,3,0,1,0,1,1,0,0,1,1,1,2,1,0,2,0,0,1,0,2,0,1,1,1,0,0,0,1,1,2,0,2,0,0,1,0,1,1,1,1,1,0,1,0,1,1,1,1,1,3,1,3,1,2,1,2,2,1,1,1,1,2,0,1,1,1,1,1,2,0,3,0,3,1,1,1,1,3,2,1,1,0,0,2,0,1,1,1,0,1,1,0,0,0,0,4,1,1,2,0,3,0,0,0,0,0,0,0,0,0,0,1
Gene420,0,1,2,1,2,1,1,0,2,0,0,2,0,1,1,2,2,0,0,1,1,1,3,0,0,0,0,0,1,2,2,1,1,2,0,2,1,1,0,1,0,0,0,1,1,2,2,1,0,1,1,2,1,1,1,1,2,2,0,1,1,2,0,1,0,0,1,1,0,1,0,1,3,0,4,2,1,1,0,1,0,0,1,2,1,1,3,1,1,1,2,1,0,0,0,0,0,0,2,3,1,1,3,1,1,1,1,1,0,2,0,0,2,0,1,1,3,3,5,0,1,1,1,0,2,1,1,3,0,3,3,1,3,2,0,1,1,1,0,0,1,1,1,0,0,0,0,3,3,2,2,1,0,0,5,0,0,1,4,0,2,2,0,1,0,0,4,2,0,0,4,1,0,2,1,3,2,0,2,1,1,2,0,0,0,1,0,0,0,1,3,1,4,1,0,1,0,2,0,0,2,0,0,0,1,1,2,2,2,0,3,1,0,1,4,3,1,0,1,1,1,4,0,1,0,0,1,0,1,2,1,0,0,1,0,1,1,1,0,2,0,3,0,0,0,1,2,0,3,0,1,1,1,1,1,0,1,1,2,1,0,2,0,0,1,0,2,0,1,0,0,0,1,0,1,2,0,0,0,2,0,6,0,0,2,1,2,0,3,1,0,2,2,1,2,0,0,1,1,0
Gene421,1,1,1,0,0,0,1,2,1,0,0,1,2,1,0,3,2,0,3,0,2,0,1,2,2,1,1,2,0,1,1,1,1,1,0,0,1,1,1,1,1,3,0,1,0,3,2,1,1,0,1,1,2,1,1,3,1,1,1,0,1,0,1,0,0,0,0,1,1,1,0,1,1,1,2,0,3,1,0,0,0,1,1,0,1,1,2,1,0,1,1,1,0,1,0,0,1,0,2,0,2,1,1,1,2,2,1,0,2,0,1,0,0,1,4,1,2,2,1,2,3,0,1,1,0,1,1,1,1,0,0,2,0,1,4,1,0,2,1,0,1,2,1,0,1,1,2,3,4,3,1,0,0,0,1,2,2,2,1,0,2,3,0,0,1,1,1,2,0,0,1,3,1,0,1,0,0,1,2,1,0,3,0,1,1,2,0,1,1,2,2,0,0,1,2,0,2,0,1,1,0,1,1,3,1,2,0,2,2,0,6,0,2,1,1,1,1,0,1,1,2,0,2,0,1,7,3,2,1,0,0,1,1,2,1,3,0,1,1,0,2,0,3,1,2,2,1,1,1,0,0,1,1,2,2,2,0,0,0,1,2,1,3,1,0,3,1,2,1,1,4,1,1,2,1,0,0,1,3,1,0,0,0,2,1,1,1,0,0,1,1,0,2,1,3,5,2,0,1,0
Gene422,1,0,2,2,0,1,0,1,1,0,0,0,0,3,1,0,1,1,0,3,1,1,2,2,1,0,0,0,1,1,1,2,1,5,0,2,2,1,3,1,1,1,2,0,1,0,2,0,2,0,3,0,1,0,3,3,0,0,2,1,0,0,1,1,2,2,2,1,1,2,4,2,0,1,1,2,2,0,4,1,0,0,1,1,2,1,0,2,1,0,0,1,1,2,1,0,0,1,0,1,1,0,2,1,0,0,1,0,4,2,1,0,3,3,1,0,0,1,1,1,2,1,0,1,2,1,0,1,2,1,1,3,1,1,3,1,0,1,0,1,0,0,5,3,2,1,2,2,1,0,2,2,0,1,1,1,0,1,2,0,2,1,2,0,1,1,1,0,3,0,0,2,1,1,3,0,2,1,1,3,1,1,0,1,0,1,0,1,2,1,0,0,1,0,1,0,0,0,1,0,1,2,1,1,0,0,0,1,0,1,1,0,2,0,2,1,2,1,0,1,0,0,0,0,1,0,1,0,3,3,1,2,2,1,0,0,1,1,1,1,2,0,2,2,1,0,0,1,0,2,1,0,2,1,1,0,0,1,2,1,0,1,0,1,0,1,2,0,2,1,1,0,1,2,0,2,0,2,1,0,1,1,3,1,1,1,1,1,2,0,1,0,1,1,1,1,0,1,2,2
Gene423,0,0,0,0,0,2,1,1,2,0,1,2,0,2,2,0,3,0,1,1,2,1,1,0,2,0,2,2,0,1,3,1,2,1,2,1,1,0,0,1,0,3,0,0,1,2,0,0,1,0,0,4,2,1,0,0,2,1,1,5,1,2,1,5,2,1,0,1,1,4,3,0,2,3,1,0,0,1,2,2,1,3,1,0,1,0,0,0,1,2,0,1,0,1,2,2,0,0,0,0,2,3,1,1,1,2,0,1,1,1,2,1,0,0,2,0,0,1,0,0,3,3,0,0,0,0,2,0,1,1,0,1,1,0,2,1,3,1,1,2,0,1,1,0,2,0,1,0,0,2,1,0,1,0,1,1,1,1,1,0,2,0,2,2,2,2,1,2,3,1,0,3,1,2,4,1,1,0,1,2,1,1,1,1,3,2,0,1,0,0,2,2,2,1,2,3,2,2,1,0,1,0,2,2,0,1,0,1,3,3,2,0,1,1,0,0,1,3,0,2,1,2,0,0,0,1,2,0,1,1,0,0,0,2,0,0,0,2,1,3,1,3,1,0,1,0,3,0,1,0,0,0,1,1,0,0,0,3,2,0,1,1,2,1,0,4,2,2,0,0,1,2,0,3,1,3,1,1,0,0,4,0,1,1,0,1,0,2,1,1,0,3,2,2,0,3,2,2,1,1
Gene424,0,0,2,4,2,1,2,2,2,0,0,1,0,1,0,1,2,0,2,0,1,1,0,3,2,0,1,1,2,1,1,2,0,0,2,0,0,1,3,1,0,0,3,0,1,1,1,1,3,2,2,0,0,2,1,0,0,0,0,1,0,1,1,1,0,0,0,1,2,1,2,1,1,0,0,0,0,1,0,1,0,1,0,1,1,0,1,2,2,0,1,1,0,2,0,0,1,0,0,2,0,0,0,0,3,1,0,0,0,1,0,0,3,1,1,2,1,1,1,2,0,0,1,0,1,2,2,1,0,0,0,0,1,1,1,1,1,1,0,1,0,1,0,1,2,2,0,1,0,1,0,1,1,0,1,1,2,1,3,1,1,1,0,4,0,1,1,1,1,2,1,1,0,0,0,0,1,1,1,2,0,1,0,2,0,1,0,2,1,1,1,1,1,0,0,1,2,1,0,4,0,1,3,2,0,0,1,1,1,0,2,0,1,2,1,3,1,2,0,1,0,1,2,1,2,1,3,1,1,1,0,2,1,1,2,0,0,3,1,1,0,1,1,1,1,0,2,0,0,2,0,2,1,0,0,1,0,0,0,1,1,0,0,2,1,0,3,0,2,2,1,0,1,0,0,2,1,1,1,1,0,1,0,0,3,1,2,0,1,0,3,1,0,0,5,0,2,1,1,0
Gene425,1,1,0,1,1,0,4,1,0,0,0,1,0,0,0,2,1,3,0,0,1,1,0,1,1,2,2,1,0,0,0,1,0,1,3,0,0,0,1,1,0,0,2,0,0,1,2,0,3,1,1,2,2,1,1,1,0,1,5,2,0,0,1,1,3,0,0,0,3,2,1,1,1,0,1,1,0,2,1,0,0,0,0,1,1,1,1,2,2,0,2,1,0,0,1,0,2,2,2,1,0,1,1,0,1,1,0,2,2,1,0,1,2,1,4,0,1,0,1,2,1,2,0,0,1,0,0,0,0,0,0,1,1,1,1,1,0,2,1,2,1,0,0,1,1,1,0,2,1,2,1,3,0,0,1,2,0,0,0,5,2,1,2,0,1,1,1,0,0,1,0,0,1,2,2,1,1,4,1,1,1,0,1,2,1,0,0,0,2,2,0,0,1,1,0,0,3,0,0,0,1,1,5,1,1,0,3,2,0,3,2,0,0,2,0,0,0,3,3,1,1,2,1,1,0,0,2,2,1,0,1,0,0,3,1,1,0,0,1,2,2,2,0,3,1,3,1,0,0,1,2,2,1,1,3,1,2,0,2,2,2,1,0,1,0,0,1,1,0,0,1,1,1,1,1,1,0,2,0,2,1,2,0,3,2,0,1,2,3,2,2,1,1,0,0,1,0,3,0,1
Gene426,3,1,1,0,2,1,2,0,0,2,0,2,2,3,2,1,1,0,1,1,1,1,2,2,1,0,1,2,0,2,3,1,0,3,1,1,0,2,1,2,0,0,3,1,3,2,2,1,1,2,1,0,0,1,1,0,0,0,1,3,1,1,1,4,0,0,0,1,1,1,1,1,1,1,4,1,1,3,1,2,1,4,0,1,1,3,2,0,1,2,2,0,1,1,1,0,1,0,0,3,0,1,2,2,0,1,0,0,0,1,0,2,0,1,0,1,3,1,1,1,0,2,2,1,2,2,2,2,2,1,3,1,0,0,1,3,1,0,2,0,2,1,0,3,1,1,2,2,1,1,0,1,0,0,0,1,0,0,1,1,1,1,0,0,1,2,0,3,3,1,0,1,1,1,1,2,1,2,0,1,1,1,1,3,0,1,2,1,1,0,2,0,1,2,1,0,4,1,0,2,4,0,3,0,0,0,0,1,2,1,3,0,2,0,1,2,2,0,0,2,1,0,0,0,0,1,0,1,0,1,0,0,0,0,1,0,0,1,1,0,1,2,2,1,2,3,1,0,0,0,0,1,0,0,3,0,0,0,0,0,1,1,0,0,2,2,1,1,1,1,1,0,0,1,4,2,0,2,0,1,3,0,1,0,1,0,0,1,2,1,2,0,0,2,1,0,3,1,0,0
Gene427,1,0,0,1,1,0,1,1,2,2,2,1,1,0,1,2,3,2,2,3,1,1,0,3,1,0,1,1,0,0,0,1,0,0,0,1,0,1,0,1,2,0,0,0,3,0,2,1,0,1,0,0,0,5,2,1,1,1,1,1,0,0,1,2,1,4,0,1,2,0,2,0,1,3,0,1,3,0,1,0,0,0,2,2,0,1,2,2,0,2,0,0,2,1,2,2,5,2,0,0,0,0,2,2,0,1,1,1,0,1,1,0,0,0,1,1,0,1,2,1,1,0,2,1,1,2,2,2,1,3,1,2,0,1,1,2,1,2,1,1,4,1,1,2,0,0,2,0,1,2,1,1,2,1,1,1,0,2,0,2,3,0,0,0,0,0,3,0,2,1,0,0,1,1,3,1,0,0,1,2,2,2,1,2,2,1,3,2,0,1,0,2,1,0,3,0,0,0,1,0,0,1,0,0,0,1,3,3,1,0,1,3,1,0,1,0,0,0,1,1,2,0,2,2,1,2,0,1,0,0,1,1,0,1,2,0,1,1,1,2,1,0,2,0,0,2,1,2,0,0,1,1,1,0,0,0,1,0,0,2,1,4,1,2,0,3,0,1,2,0,2,1,0,0,1,0,0,1,1,1,0,0,1,0,1,0,0,2,0,2,1,1,2,2,0,3,2,4,2,0
Gene428,0,3,1,3,0,1,1,1,2,0,1,1,4,0,3,1,0,1,2,0,1,2,2,1,3,1,0,0,1,2,2,1,3,1,1,1,1,3,2,0,0,1,1,3,0,0,2,2,1,3,3,1,1,0,2,2,3,1,0,1,1,2,0,0,1,2,0,3,1,1,1,0,2,2,2,0,3,0,3,1,1,0,1,0,1,2,1,1,0,1,0,2,3,4,1,1,2,0,1,1,0,1,0,1,1,0,0,0,1,0,2,0,0,0,2,2,1,2,2,1,0,1,1,1,1,0,2,0,1,1,1,2,3,1,0,4,0,3,1,2,1,1,2,1,0,2,0,0,0,0,1,3,2,1,0,2,0,1,1,1,1,0,2,1,0,0,2,0,2,2,4,1,0,2,0,2,1,1,3,1,1,1,0,0,1,1,0,1,4,0,1,3,1,0,1,3,2,1,2,3,1,1,2,1,0,1,2,0,3,0,1,1,1,1,0,1,1,2,0,1,0,1,0,1,1,1,0,0,0,2,1,0,1,4,1,0,1,1,4,0,0,1,0,0,0,0,1,3,2,2,0,1,2,1,0,1,2,0,0,1,0,1,0,1,0,1,2,0,0,0,1,0,1,2,1,1,2,1,0,0,0,0,0,0,3,0,1,0,0,0,0,2,1,1,0,0,3,2,0,1
Gene429,1,0,0,0,0,0,0,0,1,2,0,1,2,2,2,1,2,1,0,0,0,3,0,0,1,3,1,1,0,1,0,1,0,0,1,1,0,0,0,3,0,2,0,0,1,1,1,1,2,1,2,4,1,1,0,1,0,1,0,0,2,0,3,1,1,0,1,1,0,0,0,1,0,2,0,1,0,0,0,0,1,2,0,0,0,1,2,0,2,2,2,0,2,0,3,0,0,0,0,3,3,0,1,1,1,0,1,3,1,1,0,1,0,2,1,0,1,1,0,1,0,1,0,1,2,1,2,1,1,2,0,0,1,0,0,0,2,1,2,0,2,0,2,0,1,1,2,2,2,0,0,0,1,0,0,1,1,0,2,1,2,0,1,1,2,1,5,0,3,0,1,2,4,3,2,0,0,0,1,0,1,0,2,2,0,1,1,0,1,0,0,1,3,0,0,1,0,1,1,3,1,0,1,1,0,1,1,0,0,0,0,0,2,2,3,0,1,0,1,0,1,2,1,2,1,0,0,1,0,0,1,0,2,0,1,0,1,0,0,0,2,2,1,1,0,0,1,0,0,2,1,1,1,0,2,0,1,1,0,0,3,1,0,2,1,0,0,0,4,1,1,0,0,0,2,0,2,0,0,0,1,0,1,1,0,1,0,0,0,1,0,1,0,4,1,0,1,0,1,1
Gene430,1,2,1,1,1,1,1,0,2,3,0,0,0,0,0,0,1,1,0,1,0,0,1,1,0,1,0,1,0,1,1,0,1,1,2,1,1,1,0,1,0,1,3,3,1,3,1,0,0,1,1,0,0,1,0,0,1,0,2,1,0,0,1,1,2,1,1,1,2,1,1,0,1,0,2,0,1,0,1,1,2,0,0,1,2,0,3,0,1,1,1,2,0,1,1,1,2,1,2,2,0,0,2,4,1,1,0,0,1,1,1,0,2,3,0,0,0,0,2,1,3,0,4,2,0,0,3,0,1,0,0,0,1,0,2,2,0,2,2,1,2,0,1,1,4,2,0,2,0,3,0,2,1,1,1,0,1,3,0,0,1,0,1,1,1,2,0,2,1,0,1,2,1,1,1,1,0,1,0,1,1,0,2,1,0,1,0,2,0,2,0,1,1,2,1,4,1,1,2,2,1,0,1,2,1,0,1,0,0,1,2,0,0,2,1,3,0,0,0,0,1,1,1,0,1,2,1,1,1,0,2,0,0,1,2,1,1,1,1,2,0,1,2,1,1,0,2,1,2,1,2,0,2,0,1,0,2,2,1,1,0,1,0,4,1,4,0,1,0,0,0,0,0,0,2,3,1,1,0,0,3,1,1,1,2,0,1,0,1,2,1,0,2,2,1,3,0,1,1,1
Gene431,0,0,1,0,2,0,0,0,0,1,1,1,2,2,0,0,1,1,0,0,1,1,0,1,4,1,0,0,0,1,0,2,0,2,1,1,2,1,0,1,0,1,2,0,0,5,1,2,1,1,0,1,0,1,3,1,2,2,1,1,3,1,0,0,0,0,3,0,0,2,2,0,0,2,4,1,1,2,0,1,0,2,1,2,1,4,2,0,0,4,1,2,0,0,0,0,0,2,1,0,1,3,1,0,0,2,1,5,0,0,1,2,1,2,0,2,3,0,1,2,0,0,2,1,2,1,0,0,1,1,0,1,0,3,1,0,1,1,0,1,0,0,0,1,1,1,1,1,0,1,1,0,0,1,1,0,1,2,1,0,1,0,1,0,1,0,1,1,2,1,0,2,3,0,0,1,0,1,1,0,1,4,0,0,1,1,0,1,1,2,0,2,0,0,0,0,0,0,1,1,2,2,1,0,1,2,1,3,0,1,1,0,0,1,2,1,3,0,1,1,2,3,1,3,1,0,0,1,0,0,0,2,1,1,0,1,0,3,2,2,2,0,4,1,1,0,0,1,0,2,0,0,2,0,2,0,1,0,3,1,1,0,1,1,3,0,0,2,1,2,4,0,1,2,1,0,2,0,2,0,2,2,2,2,1,2,2,2,2,0,3,0,0,0,1,1,2,2,2,0
Gene432,1,4,3,1,1,0,3,1,1,2,1,0,0,2,0,0,0,2,1,1,0,2,1,0,0,1,3,2,0,1,2,1,2,0,1,3,2,0,1,1,0,0,0,0,0,3,0,1,1,0,1,1,2,2,1,2,2,2,3,0,0,5,1,0,3,0,1,2,1,0,2,0,1,4,0,0,0,2,3,1,2,1,1,0,1,0,0,0,3,1,1,0,1,0,1,2,1,1,2,0,1,0,2,3,1,0,2,3,2,1,4,1,1,1,2,0,1,1,4,1,0,1,2,0,0,1,0,3,1,1,3,1,0,1,2,1,2,0,2,1,1,0,0,1,1,2,1,0,0,2,0,1,0,2,1,2,0,3,1,0,2,0,2,1,1,2,2,0,1,2,2,1,2,0,0,0,1,0,1,0,0,1,0,2,0,0,1,0,2,3,0,1,1,1,0,1,0,0,1,1,1,0,1,1,0,3,0,2,2,0,1,1,0,2,2,0,1,4,1,1,1,0,1,0,1,1,0,2,1,0,0,0,2,1,1,0,0,0,2,0,2,2,1,0,1,0,1,1,0,3,2,1,1,0,1,3,1,1,1,2,0,1,1,2,0,2,1,1,0,1,3,0,3,1,1,1,1,1,1,1,0,1,1,0,1,2,1,0,0,2,1,0,0,0,1,3,2,1,1,1
Gene433,2,2,0,2,1,1,0,0,0,0,0,3,1,3,1,2,1,1,1,0,1,0,1,0,0,2,1,1,1,1,1,0,2,1,2,0,0,0,0,2,0,2,3,0,0,1,1,2,3,0,0,0,0,0,1,1,4,0,0,2,0,2,0,0,1,0,1,3,0,0,2,3,2,0,0,1,0,1,1,1,3,1,1,1,2,0,1,2,3,0,2,1,1,2,3,1,0,1,1,2,2,1,1,2,0,0,0,0,0,1,0,2,0,0,0,0,1,1,1,1,2,2,2,1,1,0,1,1,0,1,0,3,1,0,3,2,1,1,0,1,0,2,2,2,1,0,1,0,2,1,3,1,3,2,0,0,1,0,1,1,0,1,1,1,2,0,0,2,0,1,1,1,2,0,2,4,0,0,3,1,0,0,0,0,1,0,0,0,2,0,1,3,2,1,2,0,0,1,0,2,2,3,1,1,1,0,1,0,2,2,1,0,2,1,0,0,2,1,0,1,1,1,1,0,0,2,2,0,3,1,1,3,1,1,1,1,2,0,1,1,0,0,0,0,3,1,0,3,1,1,0,3,1,0,2,1,1,1,4,1,1,0,0,2,1,2,2,3,3,2,2,1,2,1,1,2,0,1,3,1,0,0,0,1,2,2,0,0,2,0,2,2,1,1,2,1,0,0,1,1
Gene434,0,2,0,1,1,2,0,0,1,0,0,1,3,2,1,2,0,3,0,1,1,1,0,0,2,1,1,2,3,1,3,1,0,2,0,0,0,0,0,0,0,2,1,1,1,1,0,0,1,2,1,0,1,1,1,1,1,1,0,1,1,0,0,4,0,1,0,0,0,0,0,0,0,0,0,0,1,1,1,0,2,0,1,2,0,1,0,1,0,1,1,0,1,2,0,1,0,0,1,0,2,1,0,0,3,0,2,2,1,0,2,2,0,1,1,1,0,2,0,2,2,0,1,1,2,1,1,0,2,1,0,1,0,1,1,2,1,0,0,0,0,2,2,1,2,0,1,2,3,2,2,2,0,0,1,0,0,1,0,1,0,1,2,1,4,3,2,1,1,1,0,1,0,2,1,1,1,0,2,2,2,1,2,0,1,1,1,0,2,0,3,2,0,0,2,0,0,0,1,1,1,0,0,2,1,0,0,1,0,0,1,0,2,0,0,2,3,0,1,1,1,0,1,0,0,3,1,5,0,1,2,0,1,1,0,1,1,2,1,1,1,2,1,3,1,2,0,0,1,1,0,0,1,1,0,1,0,0,3,2,1,0,0,2,0,1,1,1,1,2,0,0,1,1,2,2,1,0,1,1,0,1,1,0,1,1,0,0,1,0,3,1,2,0,1,1,1,1,0,1
Gene435,0,1,0,1,1,2,2,2,1,0,1,1,0,1,2,0,3,1,0,1,2,1,1,0,2,1,1,1,1,3,0,0,1,1,1,1,1,1,2,1,1,4,3,1,1,1,0,1,0,4,1,0,0,2,1,2,0,3,1,1,1,0,1,2,0,2,0,1,1,1,2,1,0,0,1,2,1,0,1,0,2,3,1,2,0,1,1,2,1,0,0,0,0,3,0,1,0,0,1,1,2,1,1,1,0,0,2,0,1,1,0,1,0,1,0,2,0,1,1,0,0,1,1,1,1,1,3,1,3,0,0,2,1,1,0,1,1,1,0,1,1,2,1,0,0,0,1,4,1,0,1,0,2,0,1,2,0,3,1,3,1,1,1,1,3,1,3,1,1,1,1,0,3,1,1,0,1,0,2,0,0,0,0,2,1,1,2,2,1,4,0,2,0,2,1,1,1,2,1,1,2,1,2,1,2,1,2,1,1,0,3,0,0,1,2,0,1,2,1,1,1,2,1,1,1,1,3,1,0,2,2,0,0,1,0,0,3,1,1,0,2,0,1,1,1,0,1,2,2,2,1,1,1,1,1,1,0,0,0,0,2,1,3,0,0,0,1,1,1,0,1,0,0,1,1,1,1,1,0,1,0,2,0,0,0,0,0,0,1,1,2,1,0,0,0,0,1,1,2,0
Gene436,1,5,0,0,1,3,1,0,1,1,1,1,2,0,4,0,2,2,0,1,2,1,0,1,2,7,0,1,3,0,0,1,0,1,2,1,1,1,1,2,1,2,0,0,2,2,1,2,1,2,2,2,0,0,1,1,2,0,0,1,0,2,1,1,1,1,0,1,0,0,0,0,2,2,2,0,1,1,1,1,2,1,0,0,2,1,1,1,1,1,0,0,3,2,3,1,0,0,1,1,2,3,2,1,0,1,0,0,0,1,2,0,2,0,1,1,2,0,2,2,0,4,1,1,1,0,1,1,1,3,0,2,0,4,1,1,1,0,2,2,3,0,0,0,1,1,2,1,0,2,1,1,2,2,2,1,1,2,3,3,0,2,1,2,1,0,0,0,0,0,0,2,0,0,2,0,1,2,0,2,1,2,0,1,1,1,1,0,1,1,2,4,2,0,2,2,1,1,1,0,0,3,0,3,1,0,0,3,0,1,0,2,0,1,2,1,3,4,3,5,3,1,1,4,1,1,1,1,1,1,1,0,3,2,2,0,2,0,0,0,1,1,0,0,3,1,2,1,1,1,2,3,1,0,1,0,2,1,2,2,1,0,1,1,1,0,1,0,2,0,1,1,0,1,2,1,0,0,1,1,2,2,3,1,1,0,0,1,0,2,1,2,2,1,0,0,0,2,2,2
Gene437,1,0,2,1,1,2,2,1,1,2,1,0,2,2,0,0,1,0,0,0,0,0,1,2,1,0,0,1,1,0,0,0,1,0,0,1,2,0,3,0,1,0,2,0,2,2,1,1,0,0,0,1,0,1,1,0,2,1,0,1,2,2,0,0,0,1,2,1,1,2,2,1,0,1,2,1,2,2,1,1,2,1,0,0,2,0,2,1,1,0,0,0,1,0,1,3,0,0,3,0,0,1,4,0,2,0,1,3,0,3,0,0,3,0,2,1,1,0,1,2,1,1,1,1,0,0,1,0,2,0,0,0,0,1,1,0,2,0,1,2,1,3,0,2,1,2,0,1,1,0,0,1,2,0,1,1,1,1,1,0,4,0,3,2,1,0,1,2,3,4,1,0,1,1,2,1,1,1,0,1,2,4,0,1,1,3,4,1,0,0,1,0,2,0,0,1,0,0,0,0,1,3,0,0,0,2,1,2,0,2,1,2,1,3,3,1,0,2,0,1,2,0,3,2,2,1,0,1,3,1,0,0,1,0,0,0,0,2,0,0,2,1,2,2,3,1,1,2,0,2,0,0,1,0,0,0,0,0,0,0,1,2,0,0,1,2,0,1,0,4,2,1,1,2,3,0,0,1,1,0,3,0,2,0,3,1,1,2,0,1,1,2,1,4,0,1,0,2,0,1
Gene438,0,2,0,0,0,0,3,2,0,0,0,0,1,1,0,2,1,1,0,1,1,3,1,0,1,0,0,0,1,1,1,4,1,2,1,1,2,1,1,1,0,1,0,0,2,0,1,2,1,1,3,0,3,0,1,2,3,3,2,0,0,0,3,1,2,1,2,0,2,1,0,0,2,1,1,1,1,0,2,4,1,0,3,4,1,1,0,0,1,0,0,1,1,0,1,1,2,1,2,0,0,1,1,1,0,1,0,1,0,0,0,1,1,1,0,1,0,1,1,1,2,1,1,2,1,0,0,3,0,2,3,1,1,2,0,1,2,2,1,2,2,2,1,0,0,3,0,1,1,1,0,0,2,2,1,1,2,0,1,0,1,0,2,2,0,0,0,1,1,0,0,3,1,1,2,1,0,1,3,1,0,1,1,0,1,0,0,0,0,0,1,1,0,2,2,0,2,0,0,0,0,1,0,1,1,1,1,3,1,1,1,1,0,1,0,2,2,1,2,2,0,2,1,2,0,1,1,1,1,0,0,0,1,1,1,1,0,1,0,2,1,0,0,0,0,2,0,3,2,4,0,2,0,3,0,0,0,1,1,0,0,2,2,0,2,1,1,1,3,1,1,1,1,0,0,2,1,0,2,0,3,2,2,3,1,1,1,1,2,3,2,1,2,0,0,1,0,2,0,1
Gene439,3,0,2,2,1,0,0,0,2,1,1,1,1,0,1,1,2,1,2,0,0,1,1,2,2,0,3,1,0,0,0,1,0,1,1,0,0,1,0,2,3,1,3,1,0,0,1,0,2,2,0,0,0,0,1,3,2,0,0,0,1,1,0,1,0,2,1,2,1,0,3,1,1,0,0,1,1,3,0,0,4,0,2,2,3,4,1,0,1,2,1,0,1,1,2,2,1,1,0,0,2,0,1,2,0,1,0,2,0,0,0,2,0,0,4,0,1,2,1,3,2,0,0,1,1,2,2,3,4,1,2,1,2,1,2,1,1,1,1,1,1,0,1,2,0,1,0,1,1,0,0,1,0,3,0,0,0,1,1,1,1,1,0,2,1,0,0,2,1,1,0,1,2,1,4,0,2,0,2,2,1,1,0,2,1,0,3,1,0,1,2,1,2,2,1,1,0,0,0,3,1,1,2,1,1,0,1,0,1,0,0,1,0,0,1,1,1,1,3,0,1,1,2,0,0,0,0,0,1,0,2,1,4,1,1,1,1,1,1,1,2,2,3,2,1,1,0,0,0,0,1,1,2,3,0,0,1,0,2,1,1,0,0,0,2,1,2,0,3,0,0,1,1,1,1,0,3,3,1,1,4,0,3,2,1,3,1,1,1,1,0,1,2,1,0,0,0,1,0,1
Gene440,2,1,0,2,1,2,1,1,0,1,0,1,2,3,0,1,1,0,1,0,0,2,2,3,4,0,4,3,0,1,2,1,1,1,1,0,1,2,0,2,1,1,0,0,3,1,1,3,2,0,2,2,1,0,1,2,1,1,1,3,1,1,0,2,2,3,0,1,1,0,2,1,0,1,1,1,0,2,0,1,0,1,1,0,0,1,1,2,0,1,2,0,0,2,0,1,1,1,3,3,0,1,0,0,3,1,1,0,0,2,1,2,0,0,0,1,1,1,0,1,1,1,0,2,2,1,1,1,3,3,1,0,0,0,2,1,1,1,4,0,2,0,1,1,2,1,2,1,1,1,1,1,0,2,2,1,1,3,4,1,1,3,0,1,2,4,1,4,0,0,0,1,1,0,1,0,2,1,0,1,2,2,3,1,4,0,1,0,1,1,2,2,1,1,1,0,1,2,0,4,1,2,1,1,0,0,0,0,1,2,1,4,0,0,0,0,0,1,0,1,0,0,1,0,0,3,2,1,0,1,1,2,0,2,0,0,1,1,2,5,1,0,1,2,0,0,0,2,1,2,1,3,0,1,1,0,2,0,0,2,0,0,4,2,1,2,3,1,2,1,0,2,0,0,0,1,2,2,1,0,1,0,3,0,2,0,1,0,0,0,0,2,1,1,1,2,0,2,2,2
Gene441,1,1,2,3,2,1,1,3,0,1,1,0,0,1,1,3,3,2,0,0,3,3,0,1,0,1,2,0,1,0,2,1,1,1,0,0,1,0,0,0,0,1,1,3,1,2,0,1,3,1,2,1,1,1,1,0,1,0,0,0,2,4,1,2,2,2,0,0,0,3,2,1,1,0,3,0,0,1,1,1,2,0,1,2,1,1,2,0,2,0,4,1,2,0,1,1,2,0,1,1,0,0,2,1,1,1,0,0,1,0,0,1,0,1,0,0,0,1,0,0,1,0,3,2,1,1,1,1,0,0,3,0,0,0,1,1,0,1,1,1,0,2,2,0,2,0,0,1,1,0,0,0,2,0,2,0,0,1,0,0,1,0,1,0,1,3,1,0,1,2,0,1,0,0,1,0,1,0,0,0,1,1,1,1,1,2,1,1,2,2,1,3,1,0,1,2,1,4,1,0,0,0,3,2,4,0,0,1,1,0,0,0,2,2,1,1,1,0,1,2,2,3,0,2,0,1,2,2,0,0,0,1,0,0,0,0,2,2,2,1,1,1,2,1,0,1,0,1,2,3,0,0,0,1,1,1,2,0,1,3,1,3,2,2,1,1,3,0,2,1,2,0,0,1,3,2,0,1,1,1,1,0,2,2,1,0,1,1,3,0,2,0,0,2,0,2,0,1,0,1
Gene442,2,1,1,3,0,1,1,1,0,0,0,1,0,1,2,1,0,1,1,1,2,0,0,1,0,1,0,1,3,1,1,3,1,0,2,1,1,1,0,2,3,0,1,1,2,0,0,1,0,0,2,0,0,2,3,0,0,2,0,1,0,0,2,0,0,0,0,0,0,1,0,1,0,2,2,2,0,3,1,0,2,1,0,0,1,1,1,2,1,1,2,2,0,2,0,1,0,1,2,1,0,1,0,2,1,0,0,0,2,2,0,0,2,0,1,1,0,2,0,0,2,3,2,0,4,0,0,0,0,1,3,2,0,2,0,0,0,1,1,1,1,1,1,1,0,0,0,1,0,2,3,0,0,0,1,0,1,2,1,0,0,2,2,2,1,2,2,0,2,1,0,1,0,0,2,1,0,2,1,1,2,1,3,2,0,4,4,0,2,0,0,2,1,1,0,0,2,2,2,1,2,2,0,2,1,1,0,0,1,1,0,3,0,1,0,0,3,0,2,1,1,0,0,1,2,2,3,0,0,0,0,2,0,1,1,0,2,1,1,0,1,1,2,0,0,0,1,2,2,0,0,1,0,2,0,0,2,2,0,0,0,0,2,3,1,0,1,0,0,0,1,1,1,1,0,4,1,1,0,0,2,0,1,0,0,1,1,0,0,0,1,0,0,2,1,2,1,2,0,1
Gene443,1,0,0,1,0,1,1,1,1,1,0,0,2,0,2,2,2,2,0,1,1,0,1,0,0,1,0,0,3,1,0,2,2,1,2,0,1,0,1,0,2,2,0,1,0,0,1,0,1,0,2,2,2,0,1,1,1,0,1,2,0,1,0,1,1,0,0,0,0,2,0,0,1,0,1,3,0,2,1,1,1,2,2,3,1,1,0,0,3,1,0,0,1,3,0,2,0,0,1,1,0,0,0,2,1,0,0,1,2,3,1,0,1,1,0,1,0,2,0,4,1,1,1,0,1,0,3,1,2,1,0,1,1,1,0,0,0,2,0,0,1,1,0,1,2,0,3,1,2,0,1,0,1,0,0,1,1,0,1,0,2,1,0,1,3,0,0,2,0,1,0,0,2,0,0,1,2,2,4,0,0,2,1,1,2,0,2,1,2,3,1,0,1,0,1,0,0,2,1,1,0,0,0,0,3,1,2,1,1,0,0,1,1,1,0,0,0,0,0,1,0,2,1,2,0,1,1,0,0,1,2,1,3,1,0,0,0,1,0,1,1,0,3,1,0,2,2,1,0,2,1,0,1,2,0,1,2,1,0,0,2,2,0,2,1,2,0,0,0,2,1,1,0,0,2,0,1,1,2,0,2,0,1,1,1,0,0,0,0,1,0,1,0,2,2,2,4,1,2,2
Gene444,1,0,0,2,1,1,1,1,1,1,0,1,0,0,0,1,2,4,2,1,2,0,0,0,2,2,1,1,0,0,2,1,1,1,2,0,1,0,0,2,0,0,1,1,1,1,0,3,1,2,0,1,2,0,1,0,1,0,0,2,0,1,0,1,1,0,1,0,2,0,0,1,0,0,1,1,1,1,1,0,0,1,0,1,0,0,0,1,3,0,2,0,0,0,0,3,0,1,3,0,1,1,0,1,0,0,1,0,0,0,0,1,1,2,1,0,1,2,0,2,2,0,2,3,1,0,1,3,3,1,1,0,0,1,0,0,0,2,2,2,1,2,0,0,3,1,0,0,0,2,1,0,2,1,1,0,0,1,0,1,2,1,2,1,2,2,1,1,0,1,1,2,1,2,3,1,1,2,0,1,1,0,0,0,0,0,2,1,0,2,0,0,0,2,0,0,1,1,1,0,0,2,1,0,0,1,2,1,1,0,0,2,0,3,1,0,0,1,1,1,2,0,1,0,1,0,2,1,3,5,1,1,2,2,0,0,3,0,2,1,2,0,0,0,2,1,3,0,2,2,0,0,0,0,0,0,1,0,0,2,1,0,0,1,2,0,1,1,2,1,1,1,0,0,0,2,0,0,0,1,0,1,0,0,1,1,0,1,4,0,2,4,1,0,0,4,2,0,0,3
Gene445,1,3,1,0,3,1,0,0,1,1,0,1,0,1,1,0,0,3,1,0,4,3,0,0,2,0,1,2,1,0,0,0,0,1,2,1,0,4,0,0,2,2,0,1,1,0,0,2,2,3,0,3,1,1,1,0,3,0,4,0,1,1,0,0,3,1,1,2,0,1,0,2,1,1,1,0,3,1,0,2,1,0,0,0,1,0,1,0,0,2,1,0,2,0,0,3,1,2,1,4,1,1,2,1,1,1,0,0,3,0,0,1,0,0,0,3,1,0,1,2,2,0,1,1,2,0,1,0,0,0,1,0,1,1,1,1,0,0,0,0,1,0,0,1,1,0,0,1,0,1,1,1,2,1,4,1,0,1,2,1,1,1,1,1,0,1,1,1,1,1,1,2,0,3,1,0,2,1,0,0,1,2,1,1,0,3,1,0,2,1,0,1,1,2,1,3,2,1,0,2,0,0,0,0,3,0,2,0,2,0,3,0,1,2,5,0,2,0,1,1,0,1,2,1,0,0,1,0,4,0,2,1,2,1,3,0,1,1,0,0,0,0,0,3,0,1,2,2,1,0,0,1,0,0,3,0,0,1,0,0,1,2,0,1,0,0,0,1,0,0,2,1,1,0,1,1,0,3,1,2,0,1,0,0,0,0,1,1,0,3,1,1,0,1,0,0,3,3,1,1
Gene446,1,2,1,1,2,0,0,1,1,2,1,4,2,1,1,3,0,1,1,2,2,0,0,0,0,0,1,2,3,0,0,0,1,0,1,2,0,2,1,0,1,1,0,2,0,0,1,0,1,1,0,0,4,0,3,3,1,0,1,1,1,1,3,1,1,2,0,2,1,1,1,1,2,1,0,0,3,1,1,0,0,1,2,0,0,1,1,2,2,1,2,1,0,2,0,0,3,0,0,0,1,1,2,1,1,0,2,1,0,1,1,0,1,3,1,3,0,1,2,0,1,2,2,1,0,2,0,1,4,5,0,0,1,2,1,0,2,0,1,0,1,2,1,1,1,0,0,1,0,0,0,2,1,2,1,0,1,1,0,2,0,1,1,2,0,0,0,1,1,1,0,1,0,2,0,1,0,2,2,2,1,0,0,2,1,0,0,3,1,3,0,2,3,1,1,0,1,1,3,2,1,2,0,1,0,0,1,1,1,3,1,2,0,0,1,0,4,0,1,0,1,2,2,3,2,2,1,0,1,0,1,2,2,0,1,1,3,2,0,1,1,0,2,3,4,0,1,1,0,1,0,1,2,2,2,2,0,0,0,0,0,1,0,0,1,4,0,1,3,2,0,1,2,0,0,4,0,0,2,0,0,1,1,0,1,1,1,1,1,0,0,0,2,1,1,1,1,2,0,0
Gene447,1,0,3,1,1,0,1,2,0,3,0,0,1,2,0,2,2,1,2,0,2,3,1,1,0,0,4,0,0,0,0,1,0,2,1,1,0,0,1,0,1,1,2,0,1,1,0,1,0,0,2,2,0,0,0,0,1,0,1,1,1,3,2,0,0,1,1,2,0,1,1,1,0,0,0,0,2,1,1,4,1,0,0,1,1,0,0,1,0,3,0,1,0,0,0,3,0,3,0,1,0,2,0,0,1,1,0,1,2,1,1,0,4,2,1,0,2,2,0,2,1,1,4,1,2,2,2,1,1,2,0,0,0,2,0,0,2,1,2,0,3,0,2,2,1,2,3,1,2,0,3,1,2,1,0,1,0,2,1,0,1,0,2,1,2,1,0,2,0,2,2,2,0,0,0,0,1,2,1,2,0,2,0,2,0,1,0,2,0,2,1,1,1,2,1,2,0,0,0,1,0,2,0,2,2,0,0,1,1,0,1,0,3,2,1,0,0,2,0,0,2,0,0,1,2,0,1,0,0,1,0,1,0,1,3,1,0,1,1,0,2,1,3,2,0,0,1,1,1,1,0,5,0,1,1,0,0,0,0,1,1,0,1,1,0,4,1,2,1,0,0,1,2,3,0,2,1,2,1,0,0,0,0,0,1,1,1,2,1,1,1,2,0,0,2,0,0,2,2,0
Gene448,1,0,3,2,3,0,0,0,2,0,1,2,3,1,3,1,2,3,3,2,1,1,1,0,2,1,0,1,1,0,2,0,0,3,1,0,0,2,0,0,1,0,0,2,1,0,2,1,0,0,2,0,1,1,3,2,2,1,1,0,2,3,2,2,0,0,3,1,1,3,4,0,3,4,0,3,0,2,0,3,1,4,0,3,1,0,1,1,1,0,1,0,1,2,1,1,2,1,2,0,1,0,3,1,1,1,1,0,1,0,0,1,0,1,1,0,2,2,1,0,0,1,2,1,3,0,1,0,0,0,1,1,2,0,1,0,1,0,2,1,1,2,4,0,1,1,1,1,0,1,1,2,0,3,0,0,1,0,3,0,1,3,0,0,1,0,2,0,1,0,0,0,1,0,1,2,1,0,1,1,1,0,1,1,1,0,1,0,0,1,1,0,1,0,0,1,1,2,0,2,2,1,1,1,1,1,0,1,2,3,1,0,1,0,1,1,0,3,1,0,2,1,1,4,0,0,1,1,0,0,2,2,0,1,0,2,0,1,0,0,1,4,1,1,0,0,1,0,0,1,0,1,0,0,1,2,1,0,0,1,2,0,2,0,1,0,0,0,0,1,0,1,2,1,3,1,0,0,1,0,0,3,1,0,0,1,0,1,0,2,0,1,1,1,1,0,1,0,3,3
Gene449,0,0,0,2,1,0,3,2,2,3,3,0,2,1,3,1,3,1,0,1,0,1,0,1,1,0,0,1,0,0,0,1,0,3,1,1,5,1,1,4,0,0,0,0,0,1,0,0,0,3,1,0,0,2,0,1,0,2,1,1,2,2,0,1,0,0,2,1,1,2,0,1,1,0,0,4,1,1,0,0,0,2,1,0,0,2,2,1,0,1,0,2,0,1,3,1,2,1,1,0,2,1,1,1,0,2,1,0,1,0,2,2,1,1,0,0,0,3,0,0,0,0,3,0,2,1,2,0,0,1,4,0,1,2,0,0,0,2,0,1,1,1,1,2,1,1,1,0,2,1,0,4,0,0,1,1,1,1,3,2,0,1,1,0,0,0,0,2,1,2,1,2,2,2,0,1,0,3,2,0,0,0,0,2,0,2,2,1,0,2,0,0,1,2,3,0,2,2,1,2,2,1,1,3,0,2,3,0,1,1,2,1,1,0,1,2,3,2,2,0,0,3,2,0,1,3,1,1,1,0,0,2,1,2,0,0,1,1,1,0,2,0,1,2,0,1,0,0,2,1,1,2,1,0,1,1,0,0,0,1,0,0,0,0,1,1,1,1,0,1,1,3,0,0,1,0,0,1,0,2,0,1,1,1,1,1,0,0,2,1,1,0,0,0,1,1,0,1,3,1
Gene450,0,1,2,4,1,0,0,2,0,0,1,2,0,1,0,2,0,1,0,0,1,1,1,0,0,0,1,1,0,0,2,2,1,0,1,1,1,0,0,1,0,1,0,0,1,2,2,0,0,0,1,0,1,0,2,1,0,1,1,2,2,0,1,2,2,1,1,3,0,1,1,1,2,0,0,0,2,1,0,0,0,2,3,2,1,0,0,1,1,3,1,0,1,2,1,0,4,2,0,1,1,1,1,0,1,0,0,1,0,1,2,1,1,1,2,2,0,0,0,1,1,1,1,1,0,2,3,1,2,1,1,0,2,0,0,2,1,0,0,2,1,1,0,0,0,2,0,4,4,1,1,2,2,2,1,1,1,1,1,0,2,1,1,1,0,1,1,0,0,2,0,2,2,1,1,1,0,2,2,0,1,0,0,0,0,1,4,0,0,1,2,1,1,0,0,0,0,1,4,1,1,2,2,0,1,1,2,2,2,1,1,1,1,0,0,0,0,0,1,0,1,0,0,1,2,0,2,4,0,0,1,0,1,1,3,0,2,0,0,1,1,3,1,1,0,0,2,0,2,0,1,2,2,1,4,0,1,0,2,3,1,1,3,3,1,1,1,0,0,2,0,1,0,1,0,1,1,2,1,2,2,1,0,0,1,0,2,2,1,1,3,1,2,0,0,4,0,1,3,2
Gene451,1,1,1,2,0,1,1,0,1,2,0,2,0,0,0,2,2,0,0,0,1,1,1,0,2,0,1,0,5,2,1,0,1,0,2,1,5,3,1,1,0,1,0,2,0,0,0,1,1,2,0,1,0,1,2,1,0,0,1,1,2,1,2,1,2,1,1,4,1,0,3,0,0,0,1,3,1,1,2,1,2,3,0,2,0,0,0,2,3,1,2,1,1,1,2,1,1,2,4,1,0,3,2,1,1,0,0,2,1,1,1,1,0,1,4,1,3,0,3,1,2,1,1,1,1,2,0,0,1,1,0,0,5,0,0,0,2,2,1,0,0,1,0,1,1,1,0,3,2,1,0,0,0,2,1,0,1,2,1,0,1,0,0,2,0,2,3,2,1,0,1,0,1,1,1,1,0,1,0,0,0,0,0,0,0,2,0,1,0,0,2,2,3,1,0,4,2,1,0,0,1,1,0,0,2,0,1,0,1,1,3,1,1,0,1,1,2,1,2,0,1,1,3,0,4,0,1,2,3,1,0,2,2,0,1,0,1,2,1,0,0,1,0,1,0,1,0,2,5,1,0,1,1,2,2,2,2,0,3,0,0,1,1,1,2,1,0,2,0,2,1,1,0,0,2,3,2,1,1,1,1,2,2,1,0,1,0,1,1,2,0,0,0,1,3,2,2,1,2,2
Gene452,3,1,1,2,2,0,1,0,2,3,1,3,1,1,1,1,1,0,0,3,2,2,0,0,1,1,0,0,1,0,1,0,3,0,1,1,1,1,1,0,0,2,0,2,1,1,0,2,2,0,1,1,2,1,0,1,1,0,2,0,1,2,2,3,1,0,1,0,2,2,2,1,0,0,1,1,1,1,0,0,1,0,1,1,1,1,0,0,1,0,0,0,1,1,1,0,0,2,1,0,2,1,1,1,1,0,1,5,3,1,1,1,0,3,0,1,3,1,0,0,1,0,1,0,1,0,1,1,0,0,1,0,1,1,1,0,0,2,3,0,2,1,0,1,1,1,0,1,1,1,1,1,0,2,3,0,3,1,1,0,1,0,2,2,0,0,0,0,2,1,3,2,1,0,2,0,1,2,0,0,3,1,1,2,0,4,0,0,2,2,0,2,2,3,1,1,3,2,2,0,2,2,0,0,0,1,2,2,1,0,1,1,2,1,0,0,2,0,3,1,0,1,2,1,0,0,2,1,1,3,0,0,1,0,1,2,2,1,0,2,2,0,1,0,1,1,0,0,2,1,0,3,1,2,1,2,1,0,0,0,0,0,1,0,3,0,1,2,2,2,0,2,1,0,0,0,0,0,0,1,0,1,1,2,4,1,0,2,0,1,4,0,1,0,1,2,0,1,1,0
Gene453,3,4,0,0,0,0,2,3,1,0,1,1,3,1,0,2,1,1,1,0,3,1,1,3,0,0,1,1,0,2,0,1,1,0,0,1,3,1,1,0,3,1,1,1,1,1,2,1,0,2,2,0,1,1,2,2,1,0,2,1,1,3,1,3,1,2,0,1,1,0,0,0,1,0,0,1,0,0,2,0,1,2,3,2,3,1,1,4,1,0,0,0,1,0,2,0,2,2,2,2,2,2,1,1,0,0,0,1,4,0,1,0,0,3,2,2,1,1,1,2,0,1,3,0,2,1,1,1,0,2,1,1,2,2,3,1,3,2,1,0,1,0,1,1,1,0,0,3,1,2,1,0,0,0,0,2,2,0,3,1,1,2,2,1,2,0,0,0,0,0,1,0,1,1,0,0,0,1,3,2,0,0,0,2,2,2,1,2,1,0,0,0,1,2,0,2,0,3,1,1,1,0,0,0,2,3,1,0,3,3,0,1,1,2,3,0,2,1,4,0,0,0,1,0,5,0,0,0,1,2,1,0,2,2,2,1,1,2,2,0,1,1,0,1,2,2,0,0,1,0,1,1,0,1,0,4,0,2,2,1,1,0,0,0,0,0,1,3,1,2,0,1,0,3,3,0,1,1,1,1,0,1,0,2,2,0,2,0,0,2,0,0,0,0,2,2,3,1,3,0
Gene454,3,2,1,0,2,0,2,2,0,1,0,3,2,3,0,0,2,1,2,1,2,1,1,3,0,1,0,0,1,0,0,1,0,1,0,2,2,1,0,1,1,1,2,0,0,1,0,2,2,3,2,1,1,1,0,2,3,1,2,0,2,0,2,0,0,1,1,2,1,0,0,0,1,1,2,2,0,1,1,2,1,3,3,1,0,0,2,1,3,3,0,0,1,2,1,1,2,3,1,1,2,1,0,1,1,1,2,2,1,1,1,0,0,1,0,1,0,2,1,1,1,2,0,0,1,0,1,4,1,1,2,0,1,0,0,1,1,0,0,1,0,1,0,2,1,0,1,2,0,1,1,1,0,1,0,1,0,1,2,0,0,0,2,1,1,0,0,0,0,0,3,1,0,0,0,1,2,0,3,0,0,0,1,2,1,0,0,1,1,0,0,1,0,3,1,0,2,2,3,1,1,1,2,0,1,0,2,1,1,1,4,0,3,0,3,1,0,0,1,2,1,0,1,2,1,2,4,0,1,0,0,4,0,4,1,0,1,3,2,0,0,0,1,2,1,1,0,1,2,1,1,4,1,0,2,2,2,0,0,0,1,1,2,3,3,0,1,1,2,1,2,0,2,2,3,1,1,1,0,0,1,0,0,2,1,2,1,0,0,1,1,1,0,0,0,4,0,1,0,0
Gene455,1,2,2,1,0,3,0,1,1,1,3,2,3,0,1,4,1,3,4,2,0,1,2,0,2,3,1,2,0,0,0,1,0,1,1,1,1,0,1,1,0,1,2,1,1,1,0,0,1,1,2,1,2,1,2,0,1,0,3,0,0,0,1,2,3,1,1,0,0,1,0,0,1,4,1,0,0,0,2,1,1,2,0,0,2,0,0,0,1,4,0,0,2,1,3,0,2,2,3,0,0,2,3,0,0,0,1,0,1,1,1,2,0,1,1,0,0,2,0,0,0,0,1,0,0,1,0,1,0,1,1,1,2,0,1,1,1,1,0,1,2,1,1,0,1,1,0,1,2,2,4,0,0,2,1,0,1,0,1,1,1,0,0,1,1,1,2,2,1,1,1,0,2,0,0,2,3,0,1,1,1,0,0,0,0,0,2,2,2,0,2,1,0,1,1,1,1,0,1,3,0,0,0,1,0,0,0,3,1,0,0,1,0,1,0,3,2,0,0,4,0,1,1,1,0,1,2,2,0,2,1,3,0,1,2,0,1,1,1,1,4,0,0,1,3,0,1,1,0,1,1,0,2,2,2,0,2,1,1,2,0,1,1,1,0,1,1,1,1,1,0,0,2,1,0,3,0,1,1,2,3,3,1,1,0,1,0,1,0,1,0,2,2,1,0,1,0,2,0,1
Gene456,1,1,0,1,0,0,1,0,2,3,0,1,0,0,0,1,0,1,1,3,1,0,2,2,1,1,2,1,0,3,1,0,0,1,0,1,1,1,2,0,1,0,0,0,0,1,0,0,0,4,0,1,1,0,2,2,0,1,3,0,1,3,2,1,1,1,0,1,1,2,2,1,2,2,1,1,0,1,0,0,0,1,0,0,2,0,1,1,1,0,0,0,4,1,1,0,2,1,1,1,2,0,0,2,0,2,0,2,3,1,2,4,1,0,1,1,2,1,0,1,0,1,1,0,3,0,1,0,0,0,2,1,1,1,0,0,0,1,1,0,1,1,1,1,0,3,0,1,0,0,0,1,0,0,1,2,0,0,2,2,0,1,2,0,2,3,1,1,0,0,2,0,0,0,3,0,0,0,1,2,0,1,1,1,1,1,4,0,3,0,2,5,0,3,0,0,1,2,1,0,3,0,1,2,1,0,0,0,3,1,1,1,1,5,1,2,0,1,1,2,1,0,0,0,2,1,0,1,1,2,1,5,0,0,1,1,0,1,0,1,3,0,1,1,3,1,1,3,1,1,1,1,1,0,1,2,0,2,0,1,3,2,2,1,1,0,0,1,1,0,0,2,2,0,1,0,2,2,1,1,1,0,3,1,2,0,3,2,1,0,0,0,2,2,0,1,3,1,1,0
Gene457,1,0,1,1,0,1,0,0,0,2,0,0,1,0,0,0,0,0,2,2,2,0,1,0,1,0,1,2,0,1,0,0,3,0,1,0,1,2,2,0,0,1,0,2,2,1,0,0,1,2,0,2,0,0,0,1,2,0,0,1,0,0,2,1,0,0,1,2,1,1,0,0,3,2,2,1,1,2,2,0,1,1,1,2,0,0,2,3,0,0,2,3,0,0,1,2,2,2,2,1,0,0,2,1,1,0,0,0,1,1,0,1,0,1,2,2,0,1,0,1,0,2,0,0,2,2,0,1,2,3,2,1,1,0,0,0,0,1,0,2,1,2,2,1,1,3,2,1,1,1,0,1,1,1,1,0,2,1,0,0,2,1,1,0,0,1,1,1,0,0,1,3,1,3,0,1,1,1,1,1,2,3,1,1,2,1,2,1,1,2,0,0,1,1,3,0,0,4,1,0,0,1,0,1,0,2,0,3,4,0,0,1,1,0,1,0,3,1,1,0,2,1,5,2,0,0,0,0,0,0,3,0,0,0,1,1,0,1,0,1,1,0,4,1,1,3,0,2,1,1,2,2,1,0,0,0,0,0,2,2,0,0,1,1,0,0,1,1,0,1,0,1,0,1,2,2,1,0,1,1,1,0,0,0,0,0,1,1,4,0,2,0,1,0,1,0,0,0,0,0
Gene458,1,1,0,4,1,2,0,0,2,2,2,2,0,1,1,2,0,1,0,1,1,0,2,1,1,0,0,1,0,1,3,1,1,0,1,2,5,0,3,1,3,1,2,0,0,3,2,1,1,1,2,4,1,2,0,0,2,4,1,1,3,1,4,1,1,1,1,1,1,0,0,1,1,2,1,3,0,0,2,1,2,1,1,0,0,2,2,0,3,0,1,2,0,1,1,1,3,2,2,0,2,0,2,1,1,2,1,1,0,0,0,1,0,2,1,0,1,1,2,1,1,0,2,1,0,4,3,0,0,0,1,1,0,1,0,2,1,4,1,0,1,1,1,1,0,2,1,2,0,1,0,2,0,1,0,1,1,0,0,1,0,0,1,0,1,0,0,1,0,0,1,1,2,0,1,1,3,1,1,2,0,1,0,0,1,1,1,1,0,0,0,1,1,1,0,1,1,1,1,2,1,1,0,1,1,1,3,4,0,2,0,0,1,2,1,0,1,1,0,1,1,1,1,0,1,0,1,0,1,0,0,2,2,0,2,0,2,1,1,1,2,2,3,0,0,2,0,0,1,0,2,1,4,0,1,2,3,4,1,0,0,2,1,1,1,0,0,2,2,0,1,0,0,1,0,1,1,0,0,1,0,0,0,0,3,0,2,0,0,1,0,1,1,1,1,1,0,0,2,3
Gene459,0,2,2,0,1,1,0,0,1,2,0,2,2,0,1,2,1,1,2,0,1,1,2,0,4,0,0,2,1,1,0,1,0,1,0,1,0,2,1,2,1,1,0,0,0,0,2,1,0,1,2,0,1,2,0,1,0,1,0,1,2,1,1,0,2,1,0,2,0,1,1,2,0,1,2,2,4,3,0,0,2,4,0,0,0,1,0,1,3,0,2,2,1,0,2,0,1,0,0,0,1,1,0,2,1,3,0,1,0,0,1,1,0,2,2,3,0,2,0,1,2,3,0,1,0,1,0,0,0,2,0,0,1,1,1,1,1,1,1,1,2,0,0,2,0,1,0,1,1,0,0,0,0,1,2,0,1,1,0,3,2,3,1,3,1,2,0,0,0,1,1,0,1,3,1,2,0,2,1,1,1,2,3,0,2,2,0,1,1,1,1,0,0,0,2,1,2,0,0,3,1,1,2,2,1,2,3,1,3,1,0,0,0,0,1,1,3,1,1,3,1,3,2,0,0,0,4,3,0,0,0,0,1,1,0,0,1,0,0,1,0,2,1,2,1,1,1,0,0,0,1,1,1,0,2,0,1,0,1,1,0,1,1,1,3,2,0,2,0,1,2,0,0,0,1,2,2,2,2,1,1,1,0,3,3,1,2,1,0,1,2,0,0,1,2,1,1,0,0,1
Gene460,1,1,1,0,1,1,0,2,2,0,2,1,1,0,1,2,0,1,1,2,1,1,0,2,1,0,1,2,0,0,1,0,1,1,0,0,0,2,2,0,0,0,0,2,3,1,2,2,0,2,2,0,0,1,1,0,0,0,0,1,0,0,3,0,0,0,1,0,1,0,1,0,1,0,0,2,2,3,1,1,2,1,0,2,3,0,1,3,0,0,1,0,3,0,2,1,3,1,3,1,1,0,1,1,0,0,1,1,0,0,1,1,0,0,0,1,1,0,1,1,0,1,0,0,0,1,0,0,0,1,2,1,0,1,1,0,2,1,0,3,2,1,2,0,1,2,0,0,1,1,0,2,2,2,1,0,2,0,1,0,0,0,3,1,0,1,0,1,0,0,1,1,1,4,2,2,0,1,4,1,1,0,0,2,0,1,3,0,2,2,1,1,2,1,0,1,3,2,2,0,1,0,1,1,2,2,0,1,0,0,1,2,1,2,0,0,0,0,1,2,1,0,1,0,0,1,0,4,1,1,2,2,2,1,1,0,3,4,3,3,0,2,0,0,0,2,0,1,0,2,1,1,0,1,1,0,1,1,1,1,1,1,2,1,3,1,2,3,1,1,1,0,0,0,3,1,0,0,0,1,1,0,1,1,0,0,3,0,0,0,0,0,1,2,1,2,1,1,0,1
Gene461,1,0,0,2,0,0,1,0,1,0,0,0,0,2,2,2,2,1,3,1,2,1,1,0,1,1,0,0,2,1,0,2,1,1,1,0,2,0,2,1,0,3,1,1,2,3,1,1,2,0,1,0,1,0,1,1,0,1,0,0,2,0,1,2,3,1,1,1,1,1,2,2,2,2,0,1,0,1,0,0,3,0,3,2,4,1,1,1,0,0,1,0,1,1,1,1,0,4,1,0,2,3,0,1,1,0,1,0,0,0,0,1,0,0,2,0,0,1,0,0,0,0,1,0,1,1,0,1,0,1,2,2,0,1,1,2,1,1,0,1,2,0,2,2,1,1,1,0,2,0,4,0,0,1,1,1,0,1,2,1,1,1,1,0,0,0,1,0,4,0,0,1,2,1,0,0,2,2,0,1,1,1,3,1,2,1,1,0,1,0,0,0,0,1,0,1,1,1,4,1,2,1,1,0,2,1,1,1,2,1,0,2,1,0,0,1,0,2,2,0,1,3,2,1,0,0,1,0,1,0,0,0,2,1,0,1,2,1,2,2,0,0,1,1,2,0,1,1,2,0,1,2,3,2,0,2,1,2,3,0,1,0,3,1,1,0,2,1,1,1,0,3,0,0,3,0,0,0,1,6,1,2,1,3,0,0,2,4,4,0,0,1,1,1,0,0,0,2,0,1
Gene462,2,3,0,0,1,0,2,1,1,1,0,3,2,4,1,1,0,4,1,2,1,0,2,1,0,1,1,0,1,3,1,1,2,0,0,0,2,0,3,0,2,1,0,2,1,1,0,3,2,0,0,0,0,1,0,1,1,0,1,2,1,2,0,0,1,1,0,2,2,1,1,0,1,1,2,0,1,1,1,0,2,0,0,2,2,1,1,0,1,0,0,3,2,1,1,0,2,3,2,2,2,2,1,1,2,0,0,0,1,1,0,1,1,1,4,2,1,0,1,1,0,3,2,3,1,0,0,3,1,1,0,2,2,0,1,0,3,2,0,0,0,1,5,1,2,1,1,2,2,1,0,0,0,0,2,2,2,0,1,1,1,1,2,0,0,0,0,1,3,2,1,1,1,0,1,2,0,0,0,2,0,2,1,2,2,2,1,2,1,1,1,2,3,1,0,3,1,0,0,0,2,2,1,0,0,0,2,2,0,0,0,1,0,0,2,1,0,0,0,0,1,1,0,1,1,1,2,0,0,0,0,2,1,3,0,1,0,2,0,2,0,0,2,4,1,1,1,1,0,0,1,0,1,1,1,1,1,1,1,1,3,2,5,2,1,0,0,1,2,0,1,1,3,0,1,3,2,2,1,2,0,2,0,1,1,2,2,2,0,0,0,2,0,0,1,1,0,1,2,1
Gene463,0,2,1,1,1,2,1,0,2,1,2,1,1,1,3,3,3,3,1,1,1,0,2,1,1,1,0,1,1,2,2,0,1,1,3,2,0,1,1,0,3,1,2,1,0,0,3,2,1,0,3,1,0,0,1,1,0,1,1,2,1,0,1,1,1,1,1,0,1,0,0,1,0,2,0,1,0,1,3,1,1,3,1,0,3,1,0,2,1,1,0,2,1,0,1,0,0,0,1,1,0,0,0,0,0,1,1,2,1,0,0,1,0,1,0,0,1,2,1,1,1,2,0,0,0,0,1,0,1,1,1,0,3,1,0,1,4,0,1,1,1,0,1,4,0,1,0,0,2,0,0,0,2,1,2,3,3,2,2,3,2,0,1,0,0,0,1,0,1,1,1,2,1,1,0,1,0,3,0,0,1,3,2,0,1,2,2,4,0,0,0,2,1,1,0,1,1,1,0,1,2,3,0,1,2,0,1,1,1,0,2,1,3,2,1,0,0,0,2,0,1,1,0,0,1,0,1,2,1,0,2,3,1,3,2,3,2,0,3,2,2,0,2,0,1,1,0,1,2,0,1,1,1,0,0,0,0,0,3,2,0,3,1,2,1,1,1,0,1,2,3,2,1,1,0,1,2,0,3,1,1,0,0,2,1,1,1,1,0,2,0,0,1,1,1,2,3,1,0,2
Gene464,3,1,1,2,1,0,3,1,0,0,2,0,1,0,0,1,3,1,3,2,0,0,2,1,1,2,3,1,1,1,0,3,0,2,0,0,1,2,2,0,0,2,1,1,2,0,1,1,0,0,1,1,2,1,2,1,1,2,0,0,1,3,0,0,1,0,1,1,2,2,2,1,1,0,0,5,1,1,1,0,0,0,2,1,2,1,1,0,0,0,3,1,0,0,2,1,0,0,3,2,2,1,0,2,0,0,2,0,2,3,1,0,1,1,3,0,0,0,1,2,0,2,0,0,3,0,2,2,0,0,1,1,0,2,0,0,4,1,1,0,2,0,1,1,1,0,1,0,1,0,1,1,1,1,1,2,0,2,2,0,0,1,0,1,0,0,0,4,0,3,0,1,1,1,0,1,1,3,2,2,1,0,0,3,1,3,1,0,1,0,2,2,1,0,0,2,1,3,0,1,2,3,1,0,0,1,1,1,1,0,0,2,3,1,0,2,1,1,3,1,1,0,0,1,1,0,2,1,1,3,0,2,0,0,0,1,0,0,0,3,1,1,2,2,1,0,0,3,1,2,3,1,0,1,0,1,0,0,0,1,2,1,0,0,1,0,0,2,2,3,0,1,0,2,1,0,0,1,3,0,0,1,0,1,1,1,0,1,1,3,1,0,0,2,0,0,0,2,0,0
Gene465,3,1,3,3,2,1,0,2,2,1,1,1,0,2,2,0,1,1,3,1,2,4,0,1,0,1,0,0,1,1,1,2,2,1,1,2,2,2,1,0,4,2,1,1,1,1,2,1,0,0,4,0,0,1,0,0,1,1,0,0,0,1,0,2,2,1,0,0,0,2,0,0,1,1,2,0,0,4,1,1,2,0,2,1,0,0,0,0,1,2,1,1,1,1,1,0,1,0,2,2,1,0,2,1,4,0,2,3,2,0,0,2,0,2,0,3,1,0,1,2,0,0,1,0,2,2,1,1,0,4,0,1,2,1,1,2,2,1,2,1,0,1,1,2,1,1,1,1,1,0,2,1,1,0,1,0,2,0,1,0,1,4,1,2,0,2,1,2,2,0,0,1,0,0,0,3,3,1,2,2,2,3,3,0,0,2,0,0,1,2,0,0,2,0,1,0,2,2,4,0,0,4,0,1,1,0,2,1,1,1,1,0,0,1,0,1,0,0,0,0,0,0,0,0,1,1,1,1,0,2,2,1,1,0,2,1,2,0,0,0,2,0,0,0,0,0,4,1,2,0,1,2,0,0,0,0,1,2,3,1,2,1,1,2,0,2,1,3,0,0,1,0,5,2,0,0,2,1,1,0,2,2,1,0,1,1,0,2,0,0,1,0,0,1,1,0,0,1,0,1
Gene466,1,3,2,0,0,1,0,0,2,0,1,1,2,2,2,0,2,1,2,0,1,1,0,0,2,1,1,3,1,4,0,2,1,2,1,2,2,1,2,0,1,1,0,2,3,0,3,1,1,1,0,0,5,0,0,2,1,1,1,3,0,1,3,0,3,1,2,2,1,0,0,0,0,1,1,0,1,3,0,0,0,2,2,1,1,1,1,2,2,1,2,1,0,1,1,1,0,2,1,0,0,0,1,1,2,0,0,1,1,2,3,0,0,1,2,1,0,0,0,2,0,1,0,0,1,1,1,0,2,0,0,1,0,0,1,1,1,1,1,0,1,0,1,1,3,1,3,0,1,1,0,0,1,0,2,2,0,2,0,2,1,0,0,1,0,0,1,0,3,0,0,0,0,2,2,2,2,1,2,1,2,1,2,1,2,0,0,0,0,1,0,1,1,2,0,0,1,1,0,1,1,0,0,0,0,3,0,1,0,2,2,2,1,0,0,1,0,3,1,0,0,0,2,1,0,1,0,1,1,0,2,2,1,1,1,0,1,0,3,1,1,0,0,1,1,0,2,1,3,0,1,1,2,0,0,0,1,0,1,0,0,0,1,1,0,1,0,1,3,1,0,1,0,1,2,0,0,1,1,2,2,1,1,1,0,2,0,0,2,1,0,1,1,0,0,0,1,1,0,2
Gene467,1,1,1,1,1,0,0,2,0,0,2,1,3,3,2,0,1,0,1,2,2,1,2,1,1,1,3,2,1,0,0,3,0,1,2,0,2,1,1,0,0,0,0,0,1,1,1,0,3,1,0,0,1,1,2,1,1,0,2,0,0,1,0,2,1,0,1,1,1,1,1,1,1,3,2,1,0,0,0,1,1,0,2,0,0,1,2,1,1,0,3,0,1,2,2,0,1,0,1,0,1,1,0,0,2,0,0,1,0,2,2,1,2,1,1,0,0,2,3,1,1,1,1,0,2,0,0,2,1,1,0,3,0,2,0,1,1,1,0,1,1,0,0,1,0,0,1,1,0,2,1,0,4,1,2,0,0,0,2,4,2,2,1,1,0,0,0,0,0,1,0,1,4,3,3,0,3,0,1,1,1,2,1,1,1,0,1,1,0,1,0,0,0,0,2,1,1,0,0,0,0,1,1,2,2,1,1,0,0,0,0,0,0,1,3,2,1,0,0,1,2,0,1,1,1,0,1,0,2,3,0,0,1,0,1,1,0,0,1,0,2,1,1,3,1,1,0,1,1,0,2,2,0,2,0,0,1,2,3,0,0,1,0,0,0,0,0,1,1,0,4,1,2,0,1,0,1,0,0,1,0,0,3,2,1,0,4,0,0,0,2,1,2,0,0,0,0,1,3,0
Gene468,1,1,2,0,0,1,2,1,1,1,3,1,0,1,1,0,1,1,1,2,2,0,0,1,0,2,0,0,0,1,2,1,2,0,4,0,3,0,1,2,0,1,1,3,2,1,0,2,1,0,0,0,0,2,3,1,2,2,0,3,0,0,2,1,3,1,0,0,0,0,1,2,1,2,1,2,1,0,0,0,1,5,0,0,1,0,0,0,3,0,2,2,0,2,1,2,0,0,0,0,1,3,0,1,1,0,1,0,1,1,0,1,1,0,0,2,3,1,0,0,2,3,0,0,1,3,2,1,1,1,0,0,0,1,0,0,1,1,0,1,2,0,0,0,0,1,0,1,1,0,0,1,0,0,0,2,2,0,1,1,2,0,1,3,2,1,1,1,0,1,0,2,1,0,2,1,1,4,0,1,1,0,0,1,0,0,0,1,1,0,0,1,1,1,1,1,1,3,0,0,0,2,0,1,0,0,0,1,0,0,1,0,2,0,1,1,2,1,3,0,3,0,3,2,2,0,0,2,2,2,0,4,1,1,1,1,3,3,0,1,0,0,0,3,0,2,1,1,0,1,0,2,0,2,1,0,3,2,0,3,0,1,2,3,1,0,0,2,2,0,1,0,0,0,4,0,1,0,0,0,0,0,1,0,0,1,0,1,1,0,1,1,1,0,2,0,0,0,3,1
Gene469,0,3,2,1,2,0,1,1,0,2,0,2,2,0,1,2,1,2,3,0,3,1,1,0,0,0,0,3,1,1,2,0,0,0,1,2,0,1,1,0,1,1,1,0,1,0,1,2,1,1,1,2,2,0,1,0,3,1,0,0,1,0,0,1,2,0,2,2,1,2,0,2,0,1,3,1,1,0,3,1,4,1,0,0,0,0,2,2,1,3,1,0,0,2,1,1,0,2,2,2,2,1,1,0,0,1,0,1,1,0,1,1,2,0,1,2,1,3,2,1,2,2,3,3,0,1,2,1,1,0,3,1,1,1,2,1,1,0,0,1,1,3,0,1,0,0,2,2,1,1,0,1,3,0,0,1,2,1,0,1,1,0,2,1,3,2,2,1,1,3,1,3,1,2,0,3,0,2,1,1,0,0,1,0,0,1,1,2,3,1,0,2,1,1,2,0,1,0,1,4,0,0,0,3,1,0,2,0,4,0,1,1,0,2,0,0,1,3,0,3,0,2,2,0,0,1,3,2,2,1,1,0,1,1,1,0,1,1,0,1,2,0,2,2,0,0,2,3,3,0,0,0,3,1,2,3,4,3,2,0,0,2,0,0,0,2,0,2,1,1,0,0,1,0,0,1,0,1,1,0,2,0,1,0,0,1,1,0,2,1,1,3,1,0,1,1,1,1,1,2
Gene470,1,1,2,1,0,0,2,0,0,0,0,1,1,0,1,2,2,1,1,1,0,0,1,1,1,0,1,0,0,0,1,0,1,0,1,0,0,0,1,1,0,1,1,0,2,3,0,0,0,1,2,1,0,0,1,2,1,2,1,0,0,0,0,4,1,1,0,1,0,2,2,4,0,0,1,0,3,1,2,0,1,0,1,0,1,1,0,0,0,1,2,1,1,1,3,0,0,4,1,0,1,1,0,0,4,0,2,1,0,1,1,0,0,1,0,3,1,1,1,0,2,1,0,0,2,1,3,1,1,3,0,4,2,2,3,1,0,2,1,0,0,1,2,2,0,2,0,3,0,3,0,0,4,1,0,2,1,0,0,2,0,0,1,1,0,1,1,1,0,0,1,0,1,1,0,0,0,0,1,1,1,2,1,2,0,0,0,0,0,1,1,3,3,2,1,2,0,1,2,1,1,2,2,1,0,1,1,1,0,1,0,0,2,0,1,0,1,0,0,2,1,0,2,3,0,0,1,2,2,1,3,0,1,2,2,0,1,2,0,1,1,2,2,0,2,1,0,0,2,0,1,0,0,0,1,2,0,2,2,2,2,0,1,2,0,0,1,1,0,1,0,1,0,1,1,3,1,1,2,0,2,0,2,3,1,1,1,1,1,1,0,2,0,3,0,0,2,0,1,2
Gene471,1,0,1,0,0,0,0,1,0,2,0,0,1,1,0,1,1,1,1,0,4,0,3,0,1,2,1,0,1,0,0,1,0,0,3,2,0,4,0,1,1,2,2,1,1,2,2,1,0,0,0,0,1,1,1,0,0,0,0,3,0,0,1,1,0,2,2,0,1,1,0,6,2,1,3,1,0,2,2,0,0,0,2,0,0,0,1,1,1,0,1,2,1,1,0,0,1,2,1,1,0,2,1,1,1,4,1,2,2,0,3,1,2,1,1,0,0,0,1,2,0,0,1,2,1,3,1,2,2,1,2,2,0,1,3,3,0,1,1,0,1,1,1,0,1,1,3,0,0,1,0,1,1,0,3,0,2,2,2,1,1,1,1,0,1,0,1,1,1,0,1,1,1,1,0,2,1,0,1,0,1,1,0,5,2,0,1,3,0,0,2,0,3,3,2,2,2,0,0,3,1,1,1,1,1,1,1,1,2,0,0,0,1,1,0,0,2,1,1,1,0,0,2,1,2,1,1,3,2,1,1,2,1,1,1,1,0,0,4,1,1,3,1,0,0,0,0,0,0,2,0,1,1,1,1,3,1,1,1,0,1,2,2,2,0,1,0,0,0,1,0,1,0,2,1,1,0,1,2,3,2,0,1,2,2,1,2,0,1,0,2,1,1,1,1,1,2,0,0,1
Gene472,0,3,1,1,1,1,1,3,0,0,2,2,0,0,1,1,0,0,0,2,2,0,0,0,0,1,0,2,1,1,1,0,2,3,2,0,1,0,0,1,4,2,1,2,4,1,0,0,2,1,0,0,0,0,2,1,1,0,0,2,0,0,1,1,0,0,2,2,2,2,1,2,1,1,3,2,2,1,2,2,2,1,1,0,0,1,1,1,0,0,0,2,2,1,0,0,1,1,0,0,1,1,0,0,1,1,0,0,2,0,0,3,0,0,0,0,2,1,3,4,1,1,1,1,2,1,1,0,2,0,0,1,0,1,1,1,1,1,0,2,2,2,5,0,0,3,4,3,0,3,2,2,0,2,1,0,0,1,1,0,1,1,2,1,0,1,3,0,1,1,0,0,3,1,0,2,0,0,0,1,1,0,1,0,2,1,1,1,2,1,1,0,2,1,1,3,0,0,1,3,0,1,0,0,2,1,2,5,2,1,3,0,2,0,1,1,2,2,0,0,3,0,2,2,1,0,1,1,0,4,1,0,1,3,0,1,2,0,2,0,2,2,2,1,0,1,2,1,0,1,0,0,0,3,2,1,4,3,2,2,1,0,2,2,1,2,0,0,0,0,0,0,2,1,0,0,3,0,3,4,0,1,1,0,2,0,2,0,1,1,1,1,0,1,2,0,2,0,3,0
Gene473,0,1,0,1,0,0,1,0,2,1,0,0,0,1,3,1,1,1,3,0,0,0,4,1,2,1,0,1,1,0,0,0,0,0,1,1,0,2,0,1,0,2,1,1,0,4,0,1,0,0,1,0,4,0,1,1,1,0,0,4,0,2,1,2,1,1,0,1,2,1,1,1,0,1,0,0,2,0,2,3,0,4,0,0,0,1,0,1,1,0,1,4,0,1,0,0,1,3,2,1,1,0,1,0,2,1,1,1,0,1,0,0,2,0,1,1,0,1,0,0,1,5,1,2,1,1,0,1,0,0,0,0,1,1,3,1,1,1,0,1,2,2,2,1,1,0,1,0,1,0,1,3,0,3,1,1,0,0,1,3,0,2,0,0,2,1,2,0,1,1,0,0,0,0,1,1,0,1,1,1,1,1,0,1,1,0,0,4,0,0,2,0,2,1,0,0,0,1,2,0,2,0,1,0,2,0,0,0,0,0,0,0,0,0,0,2,1,3,1,3,3,1,1,1,2,1,3,0,0,0,0,0,0,0,0,1,0,0,0,2,2,0,1,3,1,0,0,1,1,1,0,1,0,2,2,0,0,1,2,1,1,3,1,0,0,0,2,2,0,1,0,2,1,0,1,1,2,3,0,1,1,2,1,0,2,0,1,2,1,1,2,3,0,0,4,0,1,0,0,2
Gene474,1,1,1,0,2,0,3,1,0,1,0,2,0,2,1,2,0,0,1,0,0,0,3,0,0,2,1,0,0,3,0,0,1,1,1,2,0,2,0,0,2,3,1,0,0,1,2,2,3,0,2,1,2,1,0,1,3,2,0,2,1,0,2,0,0,0,2,2,0,0,0,0,0,1,1,1,0,2,2,0,0,2,1,2,0,2,0,1,0,1,1,0,1,0,1,2,0,1,2,1,1,1,2,2,0,2,0,1,0,3,0,1,2,1,0,2,1,0,1,3,1,2,1,0,0,2,2,1,1,0,0,3,0,0,0,0,1,0,1,1,0,2,1,1,0,1,2,0,1,3,0,2,1,2,1,1,1,0,1,0,0,2,0,1,0,2,1,0,2,1,0,1,0,1,1,2,1,3,0,0,1,0,1,1,0,0,2,2,1,1,2,0,2,2,1,1,2,1,0,0,2,1,4,1,1,1,1,1,3,3,0,1,1,0,3,0,0,4,0,1,1,0,3,2,1,1,2,0,1,1,0,1,1,1,0,0,1,1,0,2,2,1,2,0,2,1,0,2,0,1,1,0,1,1,0,2,1,1,2,1,0,1,2,1,0,1,1,0,1,1,1,4,0,0,0,2,2,0,2,2,2,0,0,1,1,0,1,0,1,1,2,1,1,2,2,2,2,2,2,1
Gene475,1,0,1,1,0,3,1,0,2,1,1,3,0,3,1,0,1,1,2,3,1,1,1,0,2,0,0,0,0,2,0,1,2,1,0,1,0,0,1,0,0,0,2,3,3,2,0,1,1,0,0,0,0,0,1,1,1,1,0,2,1,0,1,0,0,3,2,0,0,0,1,0,0,2,2,0,2,0,3,1,1,1,2,1,1,0,0,1,0,2,1,1,1,2,1,1,0,0,0,1,0,2,0,0,0,1,0,3,3,1,2,0,1,0,1,1,4,1,3,2,0,0,0,1,0,0,0,0,1,1,0,1,0,1,0,1,0,0,1,2,5,0,1,1,0,0,0,2,1,0,0,0,0,0,1,1,3,3,1,0,1,2,0,0,1,1,0,2,1,0,5,0,0,1,2,2,0,0,3,1,0,1,3,2,1,3,2,3,1,1,2,1,1,2,3,0,1,0,0,1,0,1,1,1,0,4,1,0,0,1,3,1,0,1,0,1,0,1,1,0,3,0,0,2,2,0,1,0,0,1,1,3,0,0,1,3,1,2,0,2,2,3,0,0,2,2,2,3,0,0,0,0,3,1,0,1,0,1,1,1,0,1,0,0,2,2,2,0,1,1,3,2,0,0,1,1,1,1,4,2,1,0,3,0,0,1,0,0,1,2,1,2,0,1,1,1,0,1,0,1
Gene476,0,1,1,1,0,4,1,0,0,1,0,0,1,0,0,2,2,0,2,1,1,0,0,0,0,0,0,0,0,2,0,1,0,1,1,0,0,3,0,0,2,1,2,1,0,0,1,1,1,0,0,0,0,0,2,0,0,0,3,1,1,2,0,1,0,1,1,2,0,2,1,1,1,2,2,1,0,0,0,1,0,0,2,1,3,2,3,3,0,2,1,0,0,3,1,1,0,1,1,1,0,0,3,0,0,0,0,3,1,1,1,2,2,0,1,0,2,1,1,2,0,1,1,0,1,2,2,1,2,0,4,2,0,0,1,1,1,1,0,1,1,2,1,2,2,1,0,0,1,1,0,0,2,0,1,0,1,1,1,1,0,0,1,2,0,1,1,4,0,0,2,0,1,0,3,1,1,0,1,0,0,1,3,2,1,0,2,1,0,2,0,1,1,1,1,3,1,1,1,0,1,0,0,0,1,0,0,1,1,1,2,4,1,2,1,0,2,1,1,2,2,0,1,0,0,1,1,1,1,1,0,0,3,2,0,1,0,2,1,0,0,2,1,1,0,2,0,0,2,1,1,1,3,0,3,4,1,0,1,0,1,0,4,2,0,0,2,0,0,2,0,0,0,4,1,1,0,0,1,0,2,1,1,1,1,0,0,1,1,0,0,2,0,1,1,0,1,1,2,0
Gene477,1,0,2,0,2,1,1,0,0,1,1,0,0,1,0,0,2,0,1,1,1,2,2,3,0,1,1,0,2,0,2,1,1,2,0,2,0,3,1,0,1,2,1,1,1,0,2,0,0,1,2,1,1,0,1,2,2,1,0,0,2,0,2,0,0,0,3,0,1,1,0,0,2,1,5,0,3,2,0,0,1,0,1,1,1,2,3,0,0,0,2,0,0,0,1,1,0,0,1,0,5,1,0,1,1,1,1,1,1,1,2,1,3,4,1,0,1,2,2,1,1,1,0,0,1,3,1,3,0,2,0,1,0,0,0,2,5,0,2,3,3,3,1,1,0,1,2,2,0,1,1,1,0,0,1,0,1,0,0,1,2,0,2,2,2,1,0,1,1,0,0,0,1,2,0,3,0,1,0,1,0,0,1,0,0,5,1,1,1,2,1,2,0,2,1,1,0,1,0,0,2,1,3,3,0,2,0,0,3,0,0,1,0,1,4,0,0,0,2,1,1,2,1,3,0,0,1,1,0,3,1,1,2,0,1,1,0,1,0,1,1,0,1,2,2,0,1,0,2,1,0,0,3,0,0,0,1,0,0,3,0,0,1,1,0,0,1,0,1,1,1,0,0,0,1,1,2,1,1,1,1,0,1,0,2,0,2,0,1,0,1,1,0,1,0,4,2,1,0,0
Gene478,1,1,1,0,0,2,1,1,0,1,3,0,0,0,0,1,1,1,1,0,1,1,1,0,0,0,0,0,1,0,0,0,0,2,0,1,2,1,0,0,0,2,0,1,0,0,6,1,0,0,0,4,1,3,2,0,0,2,1,1,0,0,0,2,1,1,3,1,0,0,1,0,3,1,0,0,6,0,1,0,0,0,1,0,2,1,0,1,2,0,3,2,2,3,0,1,2,1,1,1,1,0,1,0,0,3,1,0,1,1,2,0,0,1,1,1,2,2,1,1,0,1,0,0,2,0,1,1,2,1,1,1,2,1,1,2,2,1,0,2,0,1,0,0,2,1,2,0,0,0,2,1,0,1,2,0,0,1,1,0,1,0,2,1,0,3,3,1,0,0,3,0,1,2,0,5,0,2,0,1,3,2,2,1,1,0,0,0,1,1,0,1,0,1,2,2,0,0,2,2,0,0,0,1,0,3,0,2,2,5,2,0,3,2,0,2,0,1,1,1,0,1,1,0,1,0,1,1,0,1,1,0,0,1,1,0,0,0,1,0,1,0,1,1,0,0,0,0,0,0,0,3,1,1,1,2,0,1,2,0,3,0,1,1,1,0,0,3,1,0,1,1,0,3,0,1,0,1,1,1,2,1,2,3,1,1,1,2,2,1,2,1,0,1,1,0,0,2,3,2
Gene479,0,0,1,1,1,1,2,0,0,2,1,0,2,0,1,0,2,2,2,1,1,2,0,0,1,1,2,1,2,0,2,0,0,0,0,1,3,1,2,2,1,1,0,1,1,3,0,3,0,2,2,0,1,1,0,3,0,0,0,1,1,3,0,2,1,0,0,1,2,0,0,1,1,1,0,0,1,0,0,0,1,0,2,2,1,1,1,0,1,1,1,2,1,0,2,1,3,1,0,1,2,3,2,2,0,1,1,0,1,2,2,0,1,3,0,2,0,3,2,1,0,2,1,1,0,1,2,1,1,0,1,1,2,0,0,1,0,0,0,1,0,2,0,1,1,0,4,0,2,0,0,0,0,0,4,1,0,2,1,2,1,0,1,0,2,2,4,1,0,1,1,1,0,1,2,1,3,0,1,2,0,1,0,0,4,2,0,0,1,2,0,1,0,1,4,2,0,2,2,0,0,1,2,2,0,1,0,1,1,2,2,0,0,1,0,0,2,0,1,1,0,1,1,1,1,1,1,2,0,1,1,2,1,1,0,3,2,2,0,2,0,1,3,0,1,0,1,2,3,2,1,2,1,1,4,1,0,1,1,3,1,4,0,1,1,0,0,1,1,2,1,0,2,1,1,2,2,1,0,0,0,0,2,2,0,1,0,1,2,1,0,0,1,1,0,2,1,2,1,1
Gene480,0,2,1,2,1,0,2,1,1,1,1,3,0,1,0,0,1,1,2,2,1,0,3,2,1,0,0,1,2,1,0,0,0,1,1,1,0,2,0,1,2,0,1,0,2,3,3,0,2,1,0,1,1,2,2,0,1,1,1,1,2,1,0,0,2,4,1,1,1,0,1,1,2,1,3,2,2,1,0,1,1,2,2,2,0,1,1,1,1,0,0,1,1,1,1,1,1,3,3,1,0,0,0,1,0,0,0,0,1,2,2,1,0,1,0,2,1,1,0,0,0,2,0,2,0,1,1,1,1,1,0,2,0,2,1,1,0,0,0,0,2,3,1,0,2,1,0,1,0,0,0,0,0,0,0,1,0,0,1,2,1,0,3,1,0,0,0,1,2,3,1,2,0,1,0,1,0,1,1,1,1,0,1,1,1,2,0,1,0,0,2,0,0,0,1,2,1,1,0,0,2,1,0,1,1,1,1,1,0,0,3,1,2,0,0,3,2,0,1,1,0,0,1,2,2,2,2,1,2,1,2,0,1,1,1,1,3,0,2,2,1,0,0,0,2,0,2,0,1,0,1,0,2,1,2,0,0,1,3,0,2,0,0,1,3,1,1,4,0,1,0,1,1,0,1,1,1,3,0,3,2,0,2,0,2,0,2,1,2,0,1,1,0,2,3,2,1,2,1,1
Gene481,1,2,1,0,0,0,1,1,2,2,1,1,2,2,0,1,0,0,2,2,1,0,0,1,2,1,2,0,1,1,1,1,2,0,1,2,2,0,1,2,1,1,2,1,2,1,2,1,0,1,1,0,0,0,4,3,2,3,1,1,1,3,0,1,0,0,1,0,1,0,1,0,0,1,1,2,1,0,0,0,0,1,3,1,2,1,1,1,0,1,1,1,1,1,3,1,2,1,1,0,0,2,2,0,0,2,1,2,2,2,0,1,1,0,1,1,2,1,1,2,2,0,2,2,3,0,1,3,5,0,0,0,1,0,1,0,1,0,1,1,1,0,3,2,4,1,1,2,1,1,1,1,0,1,1,0,0,1,0,1,0,0,0,1,2,0,2,3,1,1,2,0,1,2,0,2,0,2,1,1,2,0,0,1,1,1,0,1,1,1,3,1,3,0,2,0,1,0,2,1,2,0,0,1,0,1,0,1,0,1,2,1,1,1,1,1,2,1,0,1,3,0,2,1,1,0,0,0,0,1,2,1,1,3,1,1,1,2,1,1,1,0,3,0,2,1,0,0,1,2,0,1,1,0,0,1,1,3,0,2,1,1,1,2,1,2,1,1,3,1,1,1,1,2,1,1,1,3,3,0,1,0,1,0,2,0,2,1,2,0,3,1,2,0,1,2,0,0,2,0
Gene482,1,2,0,0,0,1,1,0,1,1,1,2,0,0,1,1,1,1,1,0,1,3,1,2,1,3,1,0,1,1,3,2,2,0,1,2,0,1,0,1,1,2,1,0,3,3,1,0,2,1,1,0,1,0,2,0,0,2,2,2,1,3,1,0,0,2,0,0,0,0,3,1,1,1,1,1,0,1,0,2,0,2,0,0,0,0,0,4,1,1,2,2,0,0,0,1,0,0,0,1,3,1,1,0,1,0,2,1,0,1,1,0,0,0,0,0,3,1,3,0,2,0,3,0,1,3,2,1,2,0,1,3,0,1,2,1,1,0,3,2,0,0,0,2,2,0,2,0,2,1,2,0,2,3,2,1,0,2,0,1,4,1,0,2,3,1,1,0,1,1,0,0,0,1,0,1,0,1,1,0,0,1,0,2,2,0,1,1,0,0,1,1,1,0,0,0,1,1,1,1,0,1,1,0,1,0,2,1,1,1,1,1,1,2,0,0,0,1,1,1,0,1,2,1,0,0,1,0,1,0,0,3,4,0,0,0,1,1,0,1,3,1,2,2,1,0,0,0,1,0,0,3,1,1,2,0,2,3,0,1,1,2,1,1,0,0,2,0,2,1,1,0,1,1,0,1,0,1,2,0,0,0,2,1,0,0,0,2,0,3,2,2,1,2,0,1,2,0,1,2
Gene483,0,0,2,2,0,0,4,1,0,0,1,4,0,0,1,0,4,0,1,3,2,1,0,0,0,0,3,0,1,1,2,2,2,0,0,2,1,1,1,0,2,2,0,1,1,1,1,0,0,2,0,1,1,1,2,0,0,2,1,1,0,2,2,1,0,0,0,0,1,1,0,0,0,2,1,0,0,0,1,1,0,1,3,0,1,0,1,1,1,0,3,1,1,1,3,2,0,1,2,0,2,1,3,1,1,0,0,1,2,1,3,0,1,1,0,2,0,0,0,1,0,2,0,1,1,0,0,2,3,0,1,1,0,3,0,1,0,0,1,3,1,1,0,1,1,2,0,1,1,0,1,1,1,1,1,1,1,1,3,2,1,0,1,2,1,1,1,1,0,0,1,0,1,0,0,0,0,2,2,0,1,2,1,0,1,2,0,3,2,1,1,0,0,2,1,2,0,4,2,0,1,0,1,1,2,0,1,0,0,1,1,1,1,2,3,0,1,2,2,0,0,0,2,1,1,0,0,1,1,1,3,0,2,0,3,0,1,1,0,0,1,0,1,0,1,2,1,1,1,1,0,1,2,0,1,1,1,2,0,1,0,0,0,0,2,0,2,0,3,1,0,3,1,0,2,1,2,0,0,0,4,0,0,2,1,1,0,0,1,1,0,0,2,1,5,1,0,0,0,0
Gene484,1,1,5,3,3,3,0,2,0,4,1,0,0,0,1,0,2,1,2,1,3,0,3,4,4,0,1,0,3,1,2,1,1,1,0,0,0,1,1,3,0,0,2,4,2,1,2,3,0,0,0,0,1,1,4,1,1,2,0,2,1,1,0,0,2,0,1,0,0,3,0,0,2,2,2,1,0,0,1,1,1,1,0,0,1,0,1,2,2,1,1,2,0,0,1,0,2,2,0,0,1,0,1,0,0,2,2,1,1,1,0,2,2,1,1,0,0,0,0,3,0,2,1,1,0,0,1,1,2,0,1,0,0,2,0,0,0,1,2,1,0,1,0,5,1,1,0,1,1,0,1,1,1,1,0,2,1,1,2,2,2,1,2,4,0,0,1,1,0,2,1,0,1,2,1,0,0,0,1,0,1,0,1,1,1,1,0,0,2,2,1,2,1,0,2,0,2,0,1,0,0,0,1,2,2,0,0,2,1,1,1,0,2,3,0,1,1,0,2,0,1,2,1,1,1,0,0,0,0,1,0,2,0,1,2,1,1,0,0,2,1,0,1,0,2,1,0,1,0,0,1,0,2,0,2,0,0,1,1,2,1,3,0,0,1,0,1,2,0,0,1,2,1,1,0,1,1,1,1,0,1,1,0,1,0,1,0,1,0,0,2,1,0,0,1,0,0,0,2,0
Gene485,0,0,1,1,0,1,1,2,2,2,0,0,0,2,1,0,0,1,1,2,2,3,0,0,0,1,2,0,1,2,0,2,0,1,1,2,2,0,1,2,0,0,0,1,2,1,1,0,1,0,0,3,2,1,1,3,1,2,1,2,1,0,0,2,0,1,0,1,2,0,1,0,2,1,1,2,0,2,2,1,2,1,1,2,1,0,1,0,0,1,3,1,0,0,0,1,0,0,0,0,0,1,1,3,2,1,0,1,0,1,1,0,0,4,0,0,1,4,0,0,1,1,1,2,1,1,0,1,0,2,1,2,1,1,0,4,2,1,3,1,4,1,1,0,1,1,0,1,0,0,1,3,0,0,0,0,1,0,4,1,0,1,0,1,2,1,1,1,1,0,1,0,0,2,0,0,0,0,0,0,3,2,1,0,3,1,1,1,2,1,0,1,1,1,0,2,3,1,0,0,2,1,3,0,2,1,2,2,0,1,0,1,1,2,2,1,2,1,0,1,2,0,0,0,2,0,1,1,0,2,0,3,1,1,0,0,1,0,0,1,1,2,0,0,1,2,0,1,1,1,2,0,0,1,3,1,0,2,0,0,1,3,1,0,1,0,1,2,0,1,1,4,2,3,1,0,1,0,3,1,1,2,1,2,1,1,1,2,1,2,0,1,2,1,1,2,2,0,1,1
Gene486,0,0,1,0,0,4,0,1,1,0,1,0,1,0,0,1,0,1,1,0,1,0,2,1,0,1,1,0,1,2,0,2,1,1,0,1,0,1,1,1,0,0,1,1,1,0,2,0,0,0,0,1,2,2,3,1,1,1,0,0,0,1,3,0,1,0,2,2,0,3,2,0,1,0,1,1,4,0,2,0,0,2,0,0,3,1,1,1,2,3,2,0,1,1,1,2,0,2,0,2,0,2,2,3,2,2,1,0,1,2,1,3,0,2,0,0,0,0,1,2,0,1,0,1,2,0,1,0,0,2,0,0,2,0,0,0,2,1,0,3,1,2,0,0,2,0,1,0,0,1,2,2,1,2,0,0,5,2,2,0,0,1,0,2,0,3,1,0,1,1,0,1,0,3,3,0,1,0,0,2,0,1,2,1,1,1,0,0,1,2,0,0,4,1,1,0,0,0,3,0,0,0,0,0,2,1,1,2,1,3,1,0,2,0,4,2,1,1,0,1,2,1,0,2,0,3,4,1,1,3,1,1,2,1,3,1,0,0,2,2,1,1,1,2,1,1,0,1,1,0,1,0,2,2,2,1,1,0,3,0,1,2,0,1,0,0,1,2,2,2,1,0,2,0,0,0,1,0,1,0,2,2,2,0,3,0,0,2,1,2,1,3,0,1,3,2,1,1,1,1
Gene487,2,4,1,3,0,0,0,0,1,1,2,1,1,0,2,0,1,1,0,2,3,3,2,2,0,1,1,0,0,2,0,0,2,1,0,3,0,0,1,0,1,2,0,0,0,0,0,0,0,1,0,3,1,0,0,0,0,0,1,0,0,2,0,3,1,0,1,2,0,1,0,3,0,1,1,2,1,0,0,0,0,1,1,2,0,0,1,1,2,1,1,0,0,1,0,1,0,2,3,3,0,0,0,0,0,0,1,2,0,2,0,0,2,0,0,2,1,2,1,2,0,1,0,0,2,3,2,3,4,0,1,0,1,1,0,0,0,0,0,0,2,3,1,0,1,0,0,1,1,1,1,0,0,0,1,0,1,3,1,4,0,1,0,1,0,0,2,1,3,0,0,2,0,1,1,0,2,1,1,0,0,1,1,1,2,1,3,2,1,0,1,0,2,2,2,1,0,2,0,0,0,0,1,2,1,1,0,0,1,0,0,0,1,1,2,2,0,1,1,0,3,1,0,1,0,2,1,0,0,1,0,0,0,2,1,1,5,4,0,1,2,1,0,0,1,0,2,0,0,1,1,3,1,0,2,1,0,2,1,0,0,0,1,2,1,1,1,0,3,0,0,1,1,1,0,1,0,1,1,0,0,1,0,1,1,0,1,4,1,2,1,0,2,0,1,1,2,0,0,3
Gene488,3,3,0,1,0,0,0,1,0,2,0,0,3,0,2,0,0,1,1,1,1,0,0,1,2,1,1,1,3,1,1,0,0,0,2,1,3,0,2,3,1,1,0,0,2,0,0,0,0,1,2,1,0,2,3,1,0,0,0,3,0,0,0,1,0,2,0,2,1,4,1,0,2,1,2,0,4,1,2,2,0,1,0,0,1,2,0,0,1,1,0,2,1,1,1,1,2,1,2,3,0,1,1,0,0,2,1,0,1,1,1,2,0,0,2,0,1,1,1,0,0,0,1,1,0,1,1,3,0,0,0,1,0,0,3,2,3,1,3,1,0,0,1,1,1,1,0,0,1,0,0,2,1,0,0,2,1,1,1,0,1,2,1,1,0,5,0,0,1,0,0,0,2,3,0,2,0,0,1,0,1,3,0,0,0,1,2,2,1,2,0,1,1,1,1,1,1,2,2,2,2,2,0,0,1,0,0,1,1,1,1,3,0,1,2,1,1,2,1,2,1,2,1,0,1,0,2,0,2,2,2,0,1,0,0,0,1,1,0,1,0,2,2,1,4,2,0,1,3,0,2,2,1,0,2,0,0,0,0,0,0,0,0,0,0,1,1,2,0,2,1,1,2,1,1,1,2,0,2,2,0,0,1,0,0,1,0,0,1,3,0,1,0,1,1,0,1,0,2,3
Gene489,2,1,1,1,2,3,0,0,1,1,1,1,2,1,1,1,0,0,1,0,1,2,1,1,2,1,3,2,0,2,1,1,0,2,1,2,2,2,2,0,1,2,0,3,0,2,2,6,2,1,0,0,0,2,0,0,1,0,1,0,1,0,1,2,3,3,2,0,2,0,0,1,0,0,1,1,0,0,2,0,1,1,1,1,2,1,0,0,0,1,1,4,4,1,0,1,0,0,2,1,1,1,0,3,0,3,2,2,2,0,1,3,0,0,1,1,2,1,1,0,0,0,0,1,0,2,3,2,1,2,1,2,0,1,1,0,0,3,2,1,1,1,0,0,0,1,3,1,1,2,2,2,1,1,0,0,1,0,0,0,1,1,2,0,0,1,0,3,0,0,0,3,0,0,2,0,3,1,1,2,2,0,0,1,1,0,2,0,0,1,1,1,0,0,2,1,1,0,2,1,0,1,1,0,0,0,1,1,2,0,0,2,1,1,0,0,3,1,0,2,2,1,1,0,0,1,0,1,1,0,0,1,1,1,1,3,4,0,0,1,0,1,1,0,2,2,1,1,0,1,2,0,0,2,1,0,1,1,0,0,0,0,0,1,1,0,1,1,1,0,1,3,0,0,2,0,0,2,2,0,3,1,5,2,0,0,2,1,0,0,0,1,1,1,1,0,0,2,2,0
Gene490,2,2,1,0,0,1,1,0,0,0,1,3,1,1,0,3,0,1,0,1,0,0,0,2,1,1,3,0,1,0,1,2,0,1,2,0,0,0,1,1,1,0,0,0,1,3,1,2,1,2,1,0,1,1,1,1,1,0,0,1,1,0,1,0,1,1,0,1,1,0,0,1,1,0,1,1,0,0,2,0,1,0,4,1,0,1,3,0,1,0,1,2,1,1,1,0,1,1,0,0,0,1,1,0,3,0,1,2,3,0,1,4,1,1,2,0,1,0,1,0,1,0,4,0,3,2,1,0,1,1,1,0,2,0,0,1,2,0,3,1,1,0,1,0,1,1,2,1,0,1,1,0,0,1,1,0,3,0,4,1,1,1,1,0,3,0,1,1,3,0,0,0,3,0,1,1,1,0,1,2,1,1,0,3,0,1,1,1,1,2,0,3,0,1,3,0,4,1,0,2,0,1,0,0,0,1,0,0,1,0,0,0,3,0,2,0,2,0,0,1,0,2,1,0,0,0,1,2,1,1,3,2,0,0,1,0,2,1,1,1,2,1,0,1,0,3,0,1,1,2,2,2,1,0,1,3,0,2,0,0,0,0,1,1,0,1,1,1,0,1,2,1,0,0,0,1,0,0,1,0,0,0,2,5,1,2,1,1,1,2,1,1,0,1,2,1,1,0,1,0
Gene491,2,0,0,3,0,1,0,0,0,2,0,1,2,0,1,0,0,1,0,0,1,2,0,1,2,2,1,0,0,2,0,0,0,1,1,0,1,1,2,0,0,0,1,0,0,0,0,0,2,2,0,2,2,1,2,0,1,1,0,2,1,0,0,1,1,2,0,3,1,0,1,0,1,1,0,2,3,1,1,3,0,2,0,2,1,0,1,2,1,3,2,1,0,1,0,0,3,0,0,3,1,0,0,2,2,3,3,1,3,2,1,1,0,4,0,1,1,1,0,0,0,0,1,1,0,0,1,1,0,1,2,2,1,1,0,1,0,1,0,0,0,1,1,2,1,1,1,0,1,0,0,0,0,1,0,1,1,2,0,0,0,0,0,1,3,1,0,0,2,0,1,2,0,2,0,2,1,0,0,0,1,1,5,2,0,1,2,0,1,1,3,2,2,0,2,0,0,2,1,1,2,1,0,1,3,0,0,1,0,1,0,1,1,3,1,1,2,0,0,0,1,1,1,1,1,2,0,1,2,1,4,2,2,1,0,1,1,0,0,3,2,0,1,2,1,3,1,1,1,0,2,1,0,1,0,3,1,0,1,1,0,0,1,1,2,0,2,1,1,0,1,0,1,0,1,1,1,1,0,1,1,1,2,1,0,1,1,1,1,0,4,1,2,0,1,1,0,1,4,3
Gene492,0,3,1,1,0,2,0,1,1,0,1,2,0,1,0,1,1,0,2,0,2,0,0,2,2,2,1,1,0,2,3,0,0,0,3,0,1,0,2,0,0,2,0,2,3,1,0,4,1,1,0,0,2,1,0,1,1,0,0,2,2,1,2,2,1,5,0,0,0,0,2,3,1,0,3,2,1,0,4,0,1,0,2,1,0,1,1,0,1,0,1,2,1,1,0,0,0,0,1,0,0,1,2,0,0,0,1,1,0,0,2,2,0,2,0,2,0,1,0,0,2,1,0,0,2,0,0,2,1,1,0,0,1,1,0,0,0,0,2,2,1,0,0,2,0,2,0,4,1,0,1,1,0,1,0,1,0,1,0,0,0,3,0,2,1,0,0,1,1,0,1,0,0,2,0,4,1,2,2,2,0,2,1,0,1,1,2,1,0,0,1,1,0,0,2,1,1,0,0,1,2,2,1,0,1,1,0,1,2,0,2,0,0,0,2,0,0,0,2,1,0,0,1,0,1,1,0,2,1,1,2,1,0,0,0,0,0,1,0,0,1,0,0,0,0,1,2,0,2,1,1,1,2,1,1,1,1,1,1,2,0,1,0,3,1,1,0,0,3,0,0,3,0,0,5,0,1,0,0,0,2,1,2,1,1,1,3,2,1,2,1,2,2,0,1,1,1,2,0,2
Gene493,1,0,2,2,2,0,2,3,1,1,2,1,1,2,0,0,1,3,0,0,0,1,0,1,1,1,1,0,0,0,1,3,0,0,1,2,4,0,0,1,0,1,4,3,1,1,1,1,1,0,0,0,0,2,1,1,2,4,3,2,1,0,0,1,0,3,2,2,0,0,1,1,0,0,3,1,1,2,4,0,2,2,0,1,3,0,2,0,1,2,1,1,0,1,1,0,2,3,0,0,2,1,3,1,3,0,0,2,0,2,0,1,0,0,1,0,0,0,0,0,1,1,1,1,0,1,1,0,1,1,1,1,0,2,0,1,1,3,0,0,0,0,0,1,1,4,2,1,1,1,1,0,1,2,1,0,0,2,1,1,2,0,0,0,2,0,0,1,0,2,0,2,1,1,2,1,0,2,1,0,0,2,4,0,0,1,2,0,0,1,2,0,1,0,2,0,2,1,1,1,2,3,0,0,2,1,1,1,4,2,2,1,0,0,2,0,2,1,1,2,0,2,4,2,1,2,2,2,1,0,1,1,2,1,1,1,3,1,1,1,0,1,0,3,0,0,1,1,3,0,1,1,0,0,0,0,1,1,1,2,1,1,0,1,0,0,0,0,0,3,0,2,2,1,0,1,3,2,1,1,4,2,1,3,1,0,4,2,0,1,1,2,0,1,1,2,0,3,0,1
Gene494,0,2,2,1,0,1,0,1,2,0,4,0,1,0,4,4,0,0,1,0,1,1,1,0,1,0,1,2,2,1,1,2,0,0,3,0,1,1,0,1,1,0,1,2,2,0,1,0,1,1,2,1,0,3,0,1,2,0,3,2,0,1,1,2,1,0,1,0,0,0,2,0,1,1,0,1,0,1,1,0,0,0,0,0,0,0,2,2,0,1,3,0,3,1,0,1,0,1,2,1,1,0,1,0,1,1,0,0,0,1,0,1,0,1,0,1,0,4,1,1,0,0,1,0,2,0,2,0,1,2,0,0,4,0,2,1,0,2,0,2,1,2,2,1,2,0,0,2,0,1,2,2,0,1,2,0,2,0,1,1,1,0,0,1,1,2,0,0,1,0,2,0,0,1,0,0,0,1,0,0,0,0,0,1,1,0,1,1,0,0,1,1,1,1,1,0,0,1,2,1,3,2,1,0,1,0,1,2,2,0,1,1,3,2,0,2,2,1,2,1,3,0,0,1,0,0,2,2,1,0,0,0,1,0,0,0,1,1,2,1,1,2,0,3,2,1,1,1,0,0,1,1,2,0,3,3,1,0,0,0,1,1,0,1,1,0,2,1,1,0,1,0,2,0,0,0,1,0,1,1,1,2,0,1,1,1,0,1,0,2,2,2,0,1,1,3,2,0,3,2
Gene495,1,0,3,2,1,1,2,1,2,1,1,3,0,0,0,0,1,1,1,0,3,4,1,0,1,2,0,1,0,0,1,1,1,1,2,0,0,0,0,0,4,1,3,0,1,1,0,0,0,1,1,2,2,1,1,0,3,0,1,0,0,0,0,1,2,0,2,0,0,1,2,0,2,1,2,2,1,1,1,1,4,0,2,0,3,1,1,0,2,1,0,1,0,0,0,2,0,1,1,1,0,1,0,0,1,0,1,1,2,1,0,1,1,0,2,3,0,0,0,2,1,4,0,0,0,2,0,0,0,0,1,1,3,0,1,1,1,0,2,0,1,2,2,1,1,1,2,3,0,2,3,2,2,0,0,2,2,1,0,2,2,1,0,1,0,2,0,0,1,2,3,1,1,0,1,2,1,0,1,1,1,1,3,0,1,3,1,2,1,1,1,0,1,2,0,3,1,2,0,0,1,0,3,1,2,1,0,0,0,1,0,0,2,1,0,0,3,0,2,0,1,0,2,1,0,0,0,1,0,2,0,1,0,1,1,1,2,1,2,0,0,2,1,1,0,0,1,0,0,0,1,0,1,3,1,1,0,0,2,2,0,0,0,1,2,2,1,3,1,1,0,0,1,1,1,0,1,0,0,2,0,2,0,1,2,1,0,1,3,2,1,1,1,0,1,0,1,0,2,2
Gene496,2,1,1,1,1,0,0,3,1,0,2,2,2,1,1,1,1,0,1,1,4,2,3,1,0,1,1,2,1,0,1,1,3,0,0,3,2,0,1,1,1,0,1,2,2,2,2,0,1,2,2,0,0,1,0,1,1,0,2,0,0,0,3,2,1,1,1,0,2,0,1,2,1,1,1,0,3,0,0,3,0,2,1,1,2,2,0,1,1,0,3,0,2,2,1,1,1,0,2,0,1,0,1,1,1,2,0,0,3,1,0,0,3,0,1,1,0,0,1,1,0,0,2,0,0,1,0,0,0,0,2,1,0,3,0,0,1,1,0,0,1,0,2,1,2,0,0,1,2,1,1,0,1,0,2,0,1,2,3,1,0,0,0,1,2,1,2,0,0,0,2,0,0,1,1,2,1,0,1,0,0,1,1,3,1,0,2,1,0,0,1,2,1,1,0,0,4,3,1,1,2,1,0,0,1,0,1,2,3,1,1,1,3,1,0,1,1,2,0,5,1,2,0,0,1,1,1,1,0,2,0,0,0,0,2,1,1,1,0,0,2,0,0,1,0,0,0,1,2,2,2,1,0,0,1,1,2,0,1,0,0,1,2,2,0,1,1,0,1,0,1,1,1,1,0,1,0,0,2,2,0,1,4,1,1,2,0,2,0,0,0,0,0,1,1,0,0,1,1,0
Gene497,0,1,0,2,0,1,0,2,0,1,1,0,1,1,0,1,0,2,1,2,0,3,0,2,0,0,0,0,0,0,1,1,1,3,1,0,1,1,2,2,2,0,1,2,0,2,0,1,1,2,1,2,3,0,1,1,0,1,2,3,0,0,0,0,2,1,1,0,2,1,0,0,0,1,4,3,0,0,1,2,1,1,0,0,0,0,0,1,2,1,2,1,1,0,1,1,3,1,0,1,1,1,0,1,2,1,1,0,1,0,0,1,1,1,2,2,3,1,0,5,0,0,3,2,0,1,1,2,0,2,0,2,0,0,1,1,1,0,0,0,0,0,1,0,0,1,2,1,1,0,0,1,1,1,1,3,1,1,0,3,0,0,0,2,0,3,0,1,2,0,0,0,0,0,1,1,1,0,2,0,3,0,4,0,0,2,1,0,2,3,1,0,2,0,1,1,0,2,0,2,0,1,2,0,3,0,3,2,1,2,1,1,1,1,0,2,2,0,2,3,1,1,2,2,0,0,1,1,3,3,1,3,0,0,0,2,2,0,3,3,2,0,0,0,1,1,0,1,2,1,1,4,0,0,2,0,2,1,0,1,2,2,1,0,0,1,2,1,1,1,0,0,0,2,2,1,0,1,1,1,1,0,2,1,1,2,2,0,0,2,0,0,1,1,1,1,1,0,3,0
Gene498,0,1,1,0,1,0,2,0,0,0,1,3,0,3,0,0,0,0,0,0,1,2,1,3,0,1,0,0,0,2,1,0,0,2,0,0,2,2,0,0,1,1,1,0,1,0,0,1,1,1,0,0,1,2,1,3,1,2,0,0,1,0,0,1,0,1,0,0,2,1,1,3,3,1,0,1,1,0,0,4,1,0,0,0,2,1,2,2,0,1,2,0,1,1,1,1,1,1,0,0,2,2,1,0,0,0,0,0,0,1,2,1,1,0,2,0,0,1,3,1,0,2,2,0,0,2,0,1,2,1,0,1,0,1,0,0,1,0,0,0,0,0,1,4,1,3,2,4,1,0,2,1,0,0,1,1,2,4,0,1,0,0,0,0,0,2,0,3,1,0,1,0,1,2,0,0,0,0,0,1,0,2,0,0,1,3,0,0,1,2,0,1,0,0,0,0,1,0,0,0,1,0,1,0,2,1,1,3,2,2,0,2,1,1,1,0,1,2,1,1,1,0,1,0,1,0,1,1,1,1,1,1,0,2,0,2,1,4,1,1,0,1,0,0,1,3,4,1,3,4,0,2,1,0,1,1,0,0,3,0,0,1,0,1,0,1,1,2,2,1,1,1,1,0,0,0,0,0,3,1,2,0,3,0,2,0,1,4,2,0,1,3,1,1,1,0,2,1,0,1
Gene499,1,1,0,2,1,0,2,1,2,4,1,1,4,1,0,1,1,2,0,0,0,0,0,3,1,1,0,0,0,3,0,1,3,1,4,0,2,2,0,3,0,3,0,1,1,0,1,2,0,2,0,3,0,2,3,2,0,0,0,1,2,0,0,1,1,0,1,0,0,1,1,4,0,0,1,1,0,2,0,1,0,1,2,1,1,1,0,1,0,2,0,0,2,0,0,2,1,0,1,0,1,0,2,1,2,0,0,0,1,2,3,1,1,0,1,2,0,0,1,0,1,2,0,1,1,2,0,1,0,3,0,1,0,2,3,1,1,1,0,2,1,1,0,1,1,0,1,0,2,0,2,0,2,3,1,0,2,2,0,1,0,2,0,0,1,2,1,1,0,2,2,0,1,2,0,0,1,5,1,2,2,0,1,1,1,1,0,1,1,0,0,2,1,2,1,2,0,1,0,1,0,0,0,1,1,0,1,0,1,0,3,2,1,1,2,0,0,2,2,1,0,2,1,0,0,2,2,1,0,1,0,0,1,0,0,0,2,0,1,0,0,3,0,1,2,0,1,4,2,0,1,1,0,2,4,1,3,0,3,2,2,0,2,1,1,2,0,0,2,0,0,4,1,0,2,0,1,1,0,1,1,0,2,1,1,0,3,0,1,0,0,2,0,0,2,0,2,1,1,2
Gene500,1,0,1,0,2,2,0,1,1,0,1,0,0,3,3,0,2,1,0,3,0,0,0,2,0,0,2,1,1,0,1,1,0,1,1,0,0,1,1,0,1,0,0,0,3,0,2,1,1,0,1,1,0,1,1,2,1,0,1,2,1,1,0,1,1,1,1,0,2,0,3,0,1,2,1,0,2,0,0,1,1,2,2,1,0,1,1,0,1,4,0,1,1,1,0,3,0,2,3,1,2,2,1,0,0,0,1,0,1,1,1,1,0,0,1,2,0,1,1,0,1,1,1,0,2,0,0,1,1,0,0,0,2,1,0,3,0,1,1,1,5,0,1,1,1,3,2,1,0,0,1,1,0,0,0,0,1,2,3,0,1,2,0,0,0,1,1,0,0,2,2,1,2,1,3,2,0,3,2,2,1,1,0,1,0,1,1,2,1,0,1,0,1,1,0,5,1,0,1,0,2,3,1,2,1,3,0,0,2,1,0,3,2,1,0,4,0,0,2,1,1,3,0,2,2,0,1,1,3,1,1,1,1,1,0,1,3,0,0,0,2,3,2,0,0,0,1,2,1,2,0,0,2,0,2,2,0,2,0,2,0,2,1,0,0,0,1,2,2,1,1,1,0,0,2,0,4,0,3,1,0,2,0,0,0,1,0,0,0,2,0,0,3,1,1,0,1,1,2,0
Gene501,1,2,0,0,2,0,2,1,0,0,0,4,1,1,2,1,1,0,0,1,2,1,1,1,0,1,1,1,0,0,0,0,2,0,1,1,2,1,0,0,1,1,0,0,0,1,1,1,0,1,0,2,2,1,0,1,3,1,2,0,0,2,0,0,1,1,0,0,0,1,0,2,0,3,0,3,2,2,0,0,0,0,0,0,1,0,0,2,1,3,1,1,0,1,1,2,2,0,0,0,0,2,2,1,1,1,0,3,0,3,0,2,0,0,1,0,1,0,2,0,3,0,2,1,0,0,1,2,0,0,1,0,1,2,2,0,1,2,0,0,0,2,2,4,1,1,0,0,0,0,0,1,0,1,1,1,2,0,3,0,3,0,0,0,1,0,2,1,0,2,2,0,3,0,1,1,2,1,3,0,0,3,1,1,2,0,2,2,0,2,0,0,2,0,0,0,0,0,0,1,0,2,0,2,1,2,1,3,0,0,2,4,1,1,1,1,0,2,0,3,3,0,0,1,1,0,0,0,3,4,0,1,0,2,1,2,1,2,2,1,2,1,1,1,0,2,0,0,0,1,0,4,2,3,1,0,0,1,0,2,1,1,1,1,1,4,0,0,1,0,2,3,0,1,3,0,1,0,0,0,0,1,1,0,0,0,0,4,1,0,1,1,0,1,3,1,0,2,0,0
Gene502,2,1,2,2,0,2,2,1,0,5,0,0,0,0,1,1,2,1,0,2,4,0,1,0,1,2,2,1,0,1,0,1,1,0,2,1,2,1,0,1,4,2,0,3,1,0,0,0,0,1,0,2,0,2,1,0,1,2,0,3,2,0,1,3,1,0,2,0,1,0,0,0,3,1,0,3,2,1,1,0,1,0,1,0,1,3,0,0,1,0,2,0,1,0,1,0,1,1,1,0,0,0,1,0,2,0,0,1,1,1,3,1,0,1,1,1,2,0,0,1,3,3,2,5,0,1,1,2,1,0,4,1,2,3,2,0,1,2,1,0,1,0,1,0,0,0,1,2,0,1,3,4,2,2,0,0,1,2,2,1,1,1,1,1,0,2,1,5,1,2,0,0,0,0,0,0,1,2,0,1,1,2,4,0,1,2,1,1,1,0,0,4,1,1,3,1,0,0,0,2,1,0,0,1,0,1,0,0,0,2,0,1,1,1,2,1,0,0,1,0,2,2,2,1,2,3,1,0,0,0,3,0,1,1,1,1,2,2,1,1,0,2,1,2,1,1,0,0,2,0,2,0,0,1,1,1,1,0,3,1,3,1,0,1,0,0,0,0,4,3,1,1,2,1,1,1,0,1,1,1,0,0,2,1,0,1,3,2,0,0,0,1,1,1,0,1,0,1,2,0
Gene503,1,2,3,1,1,1,1,1,0,1,0,1,0,1,0,3,1,1,1,0,1,1,0,2,0,2,1,1,3,0,1,1,0,2,0,1,1,1,1,2,4,3,1,0,2,1,0,3,2,2,0,1,0,1,1,1,1,2,1,1,0,1,3,0,4,0,2,0,0,1,3,1,2,0,0,0,0,0,0,0,0,2,0,2,1,2,3,0,1,2,1,2,0,1,1,0,1,1,1,2,1,1,0,3,1,0,1,1,3,0,2,0,0,1,0,0,1,2,1,0,1,2,3,2,0,0,1,0,1,1,0,0,2,0,2,2,2,2,0,0,0,1,2,0,1,1,0,2,0,2,0,1,0,1,0,1,1,0,1,2,0,2,1,3,0,0,2,0,0,3,2,1,1,0,0,3,2,2,0,1,0,0,1,0,0,2,0,0,3,0,1,0,0,1,4,0,1,0,0,0,1,0,0,3,2,1,1,0,2,1,3,0,0,1,1,2,0,0,0,0,1,4,2,1,1,0,4,4,0,0,2,0,2,2,0,2,1,0,0,1,1,1,2,2,1,1,1,1,3,1,0,0,0,1,1,0,0,1,0,2,0,1,3,2,2,0,0,2,0,0,1,1,1,1,4,1,1,2,0,1,2,0,0,4,1,1,0,0,2,1,1,1,4,1,1,2,1,1,1,2
Gene504,1,0,2,0,1,3,0,0,0,1,3,1,1,1,1,2,0,0,0,0,2,1,1,2,2,0,2,1,0,0,1,1,0,1,2,0,0,0,3,3,1,0,1,1,0,1,3,1,1,3,0,1,1,0,0,1,0,0,0,3,0,0,1,1,1,1,0,0,0,1,2,1,1,1,0,3,2,1,0,1,3,1,1,2,1,0,1,0,1,0,1,3,1,0,2,1,0,0,1,2,2,0,2,0,0,1,1,1,2,0,1,2,0,2,1,0,0,0,1,1,2,1,1,0,0,1,1,0,2,1,2,1,0,2,3,0,1,1,0,0,0,1,0,1,1,0,3,0,0,1,1,0,1,2,2,0,1,0,1,1,0,0,3,1,1,0,2,2,0,2,0,0,0,1,1,1,0,0,1,1,1,0,1,0,1,0,0,2,0,1,0,1,1,0,3,0,1,1,0,0,0,1,0,2,1,1,0,1,1,0,0,0,2,1,2,0,2,0,1,2,2,1,3,1,1,1,1,1,1,2,2,0,2,0,2,1,1,1,1,2,1,2,2,0,0,0,0,2,1,2,0,0,1,2,0,0,1,0,2,0,2,1,1,0,1,2,0,0,1,2,1,1,2,2,3,3,1,2,0,2,3,0,1,2,2,0,0,1,2,0,0,1,0,1,0,1,1,2,2,1
Gene505,2,2,0,1,1,0,1,0,3,2,0,1,0,0,1,1,2,0,2,1,0,1,2,0,1,1,1,0,0,2,4,2,1,2,1,1,1,0,3,1,0,0,2,1,1,1,0,0,1,0,1,2,0,2,0,1,5,0,1,3,1,2,2,0,3,2,2,4,1,3,2,2,2,1,3,0,0,2,0,3,1,0,3,1,2,0,2,0,1,0,1,1,1,0,0,1,0,0,0,2,1,4,1,1,0,1,0,1,1,2,1,0,3,0,0,1,0,1,2,3,1,1,2,2,2,1,3,1,1,5,0,1,0,3,2,0,0,0,2,1,0,0,0,1,2,1,1,2,2,3,0,0,1,2,0,2,1,1,1,2,0,2,0,4,1,1,0,0,3,2,0,1,0,1,2,3,0,1,2,0,1,2,0,2,0,0,1,1,0,2,1,0,0,3,1,1,2,1,1,0,0,0,1,2,0,1,1,0,1,0,0,0,1,1,1,0,0,0,0,3,4,0,0,1,1,0,0,1,1,2,1,2,4,1,0,2,2,1,0,0,0,1,0,0,1,2,1,4,0,0,1,0,2,1,1,2,1,2,0,0,2,0,0,0,1,1,2,2,0,3,2,1,0,1,2,0,0,2,1,1,0,0,1,0,1,1,0,0,0,3,0,1,1,2,1,0,0,1,3,0
Gene506,2,1,1,1,0,4,1,2,1,1,6,2,1,0,3,1,3,1,1,1,1,0,1,1,1,2,0,2,0,1,1,2,1,3,1,1,0,1,1,1,0,1,0,1,1,0,1,0,0,0,1,1,1,1,0,1,2,2,3,3,1,0,1,3,2,0,1,0,1,0,1,0,0,2,1,2,0,0,1,3,1,1,2,0,0,0,1,0,1,0,0,0,3,0,0,0,0,1,2,0,0,0,0,0,0,2,0,1,0,0,0,1,1,0,1,1,0,1,3,1,3,0,0,1,1,0,4,4,0,2,1,0,0,1,1,0,2,1,5,1,0,4,2,2,2,0,1,2,0,2,1,2,1,1,0,0,1,1,0,0,2,2,2,0,0,0,1,1,1,1,2,1,1,0,0,2,1,0,2,1,2,1,1,0,0,1,0,2,0,1,0,0,0,2,0,1,3,3,0,2,0,2,0,1,0,0,1,1,1,1,1,1,1,0,1,0,1,2,1,0,0,1,1,1,1,2,0,0,0,0,1,1,0,1,0,3,1,2,1,1,1,1,1,0,1,1,2,2,1,1,0,2,1,1,0,3,1,2,2,1,1,1,2,1,1,0,1,1,0,1,1,0,1,0,5,1,2,1,1,4,1,2,1,1,0,0,1,1,1,0,0,1,1,0,3,1,1,0,0,1
Gene507,1,3,0,0,1,0,1,1,1,3,0,1,2,2,1,1,1,2,0,2,0,0,1,0,2,1,1,0,1,1,1,0,0,1,0,4,1,2,5,2,0,2,0,2,0,1,0,1,1,0,2,1,2,1,1,0,0,2,0,0,0,0,1,0,0,0,3,0,1,1,0,2,0,1,1,2,2,1,0,1,0,0,2,1,1,3,2,2,1,1,0,2,2,0,1,2,1,0,0,0,1,0,3,0,0,0,0,1,1,4,6,2,1,1,3,3,0,1,0,2,2,3,0,1,0,0,3,2,1,1,2,0,1,0,0,1,0,4,0,0,2,2,5,0,1,2,0,1,0,2,0,2,0,0,2,1,1,0,1,0,1,2,1,1,2,0,0,2,1,0,1,0,1,1,0,1,0,1,2,2,1,1,0,2,3,1,1,1,4,0,0,0,1,2,3,0,0,4,1,0,3,3,2,0,1,1,0,2,0,2,1,3,2,1,1,0,1,2,0,1,2,0,4,1,0,1,0,3,1,0,0,2,1,3,0,0,1,1,1,1,0,0,0,1,0,2,0,1,1,2,1,1,0,1,1,1,1,0,1,1,2,1,2,2,1,0,2,0,1,1,1,0,2,0,1,2,2,3,0,1,1,2,0,1,1,1,4,0,0,3,1,0,1,2,0,1,0,4,0,1
Gene508,1,2,2,1,2,1,1,0,0,2,2,4,1,0,2,0,0,1,1,1,1,4,1,0,1,2,2,2,0,4,1,0,0,1,1,1,0,1,0,1,1,0,0,2,0,0,1,2,1,0,2,0,0,0,0,0,2,0,0,2,1,1,2,0,0,1,2,0,2,2,0,2,0,1,1,0,0,2,4,1,1,1,4,1,2,1,2,2,1,0,0,0,0,0,0,0,0,0,0,0,0,1,1,2,2,0,1,2,1,0,2,3,1,2,1,1,1,3,2,0,1,1,1,1,0,1,2,1,0,1,1,0,2,1,0,0,2,0,0,0,1,2,2,0,1,1,1,0,2,1,2,3,1,1,0,1,5,3,1,0,2,0,1,1,1,0,1,1,0,0,2,1,1,1,2,3,2,0,2,3,2,2,0,0,2,1,0,2,0,0,1,0,1,2,2,1,0,2,1,0,1,2,0,0,1,1,0,0,2,2,3,0,0,2,1,1,2,2,4,0,1,2,0,2,4,2,0,2,1,2,2,1,1,0,2,0,0,1,0,0,3,1,1,2,0,3,2,0,1,2,0,1,1,0,1,1,1,0,0,0,2,1,3,0,0,0,3,0,1,0,1,1,1,1,2,1,0,2,2,1,2,0,0,1,1,1,2,3,0,2,0,3,1,1,4,0,0,0,0,0
Gene509,2,0,1,2,1,1,3,1,1,2,0,1,1,1,1,0,1,0,0,2,2,1,2,2,2,1,1,0,0,1,1,0,2,0,1,1,1,1,2,2,0,1,1,1,0,0,0,0,0,1,0,0,0,1,0,0,1,2,0,1,0,2,3,0,2,1,0,1,1,0,0,2,1,1,0,0,2,0,0,1,1,2,2,2,1,3,0,0,1,1,0,1,0,1,0,1,1,0,1,0,0,0,1,2,0,1,0,1,1,2,1,1,2,2,1,2,3,1,1,4,2,1,0,0,0,2,3,0,0,1,1,3,4,2,2,1,3,0,1,0,3,2,0,1,0,3,2,2,1,2,0,1,4,2,1,0,1,0,1,1,1,0,2,1,2,3,2,1,0,1,1,1,0,1,0,0,0,0,2,5,1,0,1,2,0,0,2,0,1,2,1,0,1,2,2,1,0,1,0,0,2,1,1,1,1,2,0,3,0,2,0,1,2,0,0,1,1,1,0,2,0,2,4,0,0,3,1,0,2,2,1,2,0,1,2,1,2,1,2,1,2,2,0,0,1,3,1,1,0,1,0,0,1,1,0,0,1,0,2,0,0,0,3,0,1,0,0,0,1,2,3,0,2,0,1,1,0,2,1,1,1,1,4,0,0,1,1,0,0,0,0,1,0,0,0,0,2,0,0,2
Gene510,1,1,0,0,1,0,1,3,2,1,1,2,0,1,3,1,0,2,0,0,1,1,1,0,1,3,0,2,0,0,0,2,2,0,2,2,0,1,1,1,1,0,1,2,2,0,1,0,0,2,0,0,0,1,0,0,0,2,0,0,2,1,1,3,1,0,4,0,1,0,1,3,1,1,1,0,0,2,2,2,1,1,0,3,3,2,1,2,2,1,0,0,2,1,0,3,2,2,3,0,1,3,0,1,0,1,1,1,1,0,1,0,0,3,1,0,2,0,1,0,0,0,0,1,0,1,0,1,0,1,0,0,0,1,2,0,1,0,3,0,0,1,2,1,2,1,3,2,0,1,1,0,2,1,0,1,0,2,0,0,1,0,1,0,1,3,0,1,1,3,0,0,1,3,1,1,3,0,0,3,2,0,3,2,2,2,4,1,3,3,1,1,2,0,0,0,0,1,2,3,2,1,1,2,1,0,1,1,0,1,1,0,3,1,0,3,0,0,2,2,1,1,1,3,1,2,1,2,1,2,2,2,1,1,0,0,0,3,1,2,0,1,3,0,0,1,1,0,2,0,2,1,0,0,0,0,0,1,2,1,2,1,4,0,2,2,0,1,1,1,0,1,0,1,1,1,2,1,0,1,2,2,2,2,0,0,1,1,1,1,1,1,2,0,0,1,1,0,0,1
Gene511,1,0,2,1,1,1,1,2,1,4,1,1,0,2,2,0,0,1,2,1,2,0,0,1,1,0,1,2,1,2,0,0,2,1,2,0,2,1,1,0,0,1,0,0,2,3,0,0,1,0,0,1,3,2,1,2,1,0,1,0,0,0,2,2,1,0,0,0,1,2,0,1,0,1,1,1,0,1,1,1,1,0,1,2,2,2,3,1,1,2,0,0,1,1,1,0,2,0,3,0,1,0,1,1,1,0,3,0,1,0,1,0,1,1,2,1,0,1,1,1,1,0,2,0,1,2,0,2,1,3,0,2,0,3,1,1,2,1,0,0,2,0,1,1,2,0,0,0,0,1,2,2,0,0,4,0,1,0,0,1,0,5,2,1,1,2,0,2,1,1,1,4,3,4,0,2,0,1,3,1,1,1,0,1,0,0,2,2,2,2,0,0,1,4,2,0,4,0,2,1,2,2,1,0,0,1,1,0,2,1,2,1,0,2,2,0,3,1,0,1,2,1,0,0,0,1,0,0,1,0,1,3,0,2,1,1,0,1,1,0,0,0,1,1,1,2,1,4,0,1,1,1,1,0,1,1,1,0,2,1,1,1,1,1,2,0,1,1,0,0,1,0,0,0,0,1,1,2,3,3,0,1,1,2,3,1,1,0,0,1,1,3,0,0,0,0,1,0,2,0
Gene512,1,1,0,0,0,1,1,1,2,1,2,2,0,1,2,0,3,0,5,1,1,3,1,3,0,3,2,2,2,0,3,1,1,3,1,2,2,1,2,1,0,1,0,0,2,2,2,2,0,0,1,1,0,0,0,1,1,0,2,1,0,0,2,0,0,1,1,0,1,1,1,1,2,5,1,0,0,2,2,0,1,0,0,1,0,1,4,1,0,0,1,1,0,0,2,1,1,2,1,1,0,0,1,1,2,0,2,4,0,4,3,1,3,1,0,0,0,2,1,1,1,2,1,1,0,0,1,2,1,1,2,2,1,0,1,1,1,3,0,2,1,0,2,2,3,1,1,1,2,1,1,1,1,1,0,0,2,0,1,0,1,1,2,0,2,3,1,1,0,1,0,1,1,1,0,1,2,3,2,1,2,2,0,2,0,4,2,1,0,1,0,0,0,1,2,1,1,2,0,1,2,1,0,2,1,0,3,1,2,0,0,1,0,2,2,0,2,3,0,1,0,0,2,2,1,1,1,1,0,1,3,3,0,3,0,0,0,2,1,2,1,4,2,1,1,0,1,0,0,2,0,2,1,0,1,1,1,3,0,1,1,0,1,1,2,2,1,1,0,0,0,1,0,0,0,1,5,1,3,1,1,1,1,0,0,0,1,1,2,1,0,0,0,2,0,2,0,1,2,1
Gene513,1,1,1,1,1,1,0,2,2,1,2,0,1,0,1,0,1,1,1,0,2,1,1,0,0,0,1,2,1,1,1,1,2,0,2,1,1,1,2,2,0,1,0,0,0,0,0,0,0,1,1,0,0,2,1,0,1,1,0,0,1,1,1,2,2,0,1,0,3,0,0,1,1,1,1,0,0,0,0,1,0,1,1,0,1,1,2,1,0,0,0,0,1,4,1,2,2,3,1,0,1,2,1,0,0,0,2,0,2,1,1,0,1,1,1,1,1,0,2,0,0,1,0,4,1,0,0,0,0,2,0,1,0,1,0,0,1,0,3,1,1,0,2,2,0,0,0,2,0,2,0,1,1,1,0,0,2,1,1,1,0,3,0,0,0,0,1,1,1,3,1,1,1,1,3,0,3,1,0,1,4,1,1,0,1,2,1,1,2,0,1,2,0,1,0,1,1,0,0,1,3,2,1,0,2,0,0,1,1,1,0,2,1,1,1,0,0,1,2,1,2,0,0,0,0,0,0,1,1,1,1,0,2,2,2,1,2,0,0,1,3,1,1,2,1,0,1,0,0,0,2,2,1,2,3,0,1,0,1,0,3,1,0,2,1,0,1,0,1,0,0,0,1,1,0,2,1,0,1,2,0,1,0,3,0,0,0,1,0,3,1,1,0,0,2,1,2,0,0,1
Gene514,1,1,1,0,1,0,1,0,0,0,3,1,2,1,1,1,0,1,1,1,1,2,3,0,1,2,2,0,2,0,3,2,2,2,1,2,1,0,0,0,1,2,2,1,0,1,0,1,1,3,0,1,1,1,1,0,1,2,0,1,0,0,1,0,2,1,0,3,0,1,1,2,3,6,1,3,2,1,0,0,0,1,1,0,2,0,1,2,2,0,3,1,0,0,0,1,1,0,1,1,2,1,1,0,1,0,0,0,3,3,0,2,1,1,1,1,1,1,1,2,2,2,0,0,0,2,2,1,3,1,0,0,2,1,0,0,1,0,0,1,1,1,1,0,0,1,3,0,2,0,0,1,1,1,1,1,2,0,0,0,0,2,1,1,4,1,0,1,0,3,1,0,1,2,1,1,1,3,2,0,1,0,4,1,2,1,1,1,2,2,3,2,3,0,2,0,1,1,0,2,1,1,0,0,0,3,0,0,1,1,3,0,1,1,1,2,0,1,2,0,0,0,1,2,1,0,0,2,1,0,0,0,1,0,1,0,3,0,0,1,1,0,1,2,0,1,0,0,1,0,4,0,2,1,0,1,1,1,0,2,0,0,3,0,1,0,3,0,1,1,2,2,4,0,1,0,1,3,2,4,3,1,1,0,2,1,2,0,0,0,2,0,0,0,1,2,2,3,1,2
Gene515,2,2,0,3,0,0,2,1,1,4,3,0,1,1,0,0,2,2,1,2,0,2,0,0,1,1,2,3,4,1,2,2,1,1,1,0,1,1,2,0,2,0,1,1,0,2,1,1,1,0,4,2,1,2,2,0,1,2,1,1,0,1,1,0,0,0,1,0,2,0,3,1,0,0,0,1,0,0,1,0,2,1,3,0,0,3,3,2,3,1,0,1,1,1,2,1,1,1,0,1,1,1,0,1,2,2,1,0,2,1,1,1,2,1,2,0,0,2,1,1,0,1,1,2,0,0,3,1,0,2,0,0,1,1,2,0,1,2,1,2,1,0,1,0,1,0,0,0,1,0,1,1,1,1,0,1,2,1,0,1,3,1,0,1,2,4,3,0,0,2,1,1,0,1,0,0,0,2,4,0,1,2,1,3,1,0,0,1,3,0,0,0,0,1,2,0,2,2,1,0,1,0,0,0,0,1,0,2,0,1,2,1,2,1,0,2,1,5,1,0,0,0,0,1,0,1,0,0,2,1,1,2,0,1,2,1,1,2,1,0,0,0,1,1,0,4,2,2,1,0,1,1,1,0,0,0,0,0,2,2,3,1,0,1,0,1,2,2,0,1,0,1,1,0,1,0,1,1,0,1,2,2,1,1,2,3,1,1,1,1,0,1,0,0,3,3,1,0,0,3
Gene516,2,2,1,3,2,3,1,2,1,1,3,2,5,0,2,1,2,1,2,0,1,0,1,2,1,0,0,1,0,0,0,0,1,1,0,1,1,2,1,3,0,3,1,2,0,0,1,0,1,0,1,4,1,2,0,1,1,3,0,0,0,4,1,1,3,1,1,1,3,0,1,1,1,0,1,1,0,0,1,0,4,1,1,1,2,0,0,0,0,3,4,1,0,0,2,0,0,2,0,1,1,1,1,2,1,1,0,1,1,2,1,0,1,0,0,1,0,0,1,2,0,1,0,3,1,1,2,1,2,0,1,2,3,0,0,2,3,2,0,1,1,0,0,0,1,1,3,1,0,0,0,0,1,0,1,0,1,0,2,0,0,1,1,4,1,0,3,1,1,1,1,1,2,0,1,1,2,1,0,0,2,0,0,0,1,0,1,2,3,0,2,0,0,1,3,1,1,2,0,2,0,0,0,0,1,0,0,3,0,0,2,1,1,1,3,0,1,0,3,2,2,1,1,0,1,2,0,0,0,1,0,1,0,0,0,2,1,1,2,0,0,1,0,1,1,0,1,1,1,1,0,1,0,2,4,1,1,2,1,1,1,3,1,2,2,1,0,1,2,2,0,1,1,0,0,0,1,0,0,0,0,1,1,0,1,0,0,0,2,2,1,0,0,1,0,1,0,0,2,0
Gene517,1,1,1,1,2,0,0,1,0,3,1,1,0,0,2,1,0,1,0,1,3,1,1,0,1,1,0,1,1,1,0,2,0,2,2,0,1,1,1,2,2,1,2,0,3,0,0,0,2,2,2,0,1,1,0,0,3,0,1,0,0,2,1,0,1,0,0,0,2,2,0,0,1,2,1,2,1,1,1,0,0,0,0,2,2,0,0,1,0,0,2,4,0,0,3,3,0,2,0,5,0,5,3,2,1,0,1,2,2,3,1,2,2,0,1,2,0,0,2,1,2,2,1,0,2,0,1,0,2,2,1,3,0,1,3,2,2,2,1,1,0,0,0,0,2,1,3,0,0,1,1,2,0,0,1,0,0,1,0,0,1,0,2,1,1,2,0,1,1,0,0,0,1,1,0,0,2,0,1,2,0,2,0,2,2,1,0,3,2,1,1,0,0,0,1,0,0,1,1,1,1,2,0,5,1,2,0,1,1,1,1,0,2,1,0,2,2,0,1,0,1,2,0,0,1,0,2,1,4,0,1,0,1,0,0,1,0,0,1,4,0,1,1,1,1,3,0,1,3,1,4,0,0,0,0,3,2,2,1,0,1,0,1,2,1,1,0,3,1,1,2,0,0,2,2,1,0,0,1,2,0,1,0,1,0,0,3,1,0,2,1,1,2,2,2,3,0,1,0,2
Gene518,1,1,1,0,2,2,0,0,3,1,1,0,2,4,0,0,0,2,0,3,0,1,1,1,1,2,0,1,3,0,2,0,0,0,3,3,0,1,1,0,0,1,3,1,0,0,0,5,0,2,3,1,0,1,1,0,2,2,4,1,0,0,0,2,0,2,2,0,1,1,1,1,0,0,3,0,3,0,1,2,0,0,1,1,1,0,0,1,1,2,1,0,0,1,1,0,0,1,1,1,0,2,1,1,2,1,0,1,2,1,2,0,1,1,2,0,1,4,0,1,1,1,2,0,1,1,0,0,2,0,1,0,1,0,1,0,1,0,2,1,2,0,1,3,1,2,0,0,2,1,1,1,2,2,0,0,0,2,0,0,1,1,1,0,1,2,1,0,1,1,1,2,0,2,1,1,1,1,1,1,1,0,3,1,3,0,0,2,2,0,0,1,2,1,4,1,1,4,2,0,2,2,2,0,2,1,1,3,0,0,3,1,0,1,2,2,1,0,0,3,3,2,2,0,4,1,0,2,2,0,0,0,1,1,2,2,0,1,1,2,0,0,1,0,2,0,2,0,0,0,2,0,2,0,1,1,0,1,0,0,2,0,1,1,1,0,2,1,1,0,1,5,2,3,1,2,1,2,1,1,3,0,1,0,1,0,1,0,0,2,0,0,1,1,0,0,1,0,1,0
Gene519,0,2,2,1,0,2,1,0,2,3,0,0,0,1,0,0,0,0,2,2,0,1,1,0,2,0,1,0,1,0,0,1,1,1,1,3,1,1,1,1,0,1,1,2,1,2,0,0,3,2,1,1,2,0,2,1,0,1,2,0,1,2,0,1,2,1,0,1,1,0,0,2,0,1,1,0,0,0,0,1,3,1,2,1,2,1,2,0,1,0,2,1,1,0,1,1,0,0,0,0,2,0,0,1,1,0,1,0,1,0,1,1,0,4,0,0,1,3,0,3,1,1,0,0,1,1,2,1,0,0,0,0,0,2,1,2,2,1,0,1,1,0,1,1,0,2,2,0,0,1,1,1,1,3,0,2,0,1,1,1,2,0,1,2,1,0,2,0,0,2,0,0,1,3,0,1,1,4,3,0,2,1,0,3,0,1,1,2,3,1,0,1,1,1,0,1,1,2,1,2,1,0,1,2,0,1,2,1,2,0,2,0,1,0,0,1,0,0,0,2,0,1,2,2,0,1,1,0,0,1,1,0,2,0,2,1,0,1,1,0,0,1,1,0,2,1,1,1,0,3,0,3,2,1,3,1,2,0,2,2,1,1,2,2,0,1,0,2,1,0,1,0,3,1,2,0,1,2,0,3,0,0,1,1,1,0,2,0,0,0,1,0,0,2,0,0,1,1,1,0
Gene520,2,2,0,0,1,4,1,0,2,0,1,2,2,0,0,3,2,0,1,2,2,1,3,1,5,0,1,0,0,0,1,3,2,3,2,1,1,1,1,1,3,0,0,1,1,1,4,1,0,0,0,0,0,0,0,2,2,0,0,1,1,1,1,1,1,2,0,2,0,1,1,1,2,1,1,1,0,1,0,0,0,0,0,1,3,1,1,0,2,1,1,0,1,2,0,1,1,1,1,1,4,2,0,1,1,0,0,2,3,2,0,2,0,0,0,1,2,3,0,0,2,2,0,1,2,3,0,0,2,3,2,0,1,1,2,1,1,1,3,0,4,1,0,1,1,1,0,1,3,0,0,2,1,3,1,0,1,0,2,2,0,1,3,1,1,1,1,0,1,2,1,2,1,1,0,3,0,1,1,1,2,2,1,1,1,1,2,0,3,2,0,3,2,1,2,1,1,1,1,2,1,0,1,1,1,0,2,2,0,0,0,1,2,1,1,2,1,1,1,0,0,3,0,1,1,2,1,1,2,1,1,0,0,0,0,0,0,1,1,1,1,0,0,0,0,0,3,1,0,1,1,1,3,3,0,2,0,1,1,2,0,0,0,0,0,3,1,0,2,3,0,0,0,0,0,2,0,0,1,1,4,2,2,1,1,1,1,2,2,0,0,0,0,2,0,1,1,0,1,0
Gene521,0,2,1,1,1,0,0,0,1,2,1,1,3,1,1,2,0,0,4,1,0,2,1,1,1,1,1,0,1,1,1,4,1,1,0,0,0,0,0,1,1,1,1,0,1,0,0,0,0,1,0,0,1,0,0,0,0,1,1,0,2,0,0,0,1,2,0,2,0,2,1,0,0,1,2,0,2,1,0,0,1,3,1,0,0,2,0,1,2,1,1,2,0,0,1,3,0,1,0,0,1,1,4,2,0,3,1,1,0,0,1,0,0,1,1,0,1,2,1,0,0,1,1,1,0,1,0,0,2,0,1,0,2,0,0,0,1,0,0,1,2,0,1,2,0,1,1,0,0,1,0,2,2,1,1,1,1,0,2,2,1,0,0,0,1,3,1,1,1,0,0,1,1,3,2,0,1,0,1,2,1,3,2,0,0,1,3,0,0,0,0,1,1,1,0,0,3,0,0,1,0,2,1,1,0,1,2,1,1,2,0,1,0,0,1,2,4,2,2,1,0,0,1,0,1,1,1,1,1,1,0,1,0,1,2,3,0,0,0,0,0,0,2,1,1,0,0,0,2,1,2,2,2,1,0,0,0,0,0,0,1,0,0,1,1,0,0,4,0,0,1,2,0,1,1,1,2,2,2,0,1,0,0,1,1,1,1,3,2,1,1,2,0,0,0,1,2,0,0,0
Gene522,2,0,2,0,1,1,0,2,0,3,3,0,0,0,1,0,1,3,2,1,1,1,1,2,1,2,0,0,1,2,0,1,2,1,2,2,0,0,0,0,2,0,1,0,1,1,0,0,3,0,0,2,4,3,0,0,1,1,1,0,0,2,0,2,1,1,0,2,1,1,0,2,0,2,1,0,1,0,2,0,1,1,1,0,1,0,0,1,0,0,0,0,0,0,0,1,1,1,1,3,3,2,1,1,0,1,1,2,0,0,2,2,1,1,0,1,1,3,0,2,4,1,1,0,2,2,1,0,4,3,2,3,3,1,1,1,1,1,2,0,1,1,0,1,1,0,0,1,1,0,2,0,0,3,1,1,1,0,1,1,2,1,2,0,1,0,2,3,0,1,0,0,0,0,2,0,0,1,0,1,1,1,4,2,1,0,1,1,2,1,2,0,2,1,1,2,1,2,0,1,2,1,2,1,1,1,1,0,1,1,0,0,0,1,1,0,0,1,1,1,1,0,1,0,2,4,2,0,0,2,0,0,0,0,1,2,3,1,0,0,1,0,0,1,1,1,0,0,2,2,2,1,0,0,0,2,3,1,0,1,1,0,0,1,1,2,1,0,0,1,1,0,0,2,1,1,1,1,1,1,1,0,2,1,0,0,1,2,0,1,1,3,2,0,0,3,1,0,0,1
Gene523,0,0,0,1,1,0,0,0,4,1,1,0,4,1,1,1,1,1,0,3,0,1,0,1,1,0,1,1,2,1,1,0,0,0,0,1,2,1,0,0,0,0,1,0,2,1,2,1,1,2,0,1,1,3,4,1,1,2,0,1,2,1,0,0,0,3,0,2,1,0,3,2,1,0,2,0,1,0,3,1,1,0,1,1,1,1,3,1,0,1,2,0,1,0,1,0,0,0,1,2,1,2,2,0,3,1,0,2,2,1,2,1,1,0,3,0,1,0,1,1,1,0,1,0,1,1,1,2,0,2,1,1,0,1,0,1,0,1,1,1,2,2,1,1,1,0,0,0,2,0,1,1,1,2,2,0,0,0,1,0,2,0,2,1,2,2,0,1,1,3,0,0,4,1,1,1,1,1,1,2,2,0,0,0,1,1,2,0,3,1,3,0,2,1,0,0,2,0,1,1,1,1,2,1,0,1,1,0,1,1,0,1,2,1,1,0,0,1,0,2,0,0,1,1,2,0,1,2,1,1,1,1,0,0,2,1,1,1,0,1,0,1,0,1,1,1,1,1,2,2,1,1,0,2,3,2,1,1,0,2,1,0,0,0,1,0,0,2,1,2,0,2,1,0,1,1,0,2,1,1,0,1,1,2,0,1,1,3,1,2,1,0,2,2,0,0,1,1,0,0
Gene524,0,1,0,1,2,0,0,1,1,0,1,1,3,3,1,1,0,1,0,0,1,1,3,1,0,0,1,3,1,2,1,0,0,1,0,1,0,1,1,2,0,1,1,0,0,0,2,2,1,0,4,0,1,1,3,3,0,2,1,1,2,0,0,0,2,1,1,1,1,2,2,4,0,0,2,2,2,1,1,3,1,2,2,0,1,1,2,0,1,1,1,3,0,2,0,0,1,2,2,1,2,0,0,1,2,1,0,1,0,2,0,1,2,0,2,3,1,0,1,0,0,1,0,0,1,0,2,0,2,1,0,1,1,1,2,0,1,1,0,1,1,1,1,2,1,0,2,3,0,0,1,1,1,2,2,1,2,0,0,1,1,1,1,2,1,0,0,1,1,2,0,0,1,1,1,1,1,3,0,2,0,4,2,1,1,0,2,1,0,1,0,0,1,1,0,1,0,1,1,0,0,2,2,0,0,0,0,2,4,2,1,1,1,3,0,1,0,1,1,1,3,3,1,3,1,1,2,0,1,1,1,2,1,1,0,0,1,2,1,0,0,0,0,1,0,0,1,1,0,2,1,0,1,1,0,0,1,0,2,2,3,1,2,0,0,0,2,1,1,2,1,0,4,1,1,4,0,1,2,0,1,0,4,3,2,1,1,0,1,2,1,1,0,1,3,0,0,5,1,2
Gene525,1,0,1,0,2,2,0,0,1,0,2,0,1,2,0,1,2,0,0,1,1,5,1,0,0,2,0,0,0,1,0,0,2,2,2,1,1,1,1,2,1,3,1,1,0,2,1,0,1,3,0,0,0,4,1,0,1,0,3,2,0,0,1,2,2,0,0,4,2,2,1,2,1,2,1,0,0,2,1,2,1,1,0,1,1,1,0,2,0,1,0,0,2,1,1,1,0,1,2,1,0,2,0,0,4,3,2,0,2,2,0,1,0,0,1,1,2,0,0,1,0,2,1,1,0,2,1,2,0,0,0,2,0,2,0,0,4,4,1,0,1,2,0,0,1,2,1,0,0,0,1,1,0,1,3,3,0,1,3,1,1,1,2,0,0,1,2,2,0,0,1,1,0,2,0,0,0,2,1,0,1,2,1,1,0,0,0,2,2,0,0,0,1,2,1,1,1,0,2,0,2,2,0,0,4,1,1,1,1,1,0,1,1,0,2,3,1,1,0,2,1,1,0,0,0,0,3,2,2,2,2,1,0,5,0,0,1,0,2,0,1,0,1,2,1,1,5,3,0,1,1,0,2,0,0,1,0,1,3,0,0,2,1,0,2,1,2,1,0,1,1,0,1,1,1,1,2,4,1,1,1,0,1,1,1,0,1,0,2,1,2,0,2,0,0,2,1,0,0,4
Gene526,1,0,3,1,0,1,0,2,0,0,0,2,2,0,1,2,1,2,2,1,4,4,1,1,1,0,1,0,1,0,0,1,0,2,0,0,2,0,2,1,0,0,1,1,0,2,0,0,0,5,1,0,0,0,3,1,0,0,1,2,0,2,2,4,1,3,1,0,1,1,1,0,0,2,1,1,0,1,0,0,3,3,1,2,1,1,0,3,0,0,1,2,1,1,0,1,1,1,0,0,1,1,0,0,0,0,1,0,3,1,1,0,0,0,0,3,2,2,1,1,1,0,0,1,1,3,1,0,1,0,0,2,0,2,0,3,0,1,0,1,2,1,0,1,2,1,1,2,0,0,1,1,2,1,2,0,1,2,0,3,1,0,0,2,1,0,0,0,1,0,2,0,1,4,2,2,0,3,1,0,0,0,2,1,0,1,0,1,2,2,1,0,1,1,1,3,0,2,0,2,1,1,2,2,1,3,1,2,0,1,1,1,1,3,1,1,0,2,1,0,3,1,0,1,2,2,0,0,1,1,1,0,1,0,1,1,1,0,3,1,1,0,3,1,1,1,1,2,2,4,3,0,2,0,0,0,1,1,0,3,2,0,2,1,0,0,2,1,1,2,1,2,0,1,2,3,1,2,0,0,0,3,1,2,0,2,1,0,3,3,1,2,1,1,1,1,1,0,1,0
Gene527,1,1,1,0,0,1,2,0,0,1,2,2,1,0,1,3,1,1,2,0,0,0,1,0,1,1,2,0,2,2,0,1,3,1,1,1,0,1,2,1,1,1,2,1,1,1,1,0,0,1,2,0,2,0,0,2,1,1,1,2,0,0,1,1,1,0,1,0,2,1,0,3,0,1,1,0,2,1,1,1,0,0,0,0,2,0,0,2,1,1,2,2,0,0,1,1,0,0,1,0,0,4,0,0,0,0,0,0,2,1,1,1,0,1,0,0,1,2,1,0,2,2,3,0,1,2,0,1,1,1,2,2,2,1,0,2,0,2,4,0,0,2,1,2,1,2,2,1,1,1,1,1,1,4,1,1,1,0,1,1,0,2,0,0,1,4,1,0,1,4,1,1,0,2,2,2,2,3,2,0,0,0,1,0,0,2,0,2,1,0,1,1,2,1,2,0,0,0,1,1,0,1,0,0,1,0,2,0,1,1,1,0,1,2,0,1,0,3,0,3,3,0,4,1,1,1,1,0,2,1,1,1,0,3,3,0,2,1,3,1,1,1,1,1,2,1,0,0,1,1,0,1,4,1,2,1,1,1,0,0,2,4,3,1,0,2,1,0,0,1,0,1,0,0,1,2,2,0,0,0,1,4,2,2,1,1,1,0,1,3,1,1,1,0,1,1,0,0,2,1
Gene528,1,1,0,1,1,0,0,1,1,5,0,0,2,0,1,0,1,0,1,0,0,1,1,1,2,1,1,2,1,3,1,2,1,1,3,0,2,2,0,1,0,1,4,3,1,1,2,2,3,2,0,1,3,1,2,3,1,0,1,1,1,0,0,2,1,1,0,2,1,0,0,1,0,0,2,3,4,0,3,1,1,1,2,1,2,3,0,2,0,1,0,0,0,0,1,2,2,0,3,1,2,1,0,1,0,2,4,0,0,0,1,2,1,1,2,1,1,0,0,1,0,1,1,1,0,2,2,0,1,1,0,1,3,1,1,0,1,4,0,1,1,0,2,1,0,5,1,1,2,1,2,0,2,2,1,2,0,0,2,0,0,0,2,3,0,0,0,0,1,0,6,2,1,2,0,0,1,1,2,1,1,0,1,1,1,3,1,0,2,1,0,0,2,1,1,1,1,1,0,0,1,1,1,1,1,2,1,0,0,1,4,0,0,0,0,1,1,1,1,1,0,1,2,1,1,1,1,2,0,1,1,0,0,2,0,3,3,1,0,0,0,1,0,2,1,0,2,0,0,0,0,3,3,1,1,2,2,1,2,2,0,0,0,2,0,2,1,1,1,2,0,2,0,2,1,0,1,1,2,2,0,0,2,0,0,0,0,0,1,1,0,0,1,2,3,0,2,0,0,3
Gene529,0,1,2,0,1,0,0,2,0,1,1,1,0,0,0,1,2,2,0,1,0,0,0,0,1,0,0,0,2,0,0,1,0,2,1,2,3,4,3,1,0,1,1,0,0,2,0,0,0,2,1,2,1,1,0,2,0,1,2,1,1,0,0,0,1,0,2,0,1,1,2,0,4,2,0,1,0,1,1,1,1,1,2,0,0,1,1,0,2,1,1,1,0,1,0,2,2,0,0,2,0,0,1,2,2,0,0,3,0,0,1,2,1,1,0,1,0,0,1,2,0,1,0,0,1,3,3,1,2,0,2,2,2,1,2,1,0,1,2,0,1,1,1,2,1,0,0,4,1,3,4,0,0,2,1,0,0,0,1,1,1,2,0,0,1,2,0,0,1,0,0,2,0,2,1,0,1,2,0,1,0,3,3,2,1,1,1,1,0,0,1,1,0,2,0,0,1,0,2,0,1,3,1,0,2,0,2,2,1,0,0,1,0,2,2,1,1,1,2,0,1,3,0,0,1,0,0,4,0,0,3,0,3,2,0,2,3,1,2,0,0,1,0,2,2,2,1,4,4,1,1,1,1,1,1,1,1,0,1,0,0,1,0,3,0,2,1,4,1,1,2,0,0,1,2,0,2,1,1,2,1,1,4,2,1,0,2,2,0,0,1,0,1,2,3,0,0,1,1,1
Gene530,0,2,1,2,2,0,1,3,3,1,1,3,2,1,2,2,0,0,0,2,2,2,1,3,0,0,1,1,3,0,1,0,1,1,2,1,1,2,2,1,0,1,0,1,0,0,1,0,0,1,3,0,1,2,0,2,1,0,1,0,0,1,0,1,2,1,1,1,1,3,1,0,1,1,0,0,1,0,0,0,0,0,1,3,0,0,0,1,0,0,1,3,0,1,1,1,2,3,1,3,1,2,0,1,1,1,2,0,0,0,1,1,1,2,3,1,3,0,1,2,2,0,2,2,4,1,1,3,1,0,1,2,1,0,1,2,0,0,2,1,2,1,3,1,0,0,0,1,1,1,1,1,0,1,0,0,2,0,1,0,0,0,2,3,2,0,0,1,2,2,3,2,1,0,1,0,0,2,1,2,1,1,0,0,0,1,2,0,0,3,0,0,2,1,0,1,0,2,2,1,3,1,1,0,2,0,2,1,1,1,1,0,4,3,0,2,1,1,2,0,1,0,1,1,1,4,0,0,0,1,1,0,1,1,1,1,0,2,1,2,1,0,0,1,3,0,1,0,2,1,0,2,2,2,3,0,1,1,1,1,2,1,0,2,0,1,3,1,0,0,1,0,2,1,1,0,1,3,0,2,0,1,0,4,3,0,1,0,2,0,0,0,1,2,0,0,1,3,1,1
Gene531,1,2,1,0,0,0,3,1,2,2,1,0,0,1,1,2,2,1,3,1,1,0,0,3,0,0,4,2,1,2,1,2,1,2,0,1,3,1,0,1,0,0,0,2,2,1,0,1,1,1,0,2,2,1,2,1,1,0,0,2,5,2,0,0,0,2,3,0,0,0,2,1,1,0,0,0,2,2,0,1,1,1,1,1,1,1,0,0,0,0,0,1,0,1,6,1,1,0,0,3,2,1,0,1,0,3,1,0,1,1,0,1,0,3,0,3,0,1,0,1,1,0,1,1,1,1,3,5,0,1,2,0,1,0,1,1,0,0,0,1,3,3,0,1,2,1,1,0,0,2,0,0,1,0,2,4,0,1,0,2,2,1,0,0,0,0,1,1,1,1,1,0,0,4,0,2,1,3,0,2,2,2,2,1,1,0,0,0,1,1,1,1,1,1,1,1,2,2,2,0,0,0,0,0,0,1,0,2,1,0,3,0,2,0,2,2,0,0,1,1,1,1,0,1,0,1,0,0,2,1,1,0,1,0,1,2,1,3,1,1,2,1,0,2,1,0,0,2,0,0,1,0,1,0,2,1,3,1,1,3,0,0,3,0,0,1,2,1,0,0,0,3,0,1,0,0,3,0,0,1,2,0,0,1,0,2,2,2,0,2,0,1,2,0,0,0,0,0,1,1
Gene532,1,1,0,1,3,1,0,4,0,2,5,3,1,1,0,1,0,1,0,0,1,1,0,3,1,0,1,2,1,1,0,2,1,2,3,2,2,0,1,0,0,1,0,1,0,1,2,1,0,2,1,0,1,1,2,2,2,2,0,0,0,0,1,1,2,2,0,3,1,0,1,1,1,0,0,2,1,3,1,0,3,2,0,1,3,0,1,1,1,1,0,2,0,2,1,0,1,0,0,1,0,0,1,0,1,1,1,1,1,0,2,2,1,2,1,0,1,2,1,0,2,1,0,0,1,2,1,0,1,0,0,0,1,1,0,1,1,1,0,0,0,2,1,0,1,1,0,2,0,2,0,0,1,1,1,0,1,0,0,0,2,2,0,0,2,1,0,0,0,1,2,1,0,3,1,2,0,2,1,0,1,0,0,0,1,1,2,2,3,2,1,1,0,0,1,0,0,3,1,0,4,1,0,0,1,1,0,0,1,1,1,2,3,0,0,1,1,2,2,1,2,1,0,2,2,1,1,2,1,1,1,2,1,1,2,1,0,0,2,3,1,0,0,1,0,1,0,1,1,1,0,0,0,2,0,2,1,1,1,2,2,1,1,1,1,0,1,1,0,1,1,3,2,3,0,0,1,0,0,0,0,1,4,0,2,0,0,0,0,1,1,0,0,0,0,1,1,0,4,0
Gene533,1,1,3,0,0,2,0,1,0,2,0,2,1,3,1,1,0,0,0,1,0,4,0,1,1,0,4,1,1,0,2,0,1,2,0,4,1,1,1,3,0,0,0,3,1,1,4,2,1,0,0,2,0,1,2,1,1,0,1,2,2,2,1,1,0,1,2,1,1,2,1,1,1,1,1,1,2,0,2,1,1,1,2,1,1,3,1,2,1,0,1,0,1,1,0,1,2,1,2,0,3,0,0,0,0,2,0,2,2,0,2,0,0,1,1,1,0,0,1,2,0,1,0,0,1,2,0,0,0,1,0,2,1,2,0,1,0,0,0,1,1,0,0,2,1,1,0,1,0,0,1,0,1,0,1,2,3,1,1,1,1,2,0,1,0,2,0,1,1,1,0,2,0,1,0,1,0,2,1,4,2,1,1,0,2,1,0,0,2,2,0,1,0,1,0,2,1,2,0,0,1,0,2,0,0,1,1,1,1,0,0,1,1,2,0,0,1,2,1,1,0,2,0,1,3,2,1,1,1,0,1,1,0,1,1,2,0,0,0,0,2,2,1,1,1,2,0,3,2,0,1,1,1,0,0,0,1,2,2,2,0,1,0,2,1,1,0,1,1,1,1,1,2,0,0,3,0,1,0,1,0,0,0,0,1,2,0,2,1,0,0,1,2,1,0,0,1,1,2,1
Gene534,1,0,1,1,0,1,1,1,2,1,2,1,0,2,1,2,2,3,1,1,0,2,1,0,0,1,0,1,0,1,2,2,0,0,2,0,1,0,2,1,0,1,0,2,0,1,1,0,0,0,0,1,1,2,0,1,3,0,1,0,2,0,0,3,1,0,1,0,2,2,2,1,1,2,0,3,1,2,1,1,0,2,1,2,0,0,1,1,0,3,0,1,1,1,0,2,1,1,0,0,2,2,1,0,0,0,4,1,2,0,1,0,2,4,1,1,2,2,2,2,0,1,3,1,0,1,1,0,3,3,2,2,0,0,2,0,3,0,0,1,1,0,1,0,0,1,3,0,0,1,1,0,0,3,1,2,2,1,2,1,1,0,0,1,1,2,2,0,1,0,1,0,1,2,1,2,1,2,2,1,3,0,3,0,2,0,1,1,0,0,1,0,2,1,2,0,1,1,1,2,3,2,0,1,1,2,1,1,1,1,1,3,2,1,0,0,1,2,1,3,0,0,2,3,0,1,0,1,1,0,1,4,0,1,0,3,0,1,1,1,1,0,0,4,2,0,1,1,0,0,1,1,0,1,1,0,5,1,3,0,0,0,2,0,2,1,0,1,0,1,0,3,1,1,1,1,1,0,0,0,0,0,2,0,3,0,0,0,0,0,0,1,0,2,0,0,3,1,1,1
Gene535,0,1,1,0,1,4,0,0,1,2,0,1,0,1,0,0,2,1,1,0,0,2,0,3,1,1,1,0,0,1,1,0,2,1,1,1,0,0,0,0,1,3,0,0,0,1,1,2,1,4,0,0,2,2,2,1,1,2,0,0,0,2,0,0,2,0,1,1,0,1,0,0,0,1,0,1,0,0,1,1,0,1,3,1,2,2,1,1,0,1,0,2,1,0,1,1,4,0,0,0,0,0,3,1,2,1,1,1,2,1,2,1,1,3,1,0,2,0,3,1,1,0,1,0,1,4,0,2,0,0,2,0,0,0,0,0,1,1,0,1,1,1,1,1,2,2,2,0,1,0,0,0,1,3,2,3,0,1,0,0,2,0,0,2,0,1,0,0,2,1,1,1,0,1,2,1,1,1,2,0,0,0,1,1,2,0,2,1,1,2,0,1,0,1,1,0,3,1,0,1,0,1,1,4,1,2,2,2,2,0,0,0,0,1,1,2,3,3,1,0,3,0,2,3,2,1,1,0,2,1,3,1,0,3,2,3,0,2,2,0,1,0,0,0,2,0,0,0,2,2,1,0,3,1,0,0,0,2,1,1,3,0,2,0,1,0,2,1,0,0,0,0,1,1,3,2,0,2,2,1,0,1,0,4,1,2,2,0,1,1,3,0,2,1,0,1,2,1,0,0
Gene536,2,0,1,2,2,0,0,2,1,1,1,1,1,0,0,1,3,0,1,1,1,0,1,2,0,1,1,1,1,1,0,1,2,2,1,0,1,0,0,1,1,1,1,0,1,2,0,0,0,2,0,0,0,1,2,1,2,2,1,2,0,0,1,0,0,1,4,0,0,0,0,2,0,1,3,4,0,0,1,1,1,0,1,0,1,1,0,0,4,1,0,1,1,2,0,0,0,1,2,2,1,3,1,2,3,1,2,1,4,2,0,1,0,1,1,0,0,0,2,1,0,2,2,0,0,1,2,1,2,3,1,2,0,2,1,1,1,1,1,0,0,2,0,0,1,0,2,1,3,0,0,0,1,1,1,1,0,2,1,0,1,1,1,1,2,1,0,3,2,0,0,1,1,1,1,1,1,1,1,1,0,1,0,0,1,1,4,0,0,0,1,1,2,2,2,1,0,0,1,1,0,1,1,1,0,0,1,1,0,2,1,1,0,1,1,1,1,0,3,0,0,3,0,0,0,0,1,0,0,1,0,1,1,1,2,3,0,0,0,0,2,0,1,0,0,2,0,1,1,1,0,2,1,0,0,1,1,1,2,1,1,0,2,0,2,0,0,2,0,1,1,1,1,1,2,0,2,0,1,2,2,1,1,1,0,0,0,2,0,1,1,1,1,0,2,0,1,2,0,4
Gene537,3,2,1,1,2,2,0,0,1,1,2,1,1,2,2,1,1,2,0,0,2,0,3,2,0,0,2,2,1,2,0,1,2,0,1,2,0,1,1,0,1,2,0,1,2,0,2,0,0,1,1,1,0,0,1,0,2,2,2,2,2,2,1,0,1,0,3,1,1,2,1,2,0,0,1,1,0,1,1,1,1,0,3,1,2,2,1,1,4,2,1,0,2,5,0,2,0,0,1,0,1,0,0,2,0,0,0,0,0,0,1,3,0,0,1,0,2,2,0,1,2,2,0,0,2,1,0,3,1,0,2,2,1,1,0,1,0,2,1,2,2,0,0,0,1,2,1,0,0,1,3,1,3,0,2,1,2,0,2,2,0,2,1,2,0,1,2,2,2,2,2,1,0,1,0,2,1,1,2,2,3,0,0,1,2,1,1,0,0,0,2,2,0,3,0,0,0,1,0,2,0,0,1,1,1,1,0,0,0,1,3,0,0,2,1,2,2,1,0,1,1,1,1,1,0,0,1,2,1,1,3,0,3,0,2,1,0,0,3,0,2,3,0,0,2,0,1,1,1,0,1,0,2,3,3,1,0,2,2,0,1,0,1,1,0,3,0,0,0,1,0,2,0,2,3,1,1,0,1,2,0,1,1,0,2,1,2,1,2,0,0,0,0,1,0,2,2,0,0,3
Gene538,0,0,1,3,0,0,1,0,0,0,1,2,1,1,0,1,0,0,0,0,1,1,0,2,0,0,0,1,2,0,0,1,1,1,1,2,2,1,1,1,1,0,0,1,1,1,1,0,0,1,1,1,2,1,2,0,1,2,1,0,0,2,1,1,0,0,1,4,0,0,1,0,0,2,0,0,1,0,2,0,0,1,1,2,1,1,0,2,1,1,0,1,1,1,0,1,0,1,0,0,0,0,0,1,0,0,0,1,0,1,1,0,0,0,0,0,2,2,1,1,0,1,0,0,2,1,0,1,4,0,0,0,0,0,0,0,2,2,0,1,2,0,1,1,2,2,2,0,1,2,1,2,1,0,0,0,2,2,1,3,5,0,3,3,0,1,0,2,1,3,1,0,0,1,2,0,2,1,2,0,1,1,0,1,0,0,1,2,0,1,2,2,0,1,3,0,2,2,1,1,1,2,1,0,1,1,1,1,0,1,0,3,1,1,2,1,2,1,1,2,1,1,1,0,0,2,3,4,1,1,3,0,0,0,1,2,2,2,0,0,1,0,1,0,0,3,1,1,0,3,1,0,1,1,2,1,2,3,1,3,0,1,0,1,1,1,1,0,2,1,1,2,0,2,2,0,1,3,3,0,0,1,0,0,2,0,1,1,2,2,2,2,1,1,1,1,1,0,0,1
Gene539,0,1,1,0,0,3,0,1,4,0,2,1,2,1,0,1,1,1,1,3,0,1,0,0,1,2,2,1,0,1,0,1,0,5,1,2,0,1,1,1,2,1,1,0,0,1,0,1,1,3,1,0,0,3,0,1,2,2,0,0,1,1,2,1,0,0,0,1,2,0,0,1,1,2,0,0,1,0,0,0,1,0,2,0,1,0,1,0,0,0,1,0,1,4,0,0,2,1,1,2,2,1,1,1,0,1,0,2,1,0,0,2,0,0,0,0,1,5,0,1,2,1,0,1,1,3,1,0,2,0,2,0,3,2,1,2,1,1,0,1,3,0,1,2,1,0,1,2,0,1,1,0,2,2,0,0,3,0,0,2,0,0,2,1,0,1,2,2,1,1,1,0,1,2,2,1,1,2,0,2,1,2,1,0,1,3,0,1,1,1,0,0,0,1,0,0,0,1,1,1,1,1,0,1,0,0,1,1,0,1,5,0,2,1,1,3,1,1,0,1,1,1,1,0,1,1,0,0,2,1,1,3,0,3,1,0,1,1,1,2,0,0,0,0,0,0,0,2,2,1,1,1,2,1,1,1,1,1,2,2,4,1,1,0,1,0,0,5,2,1,2,1,1,0,0,3,2,1,1,0,1,0,1,0,1,1,2,2,0,3,4,1,2,2,0,0,0,1,0,0
Gene540,0,2,1,1,0,0,2,1,0,0,6,2,0,2,0,0,1,0,3,0,0,0,0,3,0,1,2,1,3,1,2,1,0,1,1,2,0,1,0,2,2,1,1,1,2,1,0,1,2,0,2,1,0,1,1,1,1,2,0,0,0,0,1,0,0,2,0,1,1,0,3,0,1,2,1,1,2,1,1,4,0,1,0,2,1,2,1,0,2,1,0,1,1,1,3,0,0,0,1,0,1,1,1,1,0,0,0,0,0,3,2,1,0,0,0,0,2,1,0,3,1,1,1,0,0,2,0,1,2,1,5,0,1,2,1,0,1,0,0,0,0,0,1,0,0,1,2,1,0,0,4,1,1,0,1,1,0,0,4,2,1,1,1,0,0,0,1,1,0,0,2,4,0,1,1,0,0,2,2,2,1,1,1,0,1,1,0,0,1,1,1,0,0,0,1,0,1,1,0,1,1,3,3,3,0,4,2,1,1,0,0,0,0,1,2,0,3,0,2,0,0,0,0,3,0,1,1,3,1,2,3,1,0,0,1,1,1,4,1,1,1,2,1,3,1,2,3,0,0,2,0,0,2,0,1,1,0,0,1,1,1,1,0,3,1,0,0,1,1,0,1,1,1,0,1,0,1,1,1,2,0,2,1,0,1,2,0,2,2,0,1,0,0,2,1,0,2,4,3,1
Gene541,2,0,1,1,2,2,0,0,3,3,0,1,1,2,1,0,0,2,2,0,0,0,0,1,1,0,3,1,2,1,0,0,0,2,1,2,0,1,0,1,0,2,3,2,0,1,0,0,2,1,2,1,2,0,1,0,0,0,1,1,1,1,1,1,0,3,0,2,1,3,1,0,3,1,0,0,0,1,2,0,1,1,1,2,1,0,1,1,1,3,2,1,2,2,1,1,0,2,0,2,0,1,4,0,3,0,0,2,1,0,1,0,0,2,1,2,1,1,1,1,1,1,1,1,1,3,2,4,1,4,1,0,2,0,0,1,1,1,1,0,1,2,1,1,1,0,0,2,2,1,2,0,2,1,2,0,0,1,3,0,0,1,1,2,2,1,0,1,0,0,1,1,1,0,4,2,2,3,2,3,4,1,2,3,1,1,2,1,1,1,0,1,1,3,1,2,0,2,1,0,2,1,1,0,0,1,2,0,1,0,1,1,1,5,2,1,1,1,1,1,0,1,1,1,1,0,2,0,1,2,1,4,2,0,0,2,0,0,0,1,0,1,1,1,0,2,1,1,1,2,1,1,1,1,1,0,0,2,1,1,0,3,1,1,2,0,1,2,1,2,0,0,1,1,3,0,0,3,3,2,0,2,0,2,1,2,1,2,0,2,3,1,0,0,1,1,0,0,1,0
Gene542,2,1,0,3,2,1,1,1,2,0,0,0,0,2,2,1,0,1,1,0,3,1,2,1,0,1,0,2,1,1,0,0,0,1,0,0,2,3,0,1,1,0,1,2,0,2,1,0,1,1,0,3,2,1,2,0,2,2,1,0,1,1,1,1,1,1,3,1,1,0,0,2,1,0,0,1,2,0,1,0,2,1,1,0,2,1,3,0,0,0,1,2,1,1,2,0,1,2,1,2,0,0,2,2,0,0,0,0,0,0,2,0,0,0,1,0,2,0,2,1,0,0,0,0,1,0,1,0,2,1,1,2,2,0,0,1,1,3,0,2,0,1,1,0,1,2,1,1,4,0,1,0,1,1,0,1,2,0,1,0,2,0,0,3,1,2,0,1,1,0,0,0,1,2,1,0,1,1,1,1,1,1,0,1,1,0,0,1,1,2,1,2,2,2,2,1,2,0,3,0,0,0,1,1,0,3,0,1,0,0,0,2,2,3,0,0,2,1,2,2,1,1,0,1,1,1,1,2,1,2,1,1,3,0,2,0,1,0,0,1,2,3,1,2,1,3,0,1,0,1,2,2,0,1,2,3,0,1,0,0,3,0,1,2,1,3,1,1,0,2,3,4,1,2,0,0,1,1,1,1,2,0,0,0,1,3,1,0,1,0,0,1,0,1,1,0,2,1,0,0
Gene543,1,0,0,1,0,0,0,3,1,2,0,0,0,0,1,0,3,2,2,2,1,0,0,2,0,3,2,1,1,2,1,2,1,3,2,1,1,1,1,0,0,2,4,2,2,1,0,0,0,1,1,4,0,2,0,1,0,2,0,1,2,0,2,2,1,1,1,0,1,1,0,0,1,1,0,2,1,1,1,3,0,1,4,1,0,0,0,0,1,2,1,0,0,0,1,1,0,2,0,1,3,0,0,2,0,0,1,1,1,2,0,2,2,2,1,1,0,2,2,4,1,2,0,0,0,2,0,0,2,2,0,1,1,3,1,3,3,2,1,0,1,1,3,0,2,1,1,1,1,3,0,2,3,1,1,0,0,1,1,1,0,0,1,3,1,0,0,0,1,2,0,2,0,0,1,0,1,0,0,0,0,0,2,2,0,2,0,0,1,1,3,1,1,0,0,0,1,0,1,1,1,1,1,0,1,1,0,0,0,1,0,2,1,1,1,2,2,0,1,0,0,2,1,1,0,1,1,1,2,1,0,0,1,0,1,1,2,2,2,0,0,0,2,1,1,4,1,0,1,1,2,1,0,2,2,2,0,1,2,1,0,1,1,2,1,0,2,0,1,1,0,0,2,0,1,0,0,0,0,0,0,0,0,1,1,2,0,0,0,0,1,1,3,1,2,1,1,0,2,1
Gene544,1,0,0,3,2,0,0,2,0,1,1,1,0,2,1,1,0,3,2,4,0,2,1,0,1,1,1,2,1,1,1,3,2,2,0,1,0,2,1,1,1,1,0,2,1,0,4,0,2,0,0,0,1,0,0,1,0,0,0,0,1,1,1,1,1,1,0,1,4,2,1,1,0,1,1,1,2,0,0,1,0,0,3,0,1,0,2,1,1,2,0,2,1,3,1,2,2,2,0,1,0,2,0,1,0,0,1,0,4,1,1,1,1,0,0,0,1,2,0,0,0,1,0,0,1,1,1,1,0,0,2,2,0,1,4,3,2,0,1,1,3,2,1,1,0,0,1,0,2,0,0,0,1,0,0,2,2,2,0,1,0,1,0,0,0,0,0,0,2,0,1,1,2,1,1,0,2,0,3,1,0,0,0,1,3,0,0,2,1,1,0,0,0,1,2,0,2,0,0,0,0,1,0,0,1,1,1,0,0,1,0,1,4,1,1,1,2,4,2,0,1,1,0,0,0,3,1,1,2,1,0,1,0,1,1,1,1,0,0,0,2,2,2,0,0,1,0,2,0,2,1,2,1,2,0,0,0,1,2,1,0,0,2,1,0,0,1,0,1,0,0,1,0,1,3,2,1,3,1,1,0,1,0,1,1,2,2,0,1,2,2,1,0,0,3,1,0,0,1,2
Gene545,1,0,2,0,0,2,1,1,1,2,1,1,3,0,1,0,1,1,1,0,1,1,0,0,0,0,0,0,0,0,0,2,2,0,1,3,0,1,0,1,2,3,0,1,0,1,0,0,0,1,0,5,2,0,3,1,0,0,2,1,3,0,1,1,0,1,3,0,2,1,0,1,0,1,1,1,1,1,0,0,1,1,0,1,0,0,2,1,0,0,3,2,1,1,1,1,0,0,2,1,2,1,0,0,1,1,1,1,0,2,3,1,3,0,1,0,3,1,1,0,0,2,2,0,2,2,0,0,1,1,2,2,1,1,1,1,1,2,3,2,1,0,4,1,3,0,0,0,2,1,0,2,0,0,0,2,2,0,1,2,0,1,1,0,1,0,1,1,0,2,2,0,1,1,1,3,0,0,1,0,3,1,1,1,1,4,1,0,1,3,1,1,1,2,1,2,1,1,0,2,0,1,1,1,3,3,1,1,0,1,0,1,1,0,0,0,2,0,1,0,2,1,1,0,0,0,1,0,1,1,0,1,0,1,0,0,0,0,1,2,2,0,1,1,0,1,3,1,0,1,0,1,0,1,2,1,0,1,0,0,0,0,2,1,5,0,1,0,1,0,1,1,1,0,2,2,0,1,2,2,2,3,0,3,0,4,0,1,1,2,0,1,0,0,0,0,1,0,2,1
Gene546,3,2,3,0,2,0,0,1,0,0,4,1,2,1,0,0,1,1,1,1,0,1,0,2,0,1,0,2,3,1,1,0,1,0,2,2,2,1,0,0,0,0,1,1,1,0,1,0,2,4,2,2,1,0,1,0,1,0,2,1,0,0,1,0,1,0,2,1,0,0,2,0,1,0,2,1,2,0,0,2,0,0,1,0,1,0,1,1,0,1,0,2,2,0,1,1,3,1,0,1,1,1,1,1,2,0,0,2,1,2,1,0,1,2,1,0,1,2,0,0,0,1,0,2,2,1,1,0,0,1,0,1,0,0,1,3,0,1,1,1,0,3,1,0,0,3,1,0,1,0,2,2,0,0,3,1,1,1,2,0,2,2,0,3,1,3,1,0,3,1,0,3,1,1,0,1,0,2,1,1,1,0,0,2,0,0,1,0,0,1,3,1,1,0,1,1,0,3,1,1,1,0,2,2,4,3,0,0,1,0,1,1,2,0,3,3,2,1,0,1,2,2,1,2,1,1,1,2,1,0,0,0,2,1,1,2,5,1,1,0,1,3,1,0,1,2,1,2,2,3,1,1,2,0,2,0,3,0,0,1,2,0,1,3,1,2,2,0,0,0,2,1,0,0,0,3,1,1,1,1,0,0,1,2,0,1,2,0,0,1,1,1,1,0,1,3,1,2,0,1
Gene547,1,1,1,3,2,1,3,0,0,2,1,2,2,1,1,0,1,1,0,1,3,2,0,1,4,1,0,2,0,2,1,2,0,0,0,2,3,0,2,1,2,1,1,0,0,0,1,1,0,4,0,1,2,0,4,3,1,2,2,0,1,0,2,1,2,0,1,1,1,1,2,0,1,1,2,0,1,0,0,1,0,2,1,0,1,1,2,0,0,1,0,0,0,1,4,1,2,1,4,1,3,0,1,0,1,5,0,1,0,2,0,0,0,0,1,3,0,2,2,3,1,2,1,0,2,2,1,1,2,1,0,2,3,0,0,0,3,2,2,1,2,1,0,1,0,0,1,1,2,0,2,1,0,1,0,3,1,3,1,3,1,2,1,0,3,1,0,0,0,3,2,1,1,2,1,0,1,1,0,0,0,1,2,0,1,1,4,1,0,0,3,0,0,1,0,3,0,0,2,1,2,1,4,0,0,1,3,1,0,1,0,1,2,1,0,2,0,1,1,1,1,1,1,1,0,0,0,2,2,5,2,1,0,1,2,1,3,1,1,1,2,1,1,1,1,2,1,3,3,0,0,1,1,0,1,0,0,0,1,2,2,0,0,1,2,0,0,0,0,1,1,0,1,3,0,3,0,1,1,0,3,0,1,0,0,1,2,1,1,3,2,0,1,1,1,0,2,3,0,0
Gene548,2,1,0,2,1,0,1,2,0,0,0,1,0,2,3,0,1,0,0,1,0,2,2,1,1,2,0,0,2,0,1,2,0,0,1,0,0,0,0,0,0,3,1,2,2,1,1,1,2,2,2,1,0,2,1,1,1,0,1,2,1,4,1,2,0,2,2,1,2,0,2,0,0,0,1,2,0,0,2,1,0,3,2,0,2,1,0,1,1,1,0,4,2,1,0,1,1,1,0,0,0,0,0,0,4,1,1,0,1,0,1,1,1,2,0,0,0,2,0,1,1,1,1,5,0,0,3,2,1,1,0,1,0,0,0,0,0,0,0,1,2,0,0,2,0,0,0,0,0,1,2,1,1,1,0,1,1,1,0,1,1,2,0,0,1,0,0,1,1,1,1,0,2,0,0,0,2,0,1,2,1,1,1,1,1,0,0,3,1,1,0,2,0,1,0,1,0,1,0,0,1,1,0,2,2,0,3,4,0,1,0,0,1,0,3,0,0,1,0,0,1,1,0,0,2,1,4,0,0,2,2,2,0,0,2,0,1,1,1,0,1,1,0,1,0,1,0,2,2,1,1,2,0,2,0,1,1,0,0,0,2,2,2,1,1,0,1,0,0,1,2,0,1,1,1,1,4,1,1,0,1,1,0,1,1,0,1,1,0,0,2,1,0,1,2,3,1,0,1,2
Gene549,1,2,1,0,1,1,2,2,2,2,4,2,0,0,1,0,0,1,4,1,1,0,1,3,1,3,1,0,3,0,1,1,0,0,1,3,1,0,0,1,0,0,1,2,1,1,0,0,1,1,2,3,1,1,3,3,0,1,0,0,1,1,2,1,1,1,1,1,4,0,1,0,0,0,1,0,3,1,2,0,2,1,1,1,1,0,0,1,0,2,0,1,1,2,1,2,0,1,0,1,0,2,1,0,3,2,1,3,0,0,1,3,1,1,0,1,0,2,0,0,0,1,0,0,2,0,1,0,0,0,2,1,4,0,2,0,0,0,1,1,0,0,2,1,0,2,0,0,2,1,1,0,2,1,1,0,5,0,0,2,0,1,0,4,0,0,1,0,0,2,3,2,0,0,1,1,0,3,1,2,0,0,3,2,0,1,0,0,1,0,0,1,1,0,0,0,2,0,1,2,3,0,1,1,1,2,0,0,3,4,4,0,3,0,0,1,0,2,1,0,1,0,0,1,1,0,1,0,0,1,1,0,2,0,1,0,2,3,1,1,1,1,1,2,2,0,0,0,0,0,0,1,0,1,2,0,2,4,0,2,0,0,2,1,1,2,2,0,3,1,2,2,0,0,0,2,0,1,2,2,0,0,0,2,0,3,1,0,1,1,1,1,1,0,1,0,2,0,0,1
Gene550,3,1,0,2,2,3,0,1,1,1,1,0,2,0,0,3,1,1,2,2,0,1,2,1,2,0,1,0,1,0,2,0,2,1,0,0,1,0,1,2,0,0,1,2,2,0,1,0,0,2,1,0,1,1,1,0,1,1,2,1,0,0,1,1,1,1,5,2,1,1,0,0,2,2,2,1,0,2,1,1,0,0,0,1,1,4,1,0,1,2,2,2,1,1,0,1,0,0,2,1,0,0,0,2,0,0,1,1,0,2,1,0,1,1,0,2,0,2,2,2,2,0,2,1,3,0,0,1,1,1,1,2,2,1,0,0,1,2,0,1,1,0,1,1,0,0,0,1,4,1,0,1,2,0,3,0,2,3,0,3,3,1,1,0,0,1,0,0,0,2,0,0,0,1,1,0,1,2,1,1,1,1,0,1,0,0,1,0,2,2,1,0,1,0,1,3,0,1,0,2,1,1,2,1,1,1,1,0,0,0,2,3,2,1,5,1,1,4,2,0,1,2,2,1,1,1,1,1,1,0,1,2,1,0,3,1,0,2,1,0,1,3,0,2,0,0,2,0,1,1,2,1,3,1,2,2,1,0,1,0,1,0,2,0,0,0,1,0,1,1,0,1,1,2,0,1,0,0,1,2,1,0,1,2,2,1,0,1,0,0,0,1,1,1,0,0,2,0,1,0
Gene551,0,0,1,1,0,1,0,0,2,1,1,0,1,1,1,1,0,1,0,2,1,1,1,0,0,2,1,1,0,0,0,0,1,2,1,3,2,2,3,1,0,2,0,1,1,2,0,0,0,0,1,0,0,1,0,1,1,0,2,0,2,1,0,0,1,2,1,3,2,1,1,0,2,0,3,0,2,4,1,1,1,1,1,1,1,3,0,3,1,1,2,3,1,3,1,1,1,1,1,3,1,0,1,4,2,0,2,2,0,0,3,1,0,1,0,0,1,2,2,1,2,2,1,2,1,2,0,1,0,0,1,2,1,0,1,3,0,1,0,1,0,3,1,1,3,0,2,0,0,0,0,0,1,0,1,2,0,3,0,0,1,1,1,1,1,2,0,2,0,0,0,1,1,1,0,2,0,1,1,1,1,3,0,1,2,0,2,2,1,2,2,1,1,1,1,2,2,0,0,1,3,0,0,0,2,4,2,0,0,0,1,2,0,0,4,2,1,1,3,1,2,1,0,3,2,1,0,1,1,0,0,1,1,1,1,1,0,1,1,0,4,1,0,1,4,1,5,1,3,0,2,3,3,1,0,1,0,0,2,1,1,1,2,1,1,0,2,1,1,1,0,1,3,1,1,2,1,2,1,1,0,0,0,0,1,2,1,0,0,1,1,1,0,0,1,4,1,2,0,1
Gene552,0,1,0,4,1,1,1,0,0,0,1,2,0,1,2,1,0,4,1,1,1,1,0,1,0,2,0,1,2,1,0,0,0,1,1,1,2,1,0,0,0,0,1,0,0,0,1,0,2,1,1,2,0,1,2,0,1,2,1,2,3,0,1,2,3,1,1,1,0,0,0,1,0,1,0,0,0,0,0,2,1,3,2,0,1,0,0,2,1,0,0,3,2,1,2,1,1,1,0,1,1,0,1,3,0,1,1,0,0,0,1,2,0,3,1,1,0,0,1,3,1,2,1,0,0,0,2,0,0,1,1,1,2,0,0,0,0,2,0,2,2,0,2,2,1,2,2,0,2,2,1,2,1,2,3,0,2,0,0,2,2,0,0,0,2,0,2,0,2,1,1,1,1,0,1,2,1,3,0,0,3,2,1,2,2,1,0,0,0,0,2,0,0,2,0,0,2,2,1,0,1,1,3,0,2,0,0,2,2,3,1,0,2,0,1,1,4,0,1,0,1,1,1,0,0,1,1,0,0,1,1,0,2,2,1,0,1,2,0,2,0,1,3,4,0,2,1,0,0,0,2,1,1,0,4,0,0,0,0,0,0,1,0,1,1,0,1,2,0,0,2,1,2,2,3,0,0,2,1,0,1,1,2,0,2,0,0,0,1,2,1,1,1,1,1,0,3,0,1,1
Gene553,2,1,1,0,0,1,0,2,3,2,2,2,0,1,0,2,3,1,1,1,1,1,2,2,0,0,0,2,1,0,2,1,0,1,0,2,0,2,4,1,0,1,2,3,1,1,1,0,2,1,2,1,0,0,0,0,2,1,2,1,1,2,0,0,0,1,3,0,1,1,1,1,1,2,1,1,2,2,1,0,2,1,1,3,2,1,2,1,1,0,2,1,1,0,1,2,0,0,0,1,3,0,1,0,1,0,0,0,3,2,2,0,0,0,0,1,1,0,0,4,0,0,2,1,1,0,1,0,0,0,1,1,1,0,3,0,2,0,1,1,1,0,1,0,0,2,1,0,2,0,1,1,0,2,0,2,1,1,2,1,0,0,0,0,2,1,2,2,0,2,1,1,2,2,0,1,2,0,2,0,1,1,0,2,3,1,0,0,0,3,1,1,0,3,1,2,1,1,1,0,2,1,1,1,2,2,3,1,3,0,3,1,1,2,3,0,0,1,2,2,0,0,0,0,1,1,1,2,0,2,0,2,0,1,0,1,1,0,0,1,0,1,0,1,6,0,2,0,1,1,1,1,2,0,0,0,0,0,0,2,1,1,2,2,2,0,0,2,0,2,0,1,3,0,1,0,0,0,1,1,1,0,3,2,0,3,2,1,3,1,2,0,0,2,1,0,0,2,3,1
Gene554,0,0,2,1,1,0,2,2,1,4,2,1,3,2,0,2,1,0,0,1,0,0,2,2,0,1,0,0,0,2,0,2,0,1,0,0,3,1,4,0,2,2,5,2,0,0,1,2,0,2,1,1,2,2,2,1,1,0,1,1,4,2,1,1,4,0,0,3,0,0,1,0,2,3,1,2,0,2,0,1,0,0,1,1,1,0,1,3,1,0,2,1,2,0,0,2,1,0,0,0,2,2,0,0,1,0,0,0,1,3,1,1,1,1,1,0,0,0,2,1,1,0,0,2,0,0,1,2,0,2,1,1,1,0,0,1,1,1,0,0,1,3,0,0,0,2,2,3,1,2,2,1,0,1,1,2,0,0,1,0,0,3,2,0,2,1,0,0,2,1,1,0,1,1,1,1,1,1,0,3,0,0,1,1,1,2,0,2,0,2,0,3,2,4,0,0,1,0,1,0,0,1,0,0,0,1,4,1,0,2,0,2,1,0,0,0,2,1,1,1,2,2,1,1,1,0,4,0,2,1,0,1,4,0,1,2,0,1,0,1,4,1,1,1,0,5,0,0,1,0,2,1,2,2,1,2,0,2,1,1,2,1,2,3,0,5,2,1,1,1,2,1,3,1,0,3,1,1,1,0,0,0,1,2,2,1,1,1,2,0,2,1,2,0,1,1,2,0,1,1
Gene555,0,0,1,1,1,0,1,1,3,0,3,0,1,1,0,1,0,1,0,2,0,0,2,0,2,0,0,0,2,1,1,1,2,0,0,0,1,1,0,0,3,1,1,0,1,2,1,2,0,1,0,1,2,2,1,3,1,0,1,0,3,0,0,2,0,0,0,1,1,1,1,2,0,0,0,0,3,1,1,2,0,1,0,0,1,0,1,2,2,1,0,1,0,1,0,0,0,0,0,1,4,0,1,0,0,0,0,1,0,1,2,0,2,1,0,2,1,0,1,1,1,1,1,1,0,0,0,1,2,0,1,0,0,4,0,1,0,0,0,0,0,1,1,0,0,0,0,0,1,1,0,1,2,1,0,0,0,2,1,1,2,0,2,1,2,1,1,1,1,1,0,0,0,2,0,0,1,2,1,1,1,0,2,2,1,2,1,2,0,0,0,2,2,2,2,1,1,1,0,3,4,0,0,1,3,1,1,0,1,1,0,0,3,0,1,0,1,0,0,1,1,0,3,2,3,2,1,0,4,3,1,0,2,2,1,1,0,0,2,1,1,1,3,0,1,1,1,1,0,3,0,2,3,3,1,2,0,2,1,0,1,3,1,2,0,2,2,3,1,1,0,2,0,1,1,0,0,2,0,1,1,0,1,0,0,1,0,2,2,0,1,2,1,0,2,1,1,1,1,2
Gene556,0,0,0,1,1,1,1,0,2,1,2,0,1,0,1,1,1,0,2,0,1,0,0,3,0,0,0,0,1,0,2,2,0,1,1,3,0,2,3,0,2,1,2,2,0,0,0,1,2,1,3,1,1,0,0,1,1,0,1,2,1,1,1,1,1,1,1,0,1,2,2,2,0,0,2,1,0,0,1,4,0,2,1,0,2,1,0,1,1,1,0,1,0,1,0,1,0,0,0,0,1,5,0,0,2,0,0,2,1,1,0,1,0,3,0,0,1,1,2,0,1,3,0,0,3,1,0,1,0,1,1,1,1,1,0,2,0,2,0,1,1,2,1,1,0,3,0,3,1,3,1,0,1,2,0,0,1,1,4,0,1,0,2,0,1,1,1,1,2,0,1,1,0,1,1,2,1,2,3,0,1,1,0,2,4,2,0,3,3,0,0,0,0,1,1,0,1,0,0,2,1,1,0,1,0,1,0,2,2,0,3,2,1,1,0,0,1,1,0,0,2,0,0,1,1,1,0,2,1,0,0,0,2,0,1,2,0,0,1,2,1,0,1,1,0,2,1,0,1,1,1,0,1,2,2,2,1,2,0,0,2,2,1,0,1,1,0,0,1,2,1,2,1,2,1,1,2,3,0,1,0,3,2,0,3,1,0,0,0,2,2,1,1,1,0,1,0,0,3,0
Gene557,2,0,3,1,0,0,0,1,2,0,1,1,1,1,3,0,1,2,4,0,1,0,1,1,0,0,0,2,1,0,1,1,2,2,0,1,1,1,0,2,0,0,0,0,2,1,0,2,0,1,5,0,1,0,0,2,1,0,2,0,0,1,0,1,0,0,1,0,1,1,0,1,0,1,0,0,0,1,2,0,1,1,0,1,2,1,2,1,1,0,3,1,0,2,0,1,1,0,0,0,0,2,3,1,2,0,2,4,0,2,1,0,0,3,0,2,0,0,3,2,1,1,1,0,2,0,2,1,2,3,0,2,0,0,0,0,0,1,2,1,0,0,0,0,0,0,0,0,1,1,3,1,2,2,1,2,0,0,0,2,1,2,0,2,0,1,1,1,1,1,2,0,1,2,1,1,3,0,3,0,2,0,0,3,0,1,1,0,2,0,2,3,1,3,0,0,0,0,0,0,1,2,0,1,1,1,0,1,3,1,0,1,2,0,0,2,2,0,1,1,0,0,1,1,1,1,1,1,0,2,3,2,2,1,0,0,1,1,0,1,2,0,1,2,1,0,2,0,0,1,1,0,1,1,0,1,3,3,1,1,0,0,0,0,1,0,1,0,1,1,0,2,2,0,0,0,1,1,0,2,3,3,3,0,0,1,1,1,3,1,1,1,2,0,0,1,0,0,2,1
Gene558,0,0,0,2,0,1,2,1,1,2,0,0,0,2,1,1,1,3,2,2,1,1,2,1,2,0,1,0,0,1,0,0,0,1,2,2,0,0,2,1,2,0,0,1,0,1,0,2,1,1,0,3,0,1,1,1,0,1,1,1,1,1,0,1,0,2,1,1,0,1,1,2,0,1,0,1,1,1,1,1,0,1,2,1,0,1,0,0,2,2,3,1,0,3,0,0,1,0,1,2,1,1,0,1,0,1,1,0,0,0,0,0,2,0,0,0,0,0,0,1,0,0,1,3,4,0,0,1,0,3,2,1,1,1,0,1,1,1,2,1,2,2,0,2,2,3,0,0,2,1,1,1,0,4,0,1,0,1,1,1,0,1,0,0,2,2,2,1,0,4,0,4,1,3,1,2,0,0,0,0,0,0,2,0,1,0,2,1,3,0,0,0,0,0,0,0,3,1,0,2,2,0,2,0,4,1,2,1,1,1,1,3,0,0,1,2,1,2,2,2,0,1,0,1,1,1,1,1,2,0,2,2,2,0,1,0,1,0,1,4,1,1,1,0,1,1,0,2,0,1,0,3,0,1,2,1,2,1,0,0,1,1,0,0,2,1,1,1,2,0,1,0,1,3,2,0,4,1,2,0,0,0,2,2,1,1,0,0,1,3,0,0,0,1,0,1,1,1,0,1
Gene559,2,0,0,0,2,2,3,1,1,1,0,0,1,2,3,0,0,1,0,1,0,0,0,2,2,0,1,1,1,1,1,3,0,0,0,2,1,0,2,0,1,1,1,1,2,0,1,0,0,0,4,2,3,0,2,0,0,1,0,0,2,1,0,0,1,2,1,2,0,0,1,1,1,3,0,0,0,2,1,2,1,0,0,1,1,1,3,1,2,1,3,1,3,1,2,2,3,0,2,1,3,1,2,1,2,0,1,2,0,1,1,3,0,2,1,0,0,0,2,2,1,0,0,2,1,2,0,1,2,0,1,0,1,0,1,2,0,1,0,0,2,1,1,0,0,1,1,1,1,0,1,0,1,0,1,1,1,1,0,0,2,2,2,1,1,1,1,0,1,0,2,1,2,0,0,1,1,0,0,1,1,1,0,0,0,1,0,0,1,3,0,2,2,0,3,0,1,1,0,3,0,1,2,1,1,1,0,1,0,1,1,1,0,1,0,1,1,1,0,4,0,0,2,0,1,1,2,1,2,2,1,1,0,1,1,0,0,1,0,0,0,0,0,0,0,1,1,0,2,1,1,2,1,0,1,1,0,0,2,1,0,3,0,2,0,1,1,1,1,0,1,3,1,2,1,1,1,0,0,1,1,1,1,0,1,0,3,2,1,0,4,1,1,0,1,3,0,1,4,2
Gene560,1,0,1,0,0,0,0,1,1,2,0,1,0,2,0,1,2,3,4,0,1,0,0,0,0,0,0,2,1,0,0,0,0,4,0,1,1,1,1,0,0,1,1,1,2,2,2,3,2,0,1,0,0,2,1,1,2,2,1,2,1,0,3,1,1,1,0,1,2,1,1,0,1,1,1,0,0,0,0,0,2,0,2,0,1,3,0,1,0,0,0,1,0,2,0,1,0,2,3,1,1,1,2,1,0,2,3,0,2,0,2,0,1,2,4,0,1,0,0,1,1,0,2,0,1,1,0,1,2,2,2,1,2,0,2,0,3,2,2,0,1,2,1,0,0,2,0,1,0,1,1,2,1,0,0,1,0,2,1,0,0,0,0,1,0,1,1,0,1,2,1,0,2,3,0,3,1,0,2,0,1,1,0,2,0,0,3,1,1,0,0,1,1,1,3,2,1,0,0,0,2,0,0,4,3,0,3,2,0,0,0,0,1,1,4,1,1,2,1,1,0,1,1,0,1,2,1,1,0,1,1,4,0,1,0,2,0,1,0,1,1,1,1,0,1,0,2,1,1,2,2,1,1,0,2,1,0,1,0,1,2,0,2,1,0,0,1,2,0,0,0,1,1,1,1,5,2,1,2,2,1,2,1,1,0,0,3,2,1,1,1,2,0,1,2,0,1,1,2,1
Gene561,1,2,4,0,1,0,2,0,0,0,1,1,1,0,1,1,2,0,1,1,1,0,1,1,0,1,1,0,1,0,1,0,0,0,2,0,1,1,1,1,0,1,1,1,0,0,1,2,2,0,1,0,0,0,1,2,1,1,2,0,1,0,0,2,0,0,1,1,0,0,0,2,1,1,0,1,0,0,0,0,1,1,4,1,1,1,0,1,1,0,1,0,2,2,0,2,1,0,0,2,1,2,1,0,1,0,0,1,3,0,1,0,2,1,2,1,0,0,1,0,1,1,2,0,1,2,0,1,2,1,1,1,2,2,1,1,1,0,0,1,2,0,0,1,0,1,2,1,0,2,2,1,0,0,0,2,1,2,0,1,0,2,1,2,2,2,0,1,1,0,1,1,1,1,2,1,0,0,1,2,2,2,0,0,3,1,1,2,1,2,1,1,4,1,1,2,2,1,0,0,1,1,1,2,1,2,0,1,2,0,0,2,1,0,0,1,3,2,1,2,1,0,0,1,1,2,0,1,1,1,2,2,1,0,1,1,0,0,1,2,0,0,0,0,2,1,1,1,0,2,3,1,0,0,2,1,1,0,1,0,0,1,1,1,1,1,1,0,1,1,3,0,2,0,0,4,2,1,1,0,1,1,0,1,1,0,0,2,1,1,1,0,0,0,1,2,2,1,1,0
Gene562,3,3,1,0,1,0,0,1,0,0,1,0,1,0,0,1,1,0,0,6,0,2,0,1,1,1,4,0,0,0,1,1,1,1,0,3,0,1,0,2,0,0,0,0,1,1,1,0,1,3,1,0,3,1,0,0,2,4,2,0,1,0,2,2,2,1,1,3,2,1,2,1,1,2,0,2,0,1,0,0,2,2,1,1,1,2,0,1,2,1,0,2,1,2,1,0,0,2,1,2,0,0,0,0,0,0,0,2,1,1,2,0,2,2,0,1,0,1,2,1,0,0,1,2,1,1,1,1,0,1,1,4,1,1,1,2,1,2,0,0,4,0,1,0,0,0,1,1,2,1,1,0,2,1,0,0,0,2,2,2,0,0,0,0,0,0,1,0,0,0,2,3,1,1,2,0,0,0,0,2,2,3,0,2,0,1,0,1,0,0,1,2,2,2,2,0,2,0,1,2,0,1,0,0,2,2,0,2,2,1,3,1,3,0,2,1,1,0,0,2,0,1,1,0,1,0,1,3,3,0,1,1,0,0,0,1,0,0,0,0,3,1,0,2,2,0,1,0,1,1,1,0,0,3,3,1,0,1,2,0,0,1,0,0,1,1,1,1,2,2,0,1,0,1,0,2,0,0,0,1,0,0,1,2,1,1,1,1,1,1,1,0,0,0,0,1,1,0,1,3
Gene563,2,0,0,3,0,0,0,0,1,1,0,1,0,3,2,2,1,2,1,0,0,2,0,0,0,3,0,3,0,0,2,1,0,2,0,2,1,1,0,0,0,0,1,2,3,2,0,0,1,1,2,1,1,1,1,1,0,2,1,2,0,1,0,0,0,2,1,1,1,3,0,0,0,1,2,0,3,1,4,3,1,0,1,3,0,0,0,2,0,0,2,0,0,0,1,1,2,0,0,1,0,0,0,2,0,1,2,0,1,0,0,0,1,3,3,2,1,0,1,0,0,0,1,1,1,2,0,0,0,2,1,2,1,0,1,3,1,2,2,2,0,2,1,1,0,3,0,0,1,0,0,1,0,1,0,2,2,2,0,0,0,1,1,1,0,0,2,2,0,1,0,1,0,0,1,2,1,1,1,1,2,1,0,0,0,1,0,3,1,4,2,2,1,0,0,1,2,0,1,2,2,0,1,2,4,1,1,0,1,3,2,1,3,0,0,0,2,0,0,1,1,3,1,0,1,2,1,1,1,2,0,1,2,1,1,3,2,1,1,0,1,2,1,1,0,3,1,0,2,1,3,0,0,0,0,0,1,1,0,1,1,1,0,2,1,3,0,0,1,4,0,0,0,3,0,1,0,1,4,1,1,0,1,1,0,0,1,2,2,0,1,0,0,2,1,2,1,3,0,0
Gene564,0,0,0,1,0,0,2,2,2,1,1,0,1,1,1,0,0,2,0,0,1,3,0,0,3,0,1,0,2,1,0,1,1,0,0,0,0,1,2,1,1,1,0,1,1,1,0,0,1,1,2,0,0,1,1,1,0,2,1,1,0,0,0,1,0,1,2,1,1,0,1,2,0,1,1,0,2,0,1,1,0,1,2,1,1,1,1,1,1,1,0,0,1,3,0,0,3,1,1,1,1,1,1,2,0,1,0,0,2,2,0,1,0,0,2,2,2,0,2,2,1,4,1,1,1,2,0,0,3,2,2,2,1,1,1,1,1,3,1,4,0,1,5,2,1,0,2,0,0,1,0,1,1,1,1,0,1,1,0,1,0,0,0,0,0,2,0,3,0,1,1,1,1,1,2,2,4,2,0,0,1,0,2,1,0,1,1,1,0,1,4,1,1,2,2,0,2,1,0,2,0,1,2,0,1,1,0,0,0,1,0,1,2,3,2,3,2,0,2,0,3,1,1,2,3,2,1,1,0,1,0,2,1,0,0,0,1,0,2,1,1,0,1,1,0,0,2,0,1,0,0,1,3,0,0,1,1,2,0,2,0,1,0,2,0,0,0,0,1,1,1,1,2,2,1,1,0,0,0,4,0,1,3,1,0,1,2,0,2,2,1,0,0,0,0,1,0,0,1,0
Gene565,0,0,2,1,1,1,0,0,1,1,2,5,0,1,0,0,1,2,0,3,2,2,0,2,1,1,0,1,1,1,2,0,3,0,2,0,1,0,1,1,0,1,1,0,4,1,0,0,0,1,0,0,0,1,2,2,0,0,1,1,1,1,1,0,6,1,1,1,1,0,0,0,0,1,0,0,0,1,1,1,1,0,0,0,0,0,0,0,0,0,3,2,0,1,1,1,1,3,0,0,0,2,1,2,0,0,0,1,0,1,2,3,0,0,2,0,1,1,1,1,0,0,1,1,2,1,2,1,2,2,2,1,1,1,0,1,0,0,0,1,0,0,0,1,2,0,2,0,1,0,0,1,0,1,4,0,0,2,3,2,2,0,1,3,0,0,1,0,1,1,1,0,2,0,1,1,0,3,1,1,1,0,1,1,0,2,1,0,0,1,2,0,0,3,4,0,1,1,0,1,2,1,2,0,1,1,2,2,1,2,1,1,2,0,0,3,1,0,0,1,0,1,1,1,0,2,0,2,1,1,1,0,1,0,1,0,1,0,1,0,3,0,0,1,1,1,1,2,0,0,0,1,1,1,1,3,4,1,2,0,2,2,1,1,1,0,1,2,1,1,0,2,1,0,0,1,0,1,1,0,1,3,3,4,1,2,1,0,0,1,0,0,1,0,1,1,2,1,1,1
Gene566,1,1,1,1,2,0,1,3,1,0,0,3,0,1,1,2,3,1,1,3,0,1,0,3,3,4,0,0,0,1,1,0,0,0,2,1,0,1,2,3,1,1,1,1,2,2,0,1,1,1,1,3,1,2,0,1,1,0,0,1,2,0,0,1,1,0,0,0,1,1,1,1,3,0,1,0,0,1,1,0,1,0,1,1,0,0,0,2,2,0,1,0,1,2,2,1,1,1,0,0,2,1,0,1,1,2,0,1,1,3,2,1,1,0,1,2,0,1,0,1,1,1,1,1,2,1,1,2,0,1,0,1,1,0,1,0,0,2,2,1,0,1,1,3,1,3,0,0,2,1,2,2,2,0,2,1,1,0,1,0,0,1,1,1,1,2,1,1,3,0,0,2,0,0,2,2,1,0,2,2,1,0,1,1,0,0,0,0,0,0,1,0,2,2,0,0,1,1,1,0,1,1,2,1,0,1,0,2,0,3,1,0,1,0,1,2,0,0,3,0,0,1,2,0,1,1,2,0,1,2,0,1,1,1,1,0,1,0,2,1,2,0,0,1,3,0,1,1,1,0,1,3,1,1,0,1,3,3,0,1,0,1,1,1,2,0,1,3,1,1,2,0,1,0,1,1,2,2,0,2,2,0,0,1,1,1,0,2,0,4,2,1,2,3,2,0,2,1,1,0
Gene567,0,2,0,0,0,1,1,2,0,0,0,0,0,2,1,1,1,2,1,1,1,2,2,0,1,1,1,0,1,2,2,0,0,1,1,0,1,1,0,2,0,0,1,2,0,0,1,4,1,1,1,1,0,0,2,0,0,0,4,0,0,1,2,1,0,1,0,0,0,2,1,1,1,5,1,2,2,0,2,1,2,0,0,0,0,0,1,1,2,2,2,2,1,0,2,2,2,0,0,0,0,0,3,1,0,2,0,0,0,2,2,2,2,2,1,1,2,3,2,2,0,2,2,0,0,1,0,2,0,5,2,0,1,1,2,1,0,0,1,1,0,3,2,1,3,2,0,2,2,0,0,2,1,3,2,1,0,0,0,1,1,2,0,0,2,0,4,0,2,1,1,1,2,1,3,1,0,0,2,0,1,1,2,2,1,0,2,2,3,2,3,0,0,1,0,1,0,0,2,0,0,1,0,1,1,1,0,0,1,1,2,0,1,0,0,1,4,1,2,1,1,0,1,2,0,0,2,1,2,0,2,0,0,1,2,0,0,1,1,1,0,2,1,2,2,1,0,0,2,0,0,0,1,1,0,0,0,1,0,0,0,2,1,1,1,1,1,2,2,1,1,0,1,0,1,1,3,1,1,0,0,0,1,1,0,0,1,2,0,1,0,0,3,1,1,1,0,0,0,2
Gene568,1,1,4,1,1,0,0,2,1,1,1,0,3,0,3,0,0,2,2,3,2,0,0,1,2,2,0,1,0,0,0,0,3,1,2,1,0,0,1,0,2,1,0,1,1,3,1,3,1,2,1,0,1,2,1,1,1,2,1,1,1,2,2,0,2,0,0,0,1,1,1,0,1,2,1,3,2,0,1,4,2,0,1,0,1,1,4,2,0,3,0,1,0,0,2,2,0,1,0,0,0,2,0,1,0,0,1,1,0,0,0,2,2,0,3,1,1,1,2,2,0,1,1,1,1,0,1,3,0,0,3,1,1,0,1,4,0,1,1,2,0,2,0,2,2,0,2,0,1,2,0,3,2,0,0,0,0,1,2,0,0,0,2,1,0,1,1,0,2,0,1,3,0,1,0,0,0,0,0,2,1,2,5,0,2,1,0,1,0,3,2,5,0,0,2,1,1,1,3,0,2,3,3,0,0,0,2,2,0,1,2,0,0,0,0,0,1,0,0,2,0,1,1,0,1,1,2,2,3,0,0,1,1,0,1,3,1,1,1,0,1,1,2,1,3,2,1,0,0,0,2,0,0,0,2,1,0,1,1,1,1,0,2,4,3,1,2,1,0,1,0,2,1,2,0,2,1,0,1,0,0,1,1,2,0,3,0,1,1,2,0,2,0,1,2,1,1,1,1,3
Gene569,2,3,3,1,1,1,0,1,0,1,0,2,1,0,1,0,0,0,0,1,0,0,3,1,1,1,2,0,0,2,0,1,0,3,0,0,1,4,0,0,2,0,0,0,4,0,1,0,2,0,1,0,0,1,3,2,1,1,1,1,2,0,1,0,1,1,3,2,2,0,0,0,2,2,3,0,0,0,0,2,3,2,1,0,2,1,0,5,2,2,2,1,1,1,1,0,5,2,1,2,0,0,0,2,1,1,2,0,0,2,1,0,3,1,1,1,1,2,1,1,3,0,2,0,0,1,1,1,0,0,1,1,1,2,3,3,0,0,2,0,1,2,1,1,1,0,2,2,0,1,0,2,2,0,0,1,0,2,0,1,0,1,1,0,1,1,1,2,1,0,0,3,2,0,0,2,1,1,1,3,1,1,3,0,1,0,2,1,0,1,1,0,0,1,0,2,1,1,1,2,2,2,3,3,1,1,1,1,0,2,2,2,2,0,2,1,2,0,0,0,0,0,0,1,1,1,0,0,1,0,0,1,1,2,1,0,0,3,0,1,1,0,0,1,2,1,0,0,0,1,1,0,0,2,1,2,0,1,0,1,1,1,1,0,0,0,1,1,0,1,0,1,3,1,0,0,1,1,3,1,1,1,2,0,1,1,1,0,0,1,0,1,2,1,1,1,0,0,0,2
Gene570,0,1,0,0,1,2,0,0,2,0,1,1,1,1,2,0,1,0,1,1,1,1,2,0,0,1,1,0,1,4,2,0,0,1,2,2,0,0,0,1,3,2,3,2,0,1,3,0,0,2,2,0,1,1,1,2,1,2,0,0,1,4,2,0,0,2,1,0,0,0,1,2,1,1,3,0,0,1,0,2,0,1,1,2,0,1,0,4,0,2,0,1,1,1,1,1,0,2,1,1,1,1,2,0,0,0,0,2,1,1,0,1,1,0,0,2,0,0,1,0,0,1,0,0,1,1,2,1,1,0,1,1,1,1,0,1,4,1,0,0,1,0,0,0,1,0,0,1,1,1,1,0,1,0,3,0,2,0,6,0,0,1,1,1,3,0,2,0,2,3,1,0,0,1,1,0,2,0,0,1,0,0,0,0,0,1,2,2,1,1,0,2,2,2,2,2,0,0,1,1,0,1,3,0,3,2,1,0,2,0,1,1,1,0,1,0,0,0,1,0,0,1,2,2,1,0,2,1,2,2,2,3,2,2,1,0,0,0,0,1,3,0,1,0,0,2,1,1,1,2,1,0,0,2,2,0,1,0,1,1,1,1,1,1,1,0,1,0,3,0,0,3,1,0,3,2,1,0,0,1,0,0,1,0,0,0,0,1,2,2,0,1,1,0,0,1,0,0,1,0
Gene571,3,0,2,0,1,1,0,0,0,0,0,2,0,0,0,0,0,2,0,1,1,0,1,0,1,2,2,1,2,1,2,1,0,0,2,0,0,1,0,0,2,0,0,1,1,2,2,2,0,0,1,0,1,2,0,1,1,0,1,3,4,1,0,1,1,0,1,0,1,0,1,2,0,1,2,1,0,0,0,1,1,3,1,0,0,0,2,1,1,1,0,0,1,1,2,0,6,0,1,0,1,1,0,1,3,2,5,0,1,0,0,1,0,0,1,0,2,0,1,2,2,0,1,0,0,0,3,3,0,2,2,0,1,1,0,0,1,0,2,3,0,2,1,0,2,0,3,0,3,1,1,1,0,1,0,1,1,1,0,1,2,0,1,1,0,1,3,0,2,0,0,0,3,0,2,1,0,1,0,0,2,0,0,1,2,2,0,1,1,2,3,2,0,3,0,1,0,2,1,1,2,0,0,1,2,1,0,2,1,0,2,0,1,0,0,1,1,3,0,0,0,0,3,1,0,1,1,1,1,3,1,0,0,0,2,0,0,1,3,0,0,0,3,2,1,0,0,0,0,1,1,1,0,0,2,1,1,2,0,0,1,2,1,0,1,0,0,1,0,1,3,2,0,0,1,1,0,2,0,1,2,1,3,2,0,1,1,1,1,1,1,0,2,3,1,1,2,3,2,2
Gene572,0,0,2,0,1,4,2,2,0,0,2,1,2,0,0,1,1,4,0,0,2,0,1,0,1,0,1,0,2,1,1,1,3,0,0,1,2,0,0,0,2,1,1,2,0,0,0,4,0,1,0,1,2,2,0,1,2,0,0,1,0,0,1,0,0,1,2,1,0,0,1,1,1,1,1,1,0,0,0,0,1,0,1,2,0,1,0,1,2,1,1,2,1,1,2,0,1,0,0,1,3,1,3,1,1,0,0,0,1,2,1,0,3,0,1,2,0,0,1,3,0,1,0,2,1,0,1,1,2,0,1,1,1,1,1,3,1,2,2,2,0,0,0,1,2,1,0,0,0,0,3,1,0,0,0,0,2,2,0,0,0,2,0,0,0,1,0,2,1,0,0,0,1,2,0,1,2,2,2,1,2,1,3,3,1,0,0,0,1,0,0,0,0,0,1,0,1,4,1,0,1,3,1,0,0,0,1,1,1,0,0,2,1,1,1,3,0,1,0,1,2,2,2,1,1,1,0,0,2,0,2,1,4,0,1,1,2,0,1,0,2,1,0,1,0,2,1,1,0,1,0,0,0,1,2,1,0,0,0,2,1,0,2,1,1,0,1,2,1,3,0,1,1,1,1,4,1,1,3,1,1,0,1,1,1,0,0,2,1,0,0,0,0,1,0,0,0,0,1,1
Gene573,3,1,2,2,2,0,0,1,1,0,2,3,2,2,0,2,0,0,2,1,1,0,0,0,0,1,0,0,0,1,1,1,0,1,0,0,0,1,2,1,0,1,2,1,0,3,2,1,0,1,0,0,2,1,2,1,0,2,1,1,3,1,3,0,0,1,2,3,1,0,3,1,0,2,0,0,1,0,0,0,2,0,2,0,0,0,0,0,0,2,1,0,1,2,0,1,5,0,1,0,0,2,1,1,3,0,1,0,1,1,0,2,1,0,0,0,0,0,0,2,0,0,2,0,0,2,1,0,0,1,2,0,3,0,1,2,2,3,1,0,1,0,1,1,1,2,0,1,0,0,1,1,0,1,2,2,2,4,0,1,1,1,1,3,0,2,0,1,1,0,0,0,1,0,1,1,0,1,0,0,1,0,2,2,1,1,3,1,1,0,1,0,0,0,2,0,0,1,3,0,2,0,1,1,1,2,0,0,0,0,2,3,0,1,2,1,1,1,1,1,1,0,1,1,1,1,1,1,0,1,1,0,2,1,4,0,0,0,0,0,1,0,0,2,1,0,1,0,1,1,0,2,0,2,2,0,1,1,1,4,2,0,0,0,3,1,2,2,0,0,0,1,0,2,3,2,1,4,3,1,0,0,1,0,4,1,2,2,0,1,2,0,1,1,0,2,0,0,0,0
Gene574,3,1,2,2,4,2,2,0,1,1,2,0,2,3,0,2,0,1,1,0,1,0,1,2,3,1,0,0,0,2,1,1,1,1,2,2,1,1,0,1,1,2,0,0,0,0,1,1,1,0,0,1,0,1,0,0,1,1,2,0,2,4,0,0,2,2,2,0,0,1,1,0,1,1,0,0,0,0,2,0,0,0,2,0,1,1,1,1,1,2,0,3,2,1,4,1,2,1,0,1,2,1,0,2,0,0,0,1,3,0,0,1,1,0,0,1,1,1,1,0,1,3,1,0,1,2,0,0,1,2,1,0,0,1,1,1,2,0,1,0,1,1,0,4,2,2,0,2,2,0,0,2,0,0,0,0,0,1,4,0,3,1,0,2,0,3,1,2,2,0,1,0,1,4,1,1,4,1,2,1,1,1,0,0,2,2,1,1,1,1,2,0,2,1,4,1,0,0,3,0,4,0,4,2,1,0,2,1,3,1,3,0,0,0,2,1,1,1,0,1,1,1,0,0,1,0,1,1,4,2,0,1,1,0,4,0,0,0,1,1,0,0,0,1,1,1,1,2,1,2,0,4,0,1,1,1,1,0,1,2,1,2,0,0,1,0,2,1,3,0,4,0,0,0,0,2,0,1,0,0,2,1,0,2,1,0,0,1,2,2,0,2,0,1,1,1,0,2,2,2
Gene575,0,1,0,2,3,2,0,1,1,1,1,1,1,0,2,0,1,0,0,0,1,1,0,2,2,1,0,0,0,1,0,1,0,1,0,0,2,1,0,0,2,0,2,0,4,1,2,2,2,1,2,0,1,1,1,1,1,2,3,0,1,1,0,5,1,1,1,2,1,0,1,0,1,2,2,1,2,1,0,1,0,1,0,1,0,2,0,1,1,1,0,1,2,1,0,1,2,0,1,1,2,2,0,1,0,1,2,0,3,3,2,0,0,1,2,1,2,0,3,2,1,2,1,1,0,2,2,2,2,0,1,2,0,2,0,1,1,0,1,1,0,0,0,1,0,0,1,1,2,1,1,0,0,0,0,0,0,0,1,0,2,1,2,1,1,0,0,2,1,1,1,0,0,1,2,0,0,1,0,1,3,2,2,2,0,5,0,0,0,1,0,1,0,2,5,1,0,0,3,3,2,1,0,0,2,0,2,1,1,0,1,0,1,1,2,0,0,0,1,0,0,1,3,3,0,2,1,1,0,0,0,2,1,0,1,2,0,0,3,1,1,0,3,0,2,0,1,0,2,0,0,2,1,3,1,0,1,0,1,0,0,0,1,0,1,0,1,2,0,0,0,0,4,0,0,0,1,1,3,3,0,2,0,3,1,0,0,1,1,2,1,1,0,0,0,2,1,0,0,2
Gene576,2,1,1,1,2,1,0,0,0,0,2,0,2,0,1,0,1,0,2,2,1,1,0,0,1,1,2,1,0,0,1,2,1,1,1,2,0,1,0,0,1,3,1,0,2,3,2,2,1,1,1,1,0,3,0,0,1,2,1,0,0,0,2,0,0,0,3,1,1,1,1,1,0,3,0,0,1,0,0,3,0,0,1,2,0,1,1,1,2,3,0,1,1,3,0,2,1,0,3,0,0,1,0,3,1,0,0,2,0,1,0,0,1,3,2,2,3,0,1,3,1,1,1,2,2,2,0,0,2,0,1,0,2,1,0,1,3,0,2,0,0,0,0,1,0,2,0,1,0,0,0,1,0,2,2,2,1,2,2,0,1,2,2,0,1,1,1,0,0,3,1,1,0,0,0,2,0,2,1,4,0,2,2,2,1,0,3,0,2,0,2,2,1,0,0,1,1,0,0,1,1,2,1,1,0,1,1,1,1,1,1,1,1,0,0,3,2,0,0,2,1,1,1,1,1,1,2,2,3,0,3,0,0,3,1,0,1,2,2,0,1,1,1,0,2,0,0,2,1,1,1,0,0,3,1,0,1,1,1,1,1,1,0,0,0,0,1,1,3,3,0,1,2,1,2,0,0,0,1,1,1,0,1,1,0,1,0,0,0,3,1,0,0,2,1,1,0,2,2,0
Gene577,0,0,1,3,0,0,1,3,1,0,0,0,2,0,1,0,2,2,0,4,2,2,0,2,1,2,2,2,1,1,0,2,0,1,1,1,2,0,1,0,0,2,0,1,3,0,0,2,0,0,0,0,1,0,2,2,1,1,0,0,0,1,4,2,1,0,1,0,1,1,0,0,0,1,1,1,2,3,2,2,0,0,0,1,1,1,0,4,2,3,0,1,1,2,0,0,2,2,3,1,0,3,2,4,2,1,2,1,1,2,3,1,0,1,3,3,1,0,1,3,0,0,0,2,0,0,1,0,1,1,3,2,2,0,0,1,0,0,0,1,1,0,2,1,1,0,2,1,0,1,1,0,1,3,3,0,0,4,1,1,0,1,0,2,1,4,1,2,0,1,0,0,2,0,0,1,0,1,0,2,0,1,0,1,1,0,0,1,2,1,1,2,1,1,2,0,2,2,2,2,0,1,0,0,0,0,1,0,2,0,2,0,2,2,2,1,3,3,0,0,2,3,0,2,2,0,0,1,1,0,3,0,0,2,1,0,0,1,1,1,1,1,1,0,1,2,0,0,1,1,0,0,2,0,2,0,1,0,1,1,1,2,0,0,1,1,4,2,0,2,0,1,2,0,2,2,2,0,1,0,1,1,2,1,2,2,0,0,2,0,1,1,0,0,0,3,1,1,0,1
Gene578,0,2,0,0,2,0,2,0,1,0,1,0,0,1,0,3,2,2,0,1,0,2,1,2,0,3,2,1,1,1,1,2,1,0,2,0,1,1,0,2,2,0,4,0,4,0,1,0,0,0,1,2,3,1,0,0,2,1,0,3,0,1,3,3,2,1,0,1,3,2,1,4,1,1,3,2,0,1,0,1,0,0,2,1,0,2,1,1,1,1,2,0,0,2,1,2,1,2,0,2,0,0,1,0,0,1,1,1,1,2,1,1,1,0,1,1,2,2,1,2,3,0,2,3,0,2,1,0,2,0,1,1,1,0,1,1,0,1,1,1,0,0,0,2,0,0,2,0,0,0,2,0,1,2,1,1,0,1,1,2,2,3,0,2,0,0,1,1,1,1,1,0,1,3,1,1,1,0,2,0,1,1,0,1,2,1,1,2,1,0,1,0,0,3,2,0,0,2,0,0,2,2,2,1,0,0,3,3,1,2,2,1,2,0,0,0,1,2,0,2,1,3,1,2,0,2,1,1,1,1,2,0,1,2,0,0,2,0,1,2,2,2,1,2,3,0,3,1,2,3,3,2,3,0,0,1,2,1,1,2,2,1,1,0,0,1,0,0,0,1,2,1,3,1,1,2,0,0,0,1,1,1,2,3,1,1,0,2,0,0,0,0,1,0,1,1,1,1,4,0
Gene579,1,2,2,0,5,2,0,0,1,1,3,1,3,2,2,0,0,0,0,2,0,0,0,2,3,0,2,0,1,1,4,0,0,1,1,0,1,2,1,1,0,1,1,1,0,1,1,2,0,0,1,0,0,0,2,1,0,2,1,1,2,2,2,0,0,1,0,0,1,1,1,0,2,0,1,2,1,1,0,0,0,2,1,2,1,1,1,1,0,2,0,0,1,0,1,2,1,1,0,1,1,1,1,0,1,3,2,1,1,1,1,0,2,1,2,2,2,0,2,1,1,0,0,2,2,0,1,2,0,2,1,1,5,1,0,0,1,2,0,1,0,3,0,1,0,0,2,2,1,1,0,1,2,0,2,0,1,0,0,2,0,3,1,4,2,0,1,3,0,3,1,1,2,4,1,1,1,1,1,1,3,1,3,2,1,0,0,1,3,1,1,1,2,1,0,1,1,0,1,0,2,1,1,4,0,2,0,1,0,1,0,1,1,0,0,0,1,0,1,2,4,0,0,0,3,0,1,1,2,1,1,4,0,1,0,0,1,2,1,1,3,1,1,3,1,0,0,3,2,5,0,1,1,0,0,0,0,1,1,2,1,1,2,1,0,1,1,0,0,1,1,2,2,3,1,2,4,1,1,2,0,2,0,2,1,2,1,2,0,4,0,0,1,0,1,1,1,0,2,1
Gene580,2,1,2,3,0,1,1,0,0,0,2,0,2,2,2,1,0,1,3,1,0,0,2,4,1,1,1,1,0,1,0,2,2,1,0,1,1,0,0,3,0,2,2,2,1,1,0,0,0,1,0,2,0,2,1,0,0,1,1,3,0,0,0,3,2,0,3,1,1,0,0,3,0,2,0,1,0,1,1,0,1,2,2,3,0,1,0,0,0,1,0,0,2,0,2,2,0,1,1,0,1,1,0,0,2,1,1,3,3,1,4,1,2,0,1,0,1,1,0,0,0,2,0,2,0,1,1,0,0,1,2,1,1,0,0,1,0,1,1,1,1,0,0,0,2,2,3,0,0,2,3,0,2,1,4,0,0,2,0,1,0,0,3,0,0,2,3,2,1,2,2,0,2,0,2,3,1,0,1,2,3,0,2,1,2,0,0,0,0,1,0,0,1,0,0,2,1,3,1,0,3,2,0,0,1,0,1,1,1,1,3,3,0,0,1,0,2,1,1,1,2,2,2,2,3,0,1,0,3,1,1,0,0,0,2,3,1,2,2,2,3,2,1,1,2,2,1,1,1,0,2,0,2,1,1,0,1,1,0,3,1,0,1,1,0,1,0,1,0,0,1,0,1,0,0,1,0,2,0,1,1,1,0,0,1,1,0,2,4,2,0,1,3,2,1,0,1,1,2,1
Gene581,2,0,1,0,0,0,1,2,0,1,0,1,0,1,2,0,1,0,1,2,0,0,1,1,0,1,1,0,1,0,0,2,1,1,2,1,1,1,0,0,3,0,0,1,0,2,2,1,0,0,1,1,1,0,1,2,0,2,1,0,1,1,1,2,1,0,1,2,0,0,1,0,2,1,0,3,1,3,0,2,0,0,1,0,3,2,0,4,2,0,1,1,1,1,1,1,2,1,0,2,0,0,3,0,3,0,1,2,1,2,1,0,1,0,1,1,1,0,2,2,4,2,0,1,0,0,1,0,0,2,1,1,0,0,1,0,0,2,3,2,0,0,0,0,0,0,0,0,0,2,1,2,1,0,0,3,0,0,0,1,2,0,0,1,0,1,2,2,2,2,2,1,4,0,2,0,3,2,0,4,0,0,0,0,0,1,0,1,1,1,0,0,1,0,0,2,2,0,0,2,0,1,0,0,0,1,0,2,0,1,0,0,1,1,0,2,3,0,1,0,0,1,0,1,0,0,0,2,1,1,0,0,1,1,0,0,2,4,1,0,0,0,2,3,1,1,0,1,1,0,0,0,0,0,3,2,3,1,0,1,1,3,0,2,1,2,1,2,1,0,3,0,0,0,2,1,1,5,0,0,0,2,1,2,0,2,0,1,0,1,2,0,2,0,1,2,2,3,1,1
Gene582,2,0,1,2,0,1,2,2,0,0,2,2,2,2,1,0,2,1,3,3,1,0,0,0,0,0,3,1,1,0,1,4,0,1,1,0,1,1,1,2,1,0,0,0,0,0,2,0,0,1,0,3,1,0,1,1,0,1,1,0,0,1,1,1,0,2,0,2,1,1,0,1,0,2,0,2,0,1,2,1,1,0,0,1,0,1,1,0,2,0,0,0,2,0,3,1,1,2,2,1,0,0,1,0,4,2,3,0,0,3,1,2,0,1,1,0,1,1,2,1,1,0,1,2,0,1,2,1,1,4,3,1,3,1,1,0,0,2,0,0,0,0,1,0,2,4,0,1,1,3,0,1,2,2,2,0,1,0,1,2,1,4,1,0,2,0,1,0,1,2,1,0,1,1,0,1,1,2,1,0,1,1,1,0,5,2,0,1,0,0,0,0,2,1,0,1,2,1,1,2,0,0,0,2,0,2,1,2,1,1,0,2,1,0,2,0,1,3,1,1,2,0,2,1,0,0,0,0,0,2,2,2,0,2,2,0,0,1,0,0,1,2,0,0,1,1,0,2,0,1,1,1,2,2,1,0,2,2,0,1,1,1,1,2,1,0,2,0,1,2,0,0,1,3,1,1,1,0,0,0,0,0,0,1,0,1,0,0,2,1,0,1,1,1,0,2,1,1,1,2
Gene583,1,2,2,0,1,0,0,2,0,0,2,4,0,3,3,1,0,1,2,2,2,0,0,0,0,1,1,1,0,1,1,3,1,0,0,0,0,2,1,0,1,1,1,0,1,0,2,1,1,1,2,2,0,0,1,1,2,0,1,1,0,0,1,0,0,1,0,3,1,0,0,1,0,0,2,0,1,2,0,1,0,0,2,0,0,0,0,1,2,2,1,1,0,1,0,2,2,0,0,0,0,1,0,0,2,3,1,0,1,0,3,1,0,1,2,1,1,0,1,3,0,0,0,1,0,0,0,5,1,2,2,2,0,2,1,0,2,1,1,0,1,3,0,1,1,2,1,1,2,1,2,1,2,0,1,1,1,0,3,1,1,0,0,2,1,1,0,0,1,3,1,1,0,1,1,0,2,5,0,1,2,2,1,1,1,0,0,1,0,1,0,1,3,2,2,1,0,3,2,0,1,2,0,3,1,1,1,2,0,2,0,2,1,0,1,3,0,1,1,0,1,1,1,2,1,0,0,0,0,0,1,2,1,1,0,0,2,1,1,0,0,0,3,0,0,1,0,0,3,2,1,2,0,0,2,1,0,0,0,1,1,0,0,1,1,1,1,1,1,0,0,3,1,0,2,0,1,1,3,0,2,1,1,0,2,2,0,1,2,1,2,0,1,2,1,2,0,0,0,0
Gene584,2,0,3,0,2,1,1,0,1,1,0,0,1,2,1,1,1,3,2,3,1,3,3,1,0,0,2,1,0,4,1,1,2,3,2,2,2,0,0,1,1,1,3,1,1,1,0,2,0,0,1,2,2,1,0,1,1,2,1,1,0,1,4,2,0,1,3,1,1,0,1,1,1,0,1,0,0,0,3,0,2,2,1,1,0,3,1,5,1,0,0,4,2,1,3,1,1,1,0,1,0,1,0,1,0,0,0,1,1,0,1,0,0,3,0,0,0,3,0,0,0,0,2,0,2,0,0,0,3,1,0,2,1,3,1,1,1,1,1,2,3,1,0,1,4,2,2,1,2,1,0,1,2,0,2,2,1,2,1,0,0,1,0,0,1,0,1,1,2,0,2,0,2,1,1,2,0,2,3,2,2,1,2,4,1,3,0,1,0,1,0,0,3,0,0,1,0,1,0,0,1,0,1,2,3,2,1,0,0,1,0,0,1,1,0,1,1,0,3,2,1,0,0,0,1,0,2,0,0,1,2,0,1,3,3,0,0,2,1,1,0,1,1,0,0,1,2,0,2,0,1,1,1,0,0,0,3,0,0,3,1,3,1,1,1,1,0,1,0,0,0,0,1,1,3,0,0,1,1,1,2,0,1,2,3,2,0,1,0,0,2,0,3,1,2,3,1,0,2,1
Gene585,1,2,2,2,0,2,3,0,3,1,1,2,2,1,0,0,0,1,0,0,0,1,0,0,1,0,1,0,1,2,0,1,1,2,1,1,1,0,0,0,2,2,0,0,1,1,1,0,0,1,1,0,1,1,0,0,0,1,1,0,2,0,0,0,2,1,1,1,0,1,1,3,0,2,1,0,2,4,3,1,1,1,2,1,0,1,1,2,1,1,1,0,2,1,2,1,0,0,1,0,2,1,2,0,3,0,1,3,0,0,0,0,2,0,1,0,2,2,0,0,1,1,3,1,1,1,3,1,1,0,2,2,2,0,1,2,1,3,0,2,1,2,1,0,1,1,1,1,1,1,0,0,0,3,1,1,0,1,2,2,2,0,1,1,0,3,2,0,0,0,0,1,1,0,0,3,0,0,1,0,0,3,2,0,2,1,3,0,2,2,0,4,1,2,1,1,1,3,2,0,0,0,1,0,3,2,0,1,3,1,1,1,1,0,1,0,0,2,2,1,0,0,0,2,1,0,0,1,0,2,1,1,0,0,0,0,0,0,1,0,1,0,0,0,1,1,3,2,0,0,0,3,1,3,2,1,1,1,0,2,2,0,0,1,0,0,1,0,0,1,0,1,0,3,1,2,2,0,0,0,0,2,0,2,0,1,0,1,2,1,1,0,1,1,3,2,2,4,3,0
Gene586,1,1,1,0,0,1,2,0,2,1,0,1,1,2,0,3,0,2,1,0,1,2,3,0,0,0,0,1,0,1,1,1,0,0,2,1,1,0,1,1,3,0,0,0,2,0,1,1,0,0,1,1,2,0,0,2,1,4,0,0,0,1,1,0,2,1,0,0,0,0,2,0,1,2,1,0,1,1,2,3,1,2,2,1,1,3,1,1,0,1,2,1,0,3,1,1,0,0,0,2,0,1,0,0,1,1,2,1,1,1,0,2,1,0,1,0,0,1,1,0,0,1,2,2,1,0,0,2,1,0,1,0,2,1,1,0,0,1,1,0,2,1,0,1,1,1,0,0,1,0,0,1,0,2,0,1,3,2,1,4,1,2,0,0,1,2,2,1,2,1,0,1,0,0,2,0,0,2,1,0,1,1,2,3,3,0,1,1,1,0,0,0,1,1,1,1,1,2,0,0,1,1,1,1,0,0,2,1,0,2,3,1,0,3,3,0,1,0,0,3,0,2,1,1,1,0,1,0,0,2,2,0,1,0,3,0,1,0,2,2,2,2,1,1,0,0,1,0,2,0,2,0,0,1,2,2,2,1,1,0,0,1,1,1,1,2,3,2,0,5,0,2,1,2,1,1,2,0,0,0,1,1,0,0,2,1,1,1,0,1,0,1,1,2,2,4,1,0,0,0
Gene587,0,1,3,0,1,3,1,0,2,0,0,1,1,1,1,0,1,0,1,0,0,0,1,0,1,3,1,1,2,0,2,1,2,2,0,2,1,1,2,3,3,1,1,1,1,5,0,0,1,0,2,1,0,1,1,1,0,1,1,0,2,1,2,0,0,1,1,0,2,1,0,0,3,1,0,0,2,4,0,2,3,0,0,0,1,1,1,1,0,2,0,1,0,1,0,1,3,2,1,3,1,0,1,0,0,1,1,0,3,0,0,2,2,2,0,2,1,0,2,1,1,1,0,0,0,1,1,2,2,1,1,1,1,1,2,1,3,1,0,2,2,3,1,2,2,1,1,1,0,1,0,1,2,0,0,0,1,3,1,0,0,4,0,1,1,0,2,2,1,2,0,0,2,0,0,1,0,2,1,0,1,0,1,1,0,1,1,3,0,2,0,0,2,0,1,0,2,3,0,1,0,0,0,1,1,0,3,0,0,0,0,0,2,1,1,2,0,6,3,1,0,0,0,2,2,1,2,1,0,3,0,0,2,3,0,1,1,1,2,1,2,1,1,0,0,2,0,0,0,2,1,1,0,1,2,1,2,0,1,0,0,0,0,1,0,1,1,1,0,1,1,1,1,1,2,3,0,0,0,3,0,2,0,0,0,0,1,1,0,1,0,2,1,2,0,1,1,1,0,0
Gene588,2,0,1,1,3,1,1,0,1,1,2,0,0,1,0,1,3,0,0,0,2,2,0,2,1,3,1,1,2,1,1,1,1,0,0,0,0,1,0,2,0,0,1,0,1,0,1,0,1,2,0,2,1,2,0,2,2,0,0,1,1,0,1,3,0,1,1,1,2,1,1,1,1,3,0,0,1,0,0,1,1,0,0,1,1,1,1,2,3,2,1,0,2,0,1,1,0,0,0,0,0,2,2,1,3,0,0,2,2,1,3,3,2,2,2,1,0,1,1,2,0,1,0,0,0,4,1,1,1,2,0,1,2,0,2,2,0,1,0,1,0,1,1,1,1,1,1,1,0,0,0,1,0,1,1,3,0,0,0,1,3,0,2,0,0,1,1,0,0,1,2,0,1,3,1,2,1,3,1,2,2,1,2,1,2,2,0,0,1,0,2,0,1,0,1,0,2,3,1,3,2,0,1,1,1,1,2,0,0,1,0,5,0,0,1,1,0,1,0,2,1,0,2,0,2,0,3,1,1,2,2,2,1,0,1,1,1,2,0,1,0,1,0,2,0,2,0,0,1,2,2,0,0,1,1,0,1,1,1,1,2,0,0,0,1,0,1,1,2,0,2,2,3,0,0,1,1,0,0,1,1,4,2,2,2,1,1,1,1,0,0,2,1,0,0,0,1,0,1,0
Gene589,0,2,1,0,1,1,2,1,0,0,2,2,2,1,2,0,2,2,5,0,0,3,0,1,0,0,0,2,0,1,1,0,1,1,0,1,3,0,0,1,0,2,3,0,0,1,0,3,1,1,1,3,0,1,1,3,0,3,0,1,0,1,2,2,1,1,0,0,1,3,0,1,1,1,0,1,5,0,0,0,1,2,1,2,0,2,1,1,1,1,0,0,1,1,1,1,1,2,4,0,1,2,2,0,1,0,2,2,0,1,3,2,2,0,1,0,0,3,3,1,0,0,0,3,1,1,0,2,1,2,0,1,0,1,1,0,1,1,0,0,0,0,2,0,0,0,3,0,1,1,1,0,4,3,1,2,0,1,3,0,1,1,1,1,2,3,0,3,2,0,1,1,1,1,1,0,0,0,0,0,0,0,0,2,0,2,0,0,1,1,3,1,1,0,0,1,0,2,2,1,1,0,0,2,4,4,0,1,0,0,3,1,2,2,0,1,1,0,4,0,5,0,1,0,0,2,1,1,1,0,0,0,1,1,2,0,1,1,0,0,0,0,1,1,0,3,0,1,1,3,1,0,2,0,4,1,3,1,2,0,1,2,1,1,0,1,1,2,1,0,1,0,0,0,0,0,2,1,1,0,3,0,2,0,3,2,1,2,2,4,1,0,0,0,0,2,1,1,1,1
Gene590,0,4,1,1,2,0,0,0,0,2,0,0,1,0,2,0,1,0,0,1,1,3,1,0,1,1,1,2,3,0,1,1,0,2,1,3,0,0,2,0,0,3,1,0,1,3,1,0,2,0,1,0,3,1,1,2,0,0,1,1,0,1,0,1,3,3,1,0,3,0,1,0,1,3,1,0,1,0,0,0,0,3,1,1,0,0,1,0,1,1,0,0,0,0,2,0,0,0,3,0,0,2,2,0,1,1,0,1,0,1,0,0,3,2,1,1,2,0,1,2,1,0,0,2,1,2,0,2,2,0,0,1,0,0,1,0,2,0,0,3,0,0,1,1,1,0,1,1,2,1,1,2,1,0,1,2,2,0,0,0,1,1,0,3,2,0,0,0,0,0,1,1,2,1,2,0,2,1,2,1,0,1,0,1,2,0,1,2,0,3,0,1,0,4,1,2,0,0,2,1,0,2,0,2,1,0,1,1,1,1,0,1,1,1,0,1,2,4,3,1,1,0,1,0,2,1,2,1,0,2,4,2,3,1,0,1,0,0,0,1,0,1,1,1,0,0,1,0,2,2,5,0,3,1,0,1,2,1,2,3,0,1,0,0,2,0,0,1,0,0,0,1,1,1,2,0,1,2,2,2,0,0,0,0,0,3,1,1,0,0,0,0,0,1,0,3,1,2,2,1
Gene591,1,1,1,2,1,2,0,2,0,2,0,0,0,2,1,0,0,0,2,0,2,0,1,2,1,0,0,0,0,1,2,0,0,1,0,0,1,0,0,0,3,3,0,0,2,2,1,0,0,2,2,1,1,2,0,0,0,3,2,1,0,3,1,3,0,1,0,0,1,1,0,1,0,0,1,1,2,1,2,0,0,0,1,1,1,0,1,1,3,0,1,0,0,0,2,2,0,1,0,0,0,1,0,1,1,0,0,1,1,0,1,3,1,0,3,2,2,1,2,2,0,3,1,1,1,1,1,0,0,1,2,1,2,1,2,0,2,0,0,4,2,0,0,0,2,2,1,1,1,1,1,0,0,2,0,1,1,0,0,1,0,0,0,2,0,2,1,3,0,2,1,0,1,1,0,0,1,1,0,2,1,2,0,1,0,1,0,3,0,1,1,2,0,0,0,0,0,2,1,0,3,3,0,1,1,0,2,0,0,2,2,2,0,1,1,1,2,0,2,2,0,1,2,0,0,2,1,0,4,4,1,0,2,0,4,1,2,1,0,3,0,1,0,2,0,1,2,1,2,1,0,3,0,4,0,1,2,2,2,2,0,0,1,0,2,1,1,0,1,3,0,2,1,3,1,2,2,0,1,0,1,0,5,1,2,1,1,3,4,0,3,0,3,1,0,1,1,0,0,2
Gene592,0,1,0,2,1,2,1,0,3,0,0,2,1,2,0,2,0,0,1,1,0,1,2,3,1,2,1,0,1,2,0,3,2,1,2,1,0,1,0,1,2,1,1,1,1,0,3,1,3,0,1,3,1,0,1,0,1,3,3,4,0,1,0,2,0,0,2,0,0,2,1,1,1,0,3,1,3,1,4,2,2,1,1,0,0,1,0,1,1,0,1,1,1,1,2,0,1,2,2,2,1,0,2,1,3,2,1,2,4,1,2,0,0,0,0,1,0,0,0,0,0,0,0,0,0,0,1,1,1,3,1,0,2,2,0,2,2,0,0,2,2,1,0,1,4,0,0,0,0,0,1,1,1,1,0,0,2,4,2,0,1,1,0,2,0,1,0,0,1,2,1,0,2,0,1,0,2,1,2,3,1,2,1,0,1,1,0,0,1,2,2,1,1,3,2,2,1,0,1,1,0,1,0,3,3,1,0,1,0,1,2,1,1,0,1,3,1,0,2,4,3,1,1,1,1,0,2,1,4,1,0,0,2,0,1,1,1,2,0,3,0,3,1,3,2,2,1,1,1,4,1,3,0,0,0,0,0,0,1,0,1,1,1,0,1,0,1,1,0,1,0,1,0,1,1,4,1,1,0,0,1,0,1,2,0,1,0,2,0,1,1,2,2,0,3,1,0,1,3,1
Gene593,1,3,2,0,0,0,0,1,0,0,0,0,0,1,2,1,2,0,0,2,1,1,3,1,1,0,0,0,0,0,0,1,0,1,0,1,2,1,0,0,0,0,2,1,0,3,2,1,2,3,3,2,1,0,1,0,0,0,0,0,2,2,3,2,2,1,0,1,3,1,1,0,0,2,2,1,3,0,4,1,0,1,1,1,2,0,1,1,1,1,1,0,1,1,0,1,1,0,1,2,1,2,3,3,1,1,1,1,2,1,1,2,0,1,1,0,0,0,2,1,0,0,1,1,1,4,3,1,2,0,2,1,2,0,0,1,1,2,0,1,1,2,1,0,0,2,2,0,1,0,3,2,0,1,0,0,0,2,0,2,1,0,1,1,1,1,0,1,0,0,0,2,1,3,0,1,0,0,2,0,3,0,1,1,2,2,3,0,0,1,1,0,2,1,1,0,1,0,3,2,2,0,0,0,1,0,0,2,0,1,1,1,1,1,1,3,2,2,0,1,3,1,0,1,1,1,0,0,2,1,1,0,2,1,0,3,4,0,3,1,1,2,3,0,2,0,1,2,1,1,2,0,2,1,0,0,0,0,1,1,1,2,2,3,2,0,1,0,3,1,0,0,1,3,2,0,1,0,0,3,0,0,2,2,0,1,1,0,0,1,1,1,1,0,2,0,2,1,0,1
Gene594,0,1,1,1,2,1,2,2,1,3,0,1,3,2,0,0,1,0,1,1,1,3,2,1,0,0,2,1,3,1,3,2,0,1,1,0,2,1,3,0,1,0,2,2,0,2,2,2,0,1,0,1,2,2,2,1,1,0,1,0,2,2,0,0,2,2,4,0,1,2,0,0,0,0,0,2,3,1,2,2,4,1,0,4,1,0,3,0,2,0,2,0,0,0,1,1,3,1,1,1,1,2,1,1,1,0,0,0,1,0,1,1,1,2,0,1,0,2,1,1,3,0,2,2,2,3,0,1,1,0,0,1,1,5,2,2,0,1,0,2,1,1,3,1,2,0,0,1,1,0,0,1,0,1,0,1,2,0,2,2,3,1,0,1,0,2,0,1,3,1,1,0,0,2,1,0,2,1,0,3,2,2,1,1,0,0,1,2,1,1,1,0,1,1,0,2,3,2,1,1,0,1,1,0,0,1,1,0,3,0,0,0,2,1,0,3,1,1,1,0,0,1,2,2,0,1,1,0,2,0,0,1,0,3,2,1,2,1,0,0,0,1,5,2,1,1,2,0,0,0,0,0,2,2,1,0,1,1,0,3,1,0,2,2,0,0,1,0,1,0,2,1,0,1,0,0,1,1,1,1,2,1,3,2,2,1,1,0,0,0,1,0,2,4,1,1,2,2,0,1
Gene595,0,1,0,0,1,2,1,1,1,2,1,1,1,0,0,2,0,1,2,1,3,1,0,2,1,1,1,3,1,0,2,2,2,1,0,0,1,0,1,2,1,0,0,0,0,0,2,0,0,0,3,2,2,1,2,0,2,3,1,1,0,1,0,1,1,1,0,0,1,1,1,0,2,2,2,1,1,0,0,2,6,0,1,1,3,1,1,0,1,2,3,1,3,0,0,1,3,0,3,1,0,1,1,0,0,0,2,2,1,3,4,0,1,1,2,0,1,0,3,0,2,1,1,0,4,1,1,1,0,1,0,0,0,0,0,1,1,2,1,2,1,2,0,1,0,0,0,3,1,0,1,3,0,0,2,3,2,2,1,1,2,1,2,0,0,0,3,1,2,0,1,3,3,0,0,1,1,2,0,3,0,2,0,0,1,1,1,1,2,1,0,0,1,1,0,0,1,1,0,0,2,0,1,1,3,0,0,0,1,0,2,1,0,2,1,1,1,1,2,0,1,0,1,2,1,1,0,1,3,1,3,1,3,1,3,2,2,0,4,0,0,0,1,0,2,1,2,2,2,0,1,0,4,2,2,2,1,2,2,0,1,1,3,0,0,0,0,3,1,3,0,1,2,0,1,0,3,0,1,0,1,0,2,1,2,2,1,1,2,2,0,0,0,2,1,4,1,1,1,1
Gene596,1,2,1,0,2,1,2,1,0,2,1,1,1,0,0,0,2,0,2,1,2,0,0,0,2,1,0,0,1,1,0,2,1,3,1,0,1,4,0,0,1,2,0,3,1,0,1,1,2,0,0,2,1,3,2,0,0,1,0,0,1,1,2,1,3,1,1,0,0,2,1,1,2,1,2,2,0,1,1,1,4,0,2,0,1,2,3,1,2,2,0,2,0,1,1,1,3,0,0,1,2,1,0,1,1,1,2,0,1,1,2,1,0,1,1,2,0,0,1,1,0,0,0,2,1,3,3,0,1,1,1,1,2,0,0,0,1,2,0,1,1,0,0,1,1,0,1,3,3,2,0,1,1,0,1,2,0,1,2,1,1,1,1,2,0,0,0,1,2,2,5,0,2,0,3,2,0,0,0,0,1,0,1,3,0,0,1,1,1,0,1,4,0,1,0,0,1,0,0,1,0,1,2,2,2,4,2,0,0,0,4,2,0,2,1,0,1,2,0,1,0,3,1,1,2,1,1,1,1,2,2,1,0,2,1,0,1,2,2,1,0,1,1,3,1,1,0,3,1,3,1,1,0,3,0,1,2,0,0,3,2,1,1,0,3,1,1,1,0,2,0,2,1,2,0,1,1,1,0,0,1,3,1,0,0,1,1,1,1,0,1,0,0,1,4,0,1,0,1,0
Gene597,2,0,2,0,0,0,2,1,0,0,1,1,1,2,1,0,2,0,1,0,1,1,0,1,1,0,2,1,1,3,1,0,0,0,0,0,2,2,0,0,1,0,1,1,2,0,1,1,0,0,2,1,4,2,1,0,1,2,0,0,1,1,1,0,0,1,1,0,1,0,0,0,2,0,0,0,0,0,4,2,0,1,0,1,1,0,2,1,1,3,2,1,0,1,0,1,0,2,4,2,3,1,0,1,2,2,2,0,0,0,2,2,1,3,3,1,2,0,0,0,1,1,2,1,1,1,1,1,0,3,1,1,1,0,0,2,2,0,1,0,3,0,1,3,0,2,0,0,1,0,0,0,3,1,0,2,1,2,0,2,1,0,2,0,1,0,1,1,0,2,0,0,1,1,0,0,1,2,0,4,1,1,0,2,1,1,1,2,1,0,1,1,1,2,0,0,3,0,3,2,0,2,3,3,0,1,0,2,2,1,1,2,0,1,0,0,1,0,0,2,1,0,2,2,3,1,0,0,1,4,0,0,1,1,0,1,0,2,2,2,1,0,1,3,0,2,2,0,0,1,1,1,1,0,1,2,0,0,1,2,2,0,2,0,0,1,0,1,2,2,2,2,0,0,0,0,0,3,0,1,0,0,1,0,1,3,0,3,2,0,1,3,0,0,5,1,1,1,1,1
Gene598,0,2,0,2,0,0,3,1,1,0,1,0,1,2,0,1,1,2,1,0,0,0,3,0,1,1,3,2,2,2,0,1,0,1,1,0,0,1,2,2,0,0,0,2,0,2,0,2,0,1,2,1,2,2,0,1,1,0,1,0,2,1,0,0,2,1,2,0,0,2,1,1,1,1,1,0,1,1,1,0,0,0,1,0,1,1,1,0,0,1,2,1,2,1,2,1,1,1,2,2,4,2,1,1,1,1,2,1,0,4,1,1,0,2,3,0,1,1,1,2,0,5,0,0,0,2,2,1,1,1,0,2,0,1,1,1,1,2,1,0,1,2,1,1,0,0,1,0,0,1,2,2,1,2,0,0,0,0,0,0,1,1,3,1,2,1,2,1,1,1,0,0,1,2,1,1,2,1,1,1,1,1,0,3,2,0,0,1,0,2,0,0,2,2,0,0,1,3,0,1,2,1,1,0,0,1,0,2,0,1,3,0,1,1,2,2,0,2,0,0,0,0,1,3,0,1,5,1,0,1,1,2,0,1,2,1,2,1,2,1,0,2,1,1,0,1,2,0,1,0,4,2,1,1,0,0,2,1,3,3,0,2,0,0,1,2,0,1,2,3,2,3,1,0,0,0,2,0,2,0,5,1,1,0,0,0,1,0,3,3,0,1,4,0,1,1,0,1,1,4
Gene599,2,0,0,1,1,0,3,0,1,0,1,1,1,1,2,0,0,0,1,1,1,0,0,0,1,2,1,1,0,0,2,1,0,0,2,1,1,1,1,2,3,1,0,0,1,2,0,1,2,1,0,0,2,2,1,1,2,1,1,0,0,0,2,1,0,0,2,1,2,1,1,0,1,0,1,0,1,3,1,2,3,0,4,1,0,1,0,0,0,1,1,1,1,0,0,1,0,1,2,2,2,2,2,2,1,2,3,3,0,1,0,4,1,2,2,0,1,0,0,2,1,0,3,1,2,3,2,1,3,2,0,1,0,1,3,0,2,4,0,0,1,2,2,1,0,0,2,2,0,0,1,0,2,0,1,0,1,1,0,1,0,1,3,1,0,1,0,1,0,0,1,1,3,0,0,1,2,1,1,0,2,1,0,1,1,0,1,0,3,0,1,1,0,1,1,0,1,0,2,0,2,0,0,2,3,0,3,0,1,0,1,1,1,1,1,0,0,0,0,1,1,4,1,0,0,2,1,3,1,1,1,1,1,2,0,1,1,2,1,0,0,1,1,1,1,1,2,4,0,1,4,2,1,1,0,1,3,0,1,1,1,0,1,0,0,1,2,1,1,2,0,1,0,3,1,1,1,3,1,3,4,1,1,1,1,3,0,1,1,2,0,0,1,1,2,0,1,0,2,0
Gene600,2,1,2,3,4,2,4,4,2,2,2,2,1,1,0,0,1,2,3,0,2,0,2,1,1,1,1,2,0,0,0,0,3,3,3,1,3,0,1,2,1,1,0,0,1,1,5,1,1,2,0,1,2,0,0,0,3,1,1,2,0,0,0,1,2,1,1,3,2,2,0,4,1,1,3,2,2,0,0,1,2,0,0,1,2,3,1,0,2,1,1,0,1,0,1,1,1,1,1,0,0,0,0,2,2,1,2,0,2,0,0,0,0,0,0,4,1,1,1,2,1,0,2,1,2,3,0,0,0,1,0,0,2,0,2,0,2,2,0,2,2,2,1,0,0,0,0,2,0,0,0,0,1,0,0,1,1,4,1,1,1,0,2,0,1,0,1,0,0,1,0,2,1,1,1,1,3,0,1,1,1,1,1,1,0,0,5,2,1,0,0,1,4,0,1,1,1,0,2,0,3,0,1,0,2,1,0,0,0,4,3,2,1,1,0,0,3,1,0,0,2,1,1,0,3,1,2,0,1,0,0,0,1,0,1,2,1,1,2,1,1,1,0,2,1,1,0,0,2,0,1,0,0,1,1,0,0,0,4,2,0,2,1,0,1,1,1,0,1,1,2,0,0,0,0,1,0,0,1,3,1,1,2,3,0,3,1,0,1,0,0,3,1,1,0,2,0,0,0,0
